quality_event_id,event_date,event_timestamp,production_lot_id,factory_id,line_id,product_id,component_id,supplier_id,component_lot_id,defect_id,inspection_stage,event_quantity,is_first_pass_failure,is_rework,is_scrap,disposition
QEV-000000001,2026-01-01,2026-01-01T12:00:00,PLOT-00000001,FAC-TW,LINE-TW-01,PROD-C100,COMP-MAIN,SUP-A,CLOT-A-AIN-20260101,DEF-FUNC,test,1,True,True,False,rework
QEV-000000002,2026-01-01,2026-01-01T12:00:00,PLOT-00000002,FAC-TW,LINE-TW-02,PROD-C100,COMP-PWR,SUP-F,CLOT-F-PWR-20260101,DEF-VOLT,test,1,True,False,False,fail
QEV-000000003,2026-01-01,2026-01-01T12:00:00,PLOT-00000003,FAC-MX,LINE-MX-01,PROD-X100,COMP-STOR,SUP-B,CLOT-B-TOR-20260101,DEF-CONN,in_process,1,True,False,False,fail
QEV-000000004,2026-01-01,2026-01-01T12:00:00,PLOT-00000004,FAC-MX,LINE-MX-02,PROD-X200,COMP-NET,SUP-B,CLOT-B-NET-20260101,DEF-ASSY,in_process,1,True,False,False,fail
QEV-000000005,2026-01-01,2026-01-01T12:00:00,PLOT-00000004,FAC-MX,LINE-MX-02,PROD-X200,COMP-PWR,SUP-A,CLOT-A-PWR-20260101,DEF-FUNC,test,1,True,True,False,rework
QEV-000000006,2026-01-01,2026-01-01T12:00:00,PLOT-00000004,FAC-MX,LINE-MX-02,PROD-X200,COMP-PWR,SUP-E,CLOT-E-PWR-20260101,DEF-FUNC,test,1,True,True,False,rework
QEV-000000007,2026-01-01,2026-01-01T12:00:00,PLOT-00000005,FAC-MY,LINE-MY-01,PROD-X100,COMP-NET,SUP-E,CLOT-E-NET-20260101,DEF-FUNC,test,1,True,True,False,rework
QEV-000000008,2026-01-02,2026-01-02T12:00:00,PLOT-00000006,FAC-TW,LINE-TW-01,PROD-X100,COMP-MAIN,SUP-H,CLOT-H-AIN-20260102,DEF-FUNC,test,1,True,False,False,fail
QEV-000000009,2026-01-02,2026-01-02T12:00:00,PLOT-00000007,FAC-TW,LINE-TW-02,PROD-X100,COMP-COOL,SUP-B,CLOT-B-OOL-20260102,DEF-THERM,test,1,True,True,False,rework
QEV-000000010,2026-01-02,2026-01-02T12:00:00,PLOT-00000009,FAC-MX,LINE-MX-02,PROD-X100,COMP-MAIN,SUP-H,CLOT-H-AIN-20260102,DEF-VOLT,test,1,True,True,False,rework
QEV-000000011,2026-01-02,2026-01-02T12:00:00,PLOT-00000009,FAC-MX,LINE-MX-02,PROD-X100,COMP-MEM,SUP-A,CLOT-A-MEM-20260102,DEF-MEM,test,1,True,True,False,rework
QEV-000000012,2026-01-02,2026-01-02T12:00:00,PLOT-00000010,FAC-MY,LINE-MY-01,PROD-N100,COMP-NET,SUP-D,CLOT-D-NET-20260102,DEF-ASSY,in_process,1,True,True,False,rework
QEV-000000013,2026-01-03,2026-01-03T12:00:00,PLOT-00000011,FAC-TW,LINE-TW-01,PROD-X100,COMP-MEM,SUP-A,CLOT-A-MEM-20260103,DEF-MEM,test,1,True,False,False,fail
QEV-000000014,2026-01-03,2026-01-03T12:00:00,PLOT-00000011,FAC-TW,LINE-TW-01,PROD-X100,COMP-STOR,SUP-E,CLOT-E-TOR-20260103,DEF-ASSY,in_process,1,True,True,False,rework
QEV-000000015,2026-01-03,2026-01-03T12:00:00,PLOT-00000013,FAC-MX,LINE-MX-01,PROD-C100,COMP-COOL,SUP-B,CLOT-B-OOL-20260103,DEF-THERM,test,1,True,False,False,fail
QEV-000000016,2026-01-03,2026-01-03T12:00:00,PLOT-00000013,FAC-MX,LINE-MX-01,PROD-C100,COMP-COOL,SUP-F,CLOT-F-OOL-20260103,DEF-THERM,test,1,True,True,False,rework
QEV-000000017,2026-01-03,2026-01-03T12:00:00,PLOT-00000013,FAC-MX,LINE-MX-01,PROD-C100,COMP-MEM,SUP-C,CLOT-C-MEM-20260103,DEF-CONN,in_process,1,True,False,False,fail
QEV-000000018,2026-01-03,2026-01-03T12:00:00,PLOT-00000014,FAC-MX,LINE-MX-02,PROD-C100,COMP-MEM,SUP-C,CLOT-C-MEM-20260103,DEF-MEM,test,1,True,False,True,scrap
QEV-000000019,2026-01-03,2026-01-03T12:00:00,PLOT-00000015,FAC-MY,LINE-MY-01,PROD-X200,COMP-PWR,SUP-H,CLOT-H-PWR-20260103,DEF-VOLT,test,1,True,False,True,scrap
QEV-000000020,2026-01-04,2026-01-04T12:00:00,PLOT-00000016,FAC-TW,LINE-TW-01,PROD-S100,COMP-MAIN,SUP-C,CLOT-C-AIN-20260104,DEF-VOLT,test,1,True,True,False,rework
QEV-000000021,2026-01-04,2026-01-04T12:00:00,PLOT-00000016,FAC-TW,LINE-TW-01,PROD-S100,COMP-PWR,SUP-A,CLOT-A-PWR-20260104,DEF-CONN,in_process,1,True,True,False,rework
QEV-000000022,2026-01-04,2026-01-04T12:00:00,PLOT-00000017,FAC-TW,LINE-TW-02,PROD-X100,COMP-STOR,SUP-A,CLOT-A-TOR-20260104,DEF-CONN,in_process,1,True,True,False,rework
QEV-000000023,2026-01-04,2026-01-04T12:00:00,PLOT-00000018,FAC-MX,LINE-MX-01,PROD-X100,COMP-PWR,SUP-F,CLOT-F-PWR-20260104,DEF-FUNC,test,1,True,False,False,fail
QEV-000000024,2026-01-04,2026-01-04T12:00:00,PLOT-00000018,FAC-MX,LINE-MX-01,PROD-X100,COMP-STOR,SUP-D,CLOT-D-TOR-20260104,DEF-FUNC,test,1,True,True,False,rework
QEV-000000025,2026-01-04,2026-01-04T12:00:00,PLOT-00000020,FAC-MY,LINE-MY-01,PROD-N100,COMP-PWR,SUP-B,CLOT-B-PWR-20260104,DEF-VOLT,test,1,True,False,False,fail
QEV-000000026,2026-01-05,2026-01-05T12:00:00,PLOT-00000021,FAC-TW,LINE-TW-01,PROD-X100,COMP-NET,SUP-B,CLOT-B-NET-20260105,DEF-CONN,in_process,1,True,False,False,fail
QEV-000000027,2026-01-05,2026-01-05T12:00:00,PLOT-00000023,FAC-MX,LINE-MX-01,PROD-N100,COMP-COOL,SUP-C,CLOT-C-OOL-20260105,DEF-FUNC,test,1,True,True,False,rework
QEV-000000028,2026-01-05,2026-01-05T12:00:00,PLOT-00000023,FAC-MX,LINE-MX-01,PROD-N100,COMP-MAIN,SUP-A,CLOT-A-AIN-20260105,DEF-FUNC,test,1,True,True,False,rework
QEV-000000029,2026-01-05,2026-01-05T12:00:00,PLOT-00000023,FAC-MX,LINE-MX-01,PROD-N100,COMP-NET,SUP-B,CLOT-B-NET-20260105,DEF-CONN,in_process,1,True,False,False,fail
QEV-000000030,2026-01-05,2026-01-05T12:00:00,PLOT-00000023,FAC-MX,LINE-MX-01,PROD-N100,COMP-STOR,SUP-D,CLOT-D-TOR-20260105,DEF-FUNC,test,1,True,True,False,rework
QEV-000000031,2026-01-05,2026-01-05T12:00:00,PLOT-00000024,FAC-MX,LINE-MX-02,PROD-N100,COMP-MEM,SUP-F,CLOT-F-MEM-20260105,DEF-MEM,test,1,True,False,False,fail
QEV-000000032,2026-01-05,2026-01-05T12:00:00,PLOT-00000024,FAC-MX,LINE-MX-02,PROD-N100,COMP-PWR,SUP-B,CLOT-B-PWR-20260105,DEF-VOLT,test,1,True,True,False,rework
QEV-000000033,2026-01-05,2026-01-05T12:00:00,PLOT-00000024,FAC-MX,LINE-MX-02,PROD-N100,COMP-STOR,SUP-B,CLOT-B-TOR-20260105,DEF-CONN,in_process,1,True,False,False,fail
QEV-000000034,2026-01-05,2026-01-05T12:00:00,PLOT-00000025,FAC-MY,LINE-MY-01,PROD-C100,COMP-MAIN,SUP-B,CLOT-B-AIN-20260105,DEF-FUNC,test,1,True,True,False,rework
QEV-000000035,2026-01-06,2026-01-06T12:00:00,PLOT-00000027,FAC-TW,LINE-TW-02,PROD-N100,COMP-MAIN,SUP-F,CLOT-F-AIN-20260106,DEF-FUNC,test,1,True,True,False,rework
QEV-000000036,2026-01-06,2026-01-06T12:00:00,PLOT-00000029,FAC-MX,LINE-MX-02,PROD-X100,COMP-MAIN,SUP-C,CLOT-C-AIN-20260106,DEF-FUNC,test,1,True,False,False,fail
QEV-000000037,2026-01-06,2026-01-06T12:00:00,PLOT-00000029,FAC-MX,LINE-MX-02,PROD-X100,COMP-MAIN,SUP-C,CLOT-C-AIN-20260106,DEF-VOLT,test,1,True,True,False,rework
QEV-000000038,2026-01-06,2026-01-06T12:00:00,PLOT-00000030,FAC-MY,LINE-MY-01,PROD-N100,COMP-MAIN,SUP-D,CLOT-D-AIN-20260106,DEF-FUNC,test,1,True,False,False,fail
QEV-000000039,2026-01-06,2026-01-06T12:00:00,PLOT-00000030,FAC-MY,LINE-MY-01,PROD-N100,COMP-STOR,SUP-C,CLOT-C-TOR-20260106,DEF-FUNC,test,1,True,True,False,rework
QEV-000000040,2026-01-06,2026-01-06T12:00:00,PLOT-00000030,FAC-MY,LINE-MY-01,PROD-N100,COMP-STOR,SUP-D,CLOT-D-TOR-20260106,DEF-FUNC,test,1,True,True,False,rework
QEV-000000041,2026-01-07,2026-01-07T12:00:00,PLOT-00000033,FAC-MX,LINE-MX-01,PROD-C100,COMP-MAIN,SUP-A,CLOT-A-AIN-20260107,DEF-FUNC,test,1,True,False,False,fail
QEV-000000042,2026-01-07,2026-01-07T12:00:00,PLOT-00000033,FAC-MX,LINE-MX-01,PROD-C100,COMP-MAIN,SUP-C,CLOT-C-AIN-20260107,DEF-FUNC,test,1,True,False,False,fail
QEV-000000043,2026-01-07,2026-01-07T12:00:00,PLOT-00000034,FAC-MX,LINE-MX-02,PROD-X100,COMP-MAIN,SUP-F,CLOT-F-AIN-20260107,DEF-VOLT,test,1,True,True,False,rework
QEV-000000044,2026-01-07,2026-01-07T12:00:00,PLOT-00000034,FAC-MX,LINE-MX-02,PROD-X100,COMP-MEM,SUP-G,CLOT-G-MEM-20260107,DEF-CONN,in_process,1,True,True,False,rework
QEV-000000045,2026-01-07,2026-01-07T12:00:00,PLOT-00000034,FAC-MX,LINE-MX-02,PROD-X100,COMP-STOR,SUP-F,CLOT-F-TOR-20260107,DEF-CONN,in_process,1,True,True,False,rework
QEV-000000046,2026-01-08,2026-01-08T12:00:00,PLOT-00000037,FAC-TW,LINE-TW-02,PROD-X100,COMP-MAIN,SUP-G,CLOT-G-AIN-20260108,DEF-FUNC,test,1,True,True,False,rework
QEV-000000047,2026-01-08,2026-01-08T12:00:00,PLOT-00000037,FAC-TW,LINE-TW-02,PROD-X100,COMP-MEM,SUP-A,CLOT-A-MEM-20260108,DEF-FUNC,test,1,True,False,False,fail
QEV-000000048,2026-01-08,2026-01-08T12:00:00,PLOT-00000037,FAC-TW,LINE-TW-02,PROD-X100,COMP-STOR,SUP-C,CLOT-C-TOR-20260108,DEF-ASSY,in_process,1,True,True,False,rework
QEV-000000049,2026-01-08,2026-01-08T12:00:00,PLOT-00000038,FAC-MX,LINE-MX-01,PROD-C100,COMP-MAIN,SUP-H,CLOT-H-AIN-20260108,DEF-VOLT,test,1,True,False,False,fail
QEV-000000050,2026-01-08,2026-01-08T12:00:00,PLOT-00000038,FAC-MX,LINE-MX-01,PROD-C100,COMP-PWR,SUP-G,CLOT-G-PWR-20260108,DEF-VOLT,test,1,True,True,False,rework
QEV-000000051,2026-01-08,2026-01-08T12:00:00,PLOT-00000038,FAC-MX,LINE-MX-01,PROD-C100,COMP-STOR,SUP-D,CLOT-D-TOR-20260108,DEF-CONN,in_process,1,True,True,False,rework
QEV-000000052,2026-01-08,2026-01-08T12:00:00,PLOT-00000039,FAC-MX,LINE-MX-02,PROD-C100,COMP-PWR,SUP-A,CLOT-A-PWR-20260108,DEF-VOLT,test,1,True,True,False,rework
QEV-000000053,2026-01-09,2026-01-09T12:00:00,PLOT-00000041,FAC-TW,LINE-TW-01,PROD-N100,COMP-PWR,SUP-A,CLOT-A-PWR-20260109,DEF-VOLT,test,1,True,False,False,fail
QEV-000000054,2026-01-09,2026-01-09T12:00:00,PLOT-00000041,FAC-TW,LINE-TW-01,PROD-N100,COMP-PWR,SUP-B,CLOT-B-PWR-20260109,DEF-VOLT,test,1,True,False,True,scrap
QEV-000000055,2026-01-09,2026-01-09T12:00:00,PLOT-00000042,FAC-TW,LINE-TW-02,PROD-X100,COMP-MAIN,SUP-H,CLOT-H-AIN-20260109,DEF-VOLT,test,1,True,True,False,rework
QEV-000000056,2026-01-09,2026-01-09T12:00:00,PLOT-00000042,FAC-TW,LINE-TW-02,PROD-X100,COMP-PWR,SUP-F,CLOT-F-PWR-20260109,DEF-VOLT,test,1,True,True,False,rework
QEV-000000057,2026-01-09,2026-01-09T12:00:00,PLOT-00000043,FAC-MX,LINE-MX-01,PROD-S100,COMP-MEM,SUP-A,CLOT-A-MEM-20260109,DEF-MEM,test,1,True,True,False,rework
QEV-000000058,2026-01-09,2026-01-09T12:00:00,PLOT-00000043,FAC-MX,LINE-MX-01,PROD-S100,COMP-STOR,SUP-E,CLOT-E-TOR-20260109,DEF-FUNC,test,1,True,False,False,fail
QEV-000000059,2026-01-09,2026-01-09T12:00:00,PLOT-00000044,FAC-MX,LINE-MX-02,PROD-N100,COMP-NET,SUP-G,CLOT-G-NET-20260109,DEF-FUNC,test,1,True,True,False,rework
QEV-000000060,2026-01-09,2026-01-09T12:00:00,PLOT-00000044,FAC-MX,LINE-MX-02,PROD-N100,COMP-PWR,SUP-G,CLOT-G-PWR-20260109,DEF-VOLT,test,1,True,True,False,rework
QEV-000000061,2026-01-09,2026-01-09T12:00:00,PLOT-00000044,FAC-MX,LINE-MX-02,PROD-N100,COMP-STOR,SUP-C,CLOT-C-TOR-20260109,DEF-ASSY,in_process,1,True,True,False,rework
QEV-000000062,2026-01-09,2026-01-09T12:00:00,PLOT-00000045,FAC-MY,LINE-MY-01,PROD-X100,COMP-NET,SUP-C,CLOT-C-NET-20260109,DEF-CONN,in_process,1,True,True,False,rework
QEV-000000063,2026-01-10,2026-01-10T12:00:00,PLOT-00000046,FAC-TW,LINE-TW-01,PROD-X200,COMP-COOL,SUP-C,CLOT-C-OOL-20260110,DEF-THERM,test,1,True,False,True,scrap
QEV-000000064,2026-01-10,2026-01-10T12:00:00,PLOT-00000048,FAC-MX,LINE-MX-01,PROD-X100,COMP-PWR,SUP-C,CLOT-C-PWR-20260110,DEF-CONN,in_process,1,True,True,False,rework
QEV-000000065,2026-01-10,2026-01-10T12:00:00,PLOT-00000048,FAC-MX,LINE-MX-01,PROD-X100,COMP-PWR,SUP-G,CLOT-G-PWR-20260110,DEF-VOLT,test,1,True,False,True,scrap
QEV-000000066,2026-01-10,2026-01-10T12:00:00,PLOT-00000049,FAC-MX,LINE-MX-02,PROD-X200,COMP-NET,SUP-A,CLOT-A-NET-20260110,DEF-FUNC,test,1,True,True,False,rework
QEV-000000067,2026-01-10,2026-01-10T12:00:00,PLOT-00000049,FAC-MX,LINE-MX-02,PROD-X200,COMP-PWR,SUP-B,CLOT-B-PWR-20260110,DEF-VOLT,test,1,True,False,False,fail
QEV-000000068,2026-01-10,2026-01-10T12:00:00,PLOT-00000050,FAC-MY,LINE-MY-01,PROD-C100,COMP-PWR,SUP-D,CLOT-D-PWR-20260110,DEF-FUNC,test,1,True,False,False,fail
QEV-000000069,2026-01-11,2026-01-11T12:00:00,PLOT-00000051,FAC-TW,LINE-TW-01,PROD-X200,COMP-MEM,SUP-C,CLOT-C-MEM-20260111,DEF-MEM,test,1,True,True,False,rework
QEV-000000070,2026-01-11,2026-01-11T12:00:00,PLOT-00000051,FAC-TW,LINE-TW-01,PROD-X200,COMP-PWR,SUP-G,CLOT-G-PWR-20260111,DEF-VOLT,test,1,True,False,False,fail
QEV-000000071,2026-01-11,2026-01-11T12:00:00,PLOT-00000053,FAC-MX,LINE-MX-01,PROD-X200,COMP-MAIN,SUP-D,CLOT-D-AIN-20260111,DEF-VOLT,test,1,True,True,False,rework
QEV-000000072,2026-01-11,2026-01-11T12:00:00,PLOT-00000054,FAC-MX,LINE-MX-02,PROD-C100,COMP-MAIN,SUP-G,CLOT-G-AIN-20260111,DEF-VOLT,test,1,True,False,True,scrap
QEV-000000073,2026-01-11,2026-01-11T12:00:00,PLOT-00000054,FAC-MX,LINE-MX-02,PROD-C100,COMP-MAIN,SUP-H,CLOT-H-AIN-20260111,DEF-VOLT,test,1,True,False,False,fail
QEV-000000074,2026-01-11,2026-01-11T12:00:00,PLOT-00000054,FAC-MX,LINE-MX-02,PROD-C100,COMP-PWR,SUP-G,CLOT-G-PWR-20260111,DEF-VOLT,test,1,True,True,False,rework
QEV-000000075,2026-01-11,2026-01-11T12:00:00,PLOT-00000055,FAC-MY,LINE-MY-01,PROD-X100,COMP-NET,SUP-F,CLOT-F-NET-20260111,DEF-ASSY,in_process,1,True,False,False,fail
QEV-000000076,2026-01-12,2026-01-12T12:00:00,PLOT-00000057,FAC-TW,LINE-TW-02,PROD-C100,COMP-NET,SUP-A,CLOT-A-NET-20260112,DEF-ASSY,in_process,1,True,False,False,fail
QEV-000000077,2026-01-12,2026-01-12T12:00:00,PLOT-00000058,FAC-MX,LINE-MX-01,PROD-X100,COMP-COOL,SUP-A,CLOT-A-OOL-20260112,DEF-THERM,test,1,True,True,False,rework
QEV-000000078,2026-01-12,2026-01-12T12:00:00,PLOT-00000058,FAC-MX,LINE-MX-01,PROD-X100,COMP-NET,SUP-C,CLOT-C-NET-20260112,DEF-CONN,in_process,1,True,False,False,fail
QEV-000000079,2026-01-12,2026-01-12T12:00:00,PLOT-00000058,FAC-MX,LINE-MX-01,PROD-X100,COMP-PWR,SUP-G,CLOT-G-PWR-20260112,DEF-FUNC,test,1,True,False,True,scrap
QEV-000000080,2026-01-12,2026-01-12T12:00:00,PLOT-00000059,FAC-MX,LINE-MX-02,PROD-X200,COMP-NET,SUP-E,CLOT-E-NET-20260112,DEF-FUNC,test,1,True,False,False,fail
QEV-000000081,2026-01-12,2026-01-12T12:00:00,PLOT-00000059,FAC-MX,LINE-MX-02,PROD-X200,COMP-STOR,SUP-G,CLOT-G-TOR-20260112,DEF-FUNC,test,1,True,True,False,rework
QEV-000000082,2026-01-13,2026-01-13T12:00:00,PLOT-00000062,FAC-TW,LINE-TW-02,PROD-C100,COMP-PWR,SUP-H,CLOT-H-PWR-20260113,DEF-VOLT,test,1,True,False,True,scrap
QEV-000000083,2026-01-13,2026-01-13T12:00:00,PLOT-00000063,FAC-MX,LINE-MX-01,PROD-C100,COMP-PWR,SUP-H,CLOT-H-PWR-20260113,DEF-FUNC,test,1,True,True,False,rework
QEV-000000084,2026-01-13,2026-01-13T12:00:00,PLOT-00000064,FAC-MX,LINE-MX-02,PROD-X100,COMP-MEM,SUP-G,CLOT-G-MEM-20260113,DEF-MEM,test,1,True,True,False,rework
QEV-000000085,2026-01-14,2026-01-14T12:00:00,PLOT-00000067,FAC-TW,LINE-TW-02,PROD-S100,COMP-COOL,SUP-D,CLOT-D-OOL-20260114,DEF-THERM,test,1,True,False,False,fail
QEV-000000086,2026-01-14,2026-01-14T12:00:00,PLOT-00000068,FAC-MX,LINE-MX-01,PROD-X200,COMP-COOL,SUP-B,CLOT-B-OOL-20260114,DEF-THERM,test,1,True,False,True,scrap
QEV-000000087,2026-01-14,2026-01-14T12:00:00,PLOT-00000068,FAC-MX,LINE-MX-01,PROD-X200,COMP-PWR,SUP-B,CLOT-B-PWR-20260114,DEF-VOLT,test,1,True,True,False,rework
QEV-000000088,2026-01-14,2026-01-14T12:00:00,PLOT-00000069,FAC-MX,LINE-MX-02,PROD-N100,COMP-NET,SUP-F,CLOT-F-NET-20260114,DEF-CONN,in_process,1,True,False,False,fail
QEV-000000089,2026-01-14,2026-01-14T12:00:00,PLOT-00000070,FAC-MY,LINE-MY-01,PROD-S100,COMP-MAIN,SUP-F,CLOT-F-AIN-20260114,DEF-VOLT,test,1,True,True,False,rework
QEV-000000090,2026-01-14,2026-01-14T12:00:00,PLOT-00000070,FAC-MY,LINE-MY-01,PROD-S100,COMP-PWR,SUP-B,CLOT-B-PWR-20260114,DEF-FUNC,test,1,True,False,False,fail
QEV-000000091,2026-01-15,2026-01-15T12:00:00,PLOT-00000072,FAC-TW,LINE-TW-02,PROD-X200,COMP-PWR,SUP-F,CLOT-F-PWR-20260115,DEF-CONN,in_process,1,True,False,False,fail
QEV-000000092,2026-01-15,2026-01-15T12:00:00,PLOT-00000073,FAC-MX,LINE-MX-01,PROD-X200,COMP-MEM,SUP-E,CLOT-E-MEM-20260115,DEF-MEM,test,1,True,True,False,rework
QEV-000000093,2026-01-15,2026-01-15T12:00:00,PLOT-00000074,FAC-MX,LINE-MX-02,PROD-S100,COMP-MAIN,SUP-A,CLOT-A-AIN-20260115,DEF-FUNC,test,1,True,True,False,rework
QEV-000000094,2026-01-15,2026-01-15T12:00:00,PLOT-00000074,FAC-MX,LINE-MX-02,PROD-S100,COMP-MEM,SUP-F,CLOT-F-MEM-20260115,DEF-FUNC,test,1,True,True,False,rework
QEV-000000095,2026-01-15,2026-01-15T12:00:00,PLOT-00000075,FAC-MY,LINE-MY-01,PROD-X200,COMP-PWR,SUP-E,CLOT-E-PWR-20260115,DEF-CONN,in_process,1,True,True,False,rework
QEV-000000096,2026-01-16,2026-01-16T12:00:00,PLOT-00000077,FAC-TW,LINE-TW-02,PROD-N100,COMP-COOL,SUP-F,CLOT-F-OOL-20260116,DEF-FUNC,test,1,True,False,False,fail
QEV-000000097,2026-01-16,2026-01-16T12:00:00,PLOT-00000077,FAC-TW,LINE-TW-02,PROD-N100,COMP-PWR,SUP-G,CLOT-G-PWR-20260116,DEF-VOLT,test,1,True,False,False,fail
QEV-000000098,2026-01-16,2026-01-16T12:00:00,PLOT-00000079,FAC-MX,LINE-MX-02,PROD-N100,COMP-NET,SUP-D,CLOT-D-NET-20260116,DEF-FUNC,test,1,True,False,False,fail
QEV-000000099,2026-01-16,2026-01-16T12:00:00,PLOT-00000080,FAC-MY,LINE-MY-01,PROD-X100,COMP-NET,SUP-C,CLOT-C-NET-20260116,DEF-FUNC,test,1,True,True,False,rework
QEV-000000100,2026-01-17,2026-01-17T12:00:00,PLOT-00000081,FAC-TW,LINE-TW-01,PROD-N100,COMP-COOL,SUP-G,CLOT-G-OOL-20260117,DEF-THERM,test,1,True,False,False,fail
QEV-000000101,2026-01-17,2026-01-17T12:00:00,PLOT-00000082,FAC-TW,LINE-TW-02,PROD-N100,COMP-PWR,SUP-G,CLOT-G-PWR-20260117,DEF-VOLT,test,1,True,False,False,fail
QEV-000000102,2026-01-17,2026-01-17T12:00:00,PLOT-00000083,FAC-MX,LINE-MX-01,PROD-X200,COMP-COOL,SUP-D,CLOT-D-OOL-20260117,DEF-THERM,test,1,True,False,False,fail
QEV-000000103,2026-01-17,2026-01-17T12:00:00,PLOT-00000083,FAC-MX,LINE-MX-01,PROD-X200,COMP-MEM,SUP-H,CLOT-H-MEM-20260117,DEF-MEM,test,1,True,False,False,fail
QEV-000000104,2026-01-17,2026-01-17T12:00:00,PLOT-00000083,FAC-MX,LINE-MX-01,PROD-X200,COMP-PWR,SUP-A,CLOT-A-PWR-20260117,DEF-VOLT,test,1,True,False,False,fail
QEV-000000105,2026-01-17,2026-01-17T12:00:00,PLOT-00000083,FAC-MX,LINE-MX-01,PROD-X200,COMP-PWR,SUP-D,CLOT-D-PWR-20260117,DEF-FUNC,test,1,True,False,True,scrap
QEV-000000106,2026-01-17,2026-01-17T12:00:00,PLOT-00000083,FAC-MX,LINE-MX-01,PROD-X200,COMP-STOR,SUP-G,CLOT-G-TOR-20260117,DEF-FUNC,test,1,True,True,False,rework
QEV-000000107,2026-01-17,2026-01-17T12:00:00,PLOT-00000084,FAC-MX,LINE-MX-02,PROD-X100,COMP-MAIN,SUP-C,CLOT-C-AIN-20260117,DEF-FUNC,test,1,True,True,False,rework
QEV-000000108,2026-01-17,2026-01-17T12:00:00,PLOT-00000084,FAC-MX,LINE-MX-02,PROD-X100,COMP-PWR,SUP-F,CLOT-F-PWR-20260117,DEF-VOLT,test,1,True,True,False,rework
QEV-000000109,2026-01-17,2026-01-17T12:00:00,PLOT-00000085,FAC-MY,LINE-MY-01,PROD-S100,COMP-COOL,SUP-F,CLOT-F-OOL-20260117,DEF-THERM,test,1,True,True,False,rework
QEV-000000110,2026-01-17,2026-01-17T12:00:00,PLOT-00000085,FAC-MY,LINE-MY-01,PROD-S100,COMP-MAIN,SUP-E,CLOT-E-AIN-20260117,DEF-FUNC,test,1,True,True,False,rework
QEV-000000111,2026-01-17,2026-01-17T12:00:00,PLOT-00000085,FAC-MY,LINE-MY-01,PROD-S100,COMP-PWR,SUP-B,CLOT-B-PWR-20260117,DEF-VOLT,test,1,True,True,False,rework
QEV-000000112,2026-01-17,2026-01-17T12:00:00,PLOT-00000085,FAC-MY,LINE-MY-01,PROD-S100,COMP-STOR,SUP-B,CLOT-B-TOR-20260117,DEF-ASSY,in_process,1,True,False,False,fail
QEV-000000113,2026-01-18,2026-01-18T12:00:00,PLOT-00000086,FAC-TW,LINE-TW-01,PROD-S100,COMP-MEM,SUP-C,CLOT-C-MEM-20260118,DEF-CONN,in_process,1,True,True,False,rework
QEV-000000114,2026-01-18,2026-01-18T12:00:00,PLOT-00000087,FAC-TW,LINE-TW-02,PROD-N100,COMP-COOL,SUP-B,CLOT-B-OOL-20260118,DEF-FUNC,test,1,True,True,False,rework
QEV-000000115,2026-01-18,2026-01-18T12:00:00,PLOT-00000087,FAC-TW,LINE-TW-02,PROD-N100,COMP-PWR,SUP-D,CLOT-D-PWR-20260118,DEF-VOLT,test,1,True,False,False,fail
QEV-000000116,2026-01-18,2026-01-18T12:00:00,PLOT-00000088,FAC-MX,LINE-MX-01,PROD-C100,COMP-COOL,SUP-A,CLOT-A-OOL-20260118,DEF-FUNC,test,1,True,False,True,scrap
QEV-000000117,2026-01-18,2026-01-18T12:00:00,PLOT-00000088,FAC-MX,LINE-MX-01,PROD-C100,COMP-MEM,SUP-H,CLOT-H-MEM-20260118,DEF-FUNC,test,1,True,True,False,rework
QEV-000000118,2026-01-18,2026-01-18T12:00:00,PLOT-00000088,FAC-MX,LINE-MX-01,PROD-C100,COMP-PWR,SUP-C,CLOT-C-PWR-20260118,DEF-VOLT,test,1,True,True,False,rework
QEV-000000119,2026-01-18,2026-01-18T12:00:00,PLOT-00000088,FAC-MX,LINE-MX-01,PROD-C100,COMP-PWR,SUP-F,CLOT-F-PWR-20260118,DEF-VOLT,test,1,True,True,False,rework
QEV-000000120,2026-01-18,2026-01-18T12:00:00,PLOT-00000089,FAC-MX,LINE-MX-02,PROD-S100,COMP-MEM,SUP-D,CLOT-D-MEM-20260118,DEF-CONN,in_process,1,True,False,False,fail
QEV-000000121,2026-01-18,2026-01-18T12:00:00,PLOT-00000089,FAC-MX,LINE-MX-02,PROD-S100,COMP-PWR,SUP-B,CLOT-B-PWR-20260118,DEF-VOLT,test,1,True,True,False,rework
QEV-000000122,2026-01-18,2026-01-18T12:00:00,PLOT-00000089,FAC-MX,LINE-MX-02,PROD-S100,COMP-PWR,SUP-G,CLOT-G-PWR-20260118,DEF-VOLT,test,1,True,True,False,rework
QEV-000000123,2026-01-18,2026-01-18T12:00:00,PLOT-00000090,FAC-MY,LINE-MY-01,PROD-X200,COMP-MEM,SUP-B,CLOT-B-MEM-20260118,DEF-FUNC,test,1,True,False,True,scrap
QEV-000000124,2026-01-18,2026-01-18T12:00:00,PLOT-00000090,FAC-MY,LINE-MY-01,PROD-X200,COMP-STOR,SUP-D,CLOT-D-TOR-20260118,DEF-FUNC,test,1,True,False,False,fail
QEV-000000125,2026-01-19,2026-01-19T12:00:00,PLOT-00000091,FAC-TW,LINE-TW-01,PROD-X200,COMP-MEM,SUP-C,CLOT-C-MEM-20260119,DEF-MEM,test,1,True,True,False,rework
QEV-000000126,2026-01-19,2026-01-19T12:00:00,PLOT-00000091,FAC-TW,LINE-TW-01,PROD-X200,COMP-NET,SUP-D,CLOT-D-NET-20260119,DEF-FUNC,test,1,True,True,False,rework
QEV-000000127,2026-01-19,2026-01-19T12:00:00,PLOT-00000092,FAC-TW,LINE-TW-02,PROD-X100,COMP-NET,SUP-C,CLOT-C-NET-20260119,DEF-FUNC,test,1,True,False,False,fail
QEV-000000128,2026-01-19,2026-01-19T12:00:00,PLOT-00000092,FAC-TW,LINE-TW-02,PROD-X100,COMP-NET,SUP-G,CLOT-G-NET-20260119,DEF-CONN,in_process,1,True,True,False,rework
QEV-000000129,2026-01-19,2026-01-19T12:00:00,PLOT-00000093,FAC-MX,LINE-MX-01,PROD-X100,COMP-PWR,SUP-F,CLOT-F-PWR-20260119,DEF-CONN,in_process,1,True,True,False,rework
QEV-000000130,2026-01-19,2026-01-19T12:00:00,PLOT-00000094,FAC-MX,LINE-MX-02,PROD-X100,COMP-MAIN,SUP-B,CLOT-B-AIN-20260119,DEF-FUNC,test,1,True,True,False,rework
QEV-000000131,2026-01-19,2026-01-19T12:00:00,PLOT-00000094,FAC-MX,LINE-MX-02,PROD-X100,COMP-MAIN,SUP-C,CLOT-C-AIN-20260119,DEF-FUNC,test,1,True,True,False,rework
QEV-000000132,2026-01-19,2026-01-19T12:00:00,PLOT-00000095,FAC-MY,LINE-MY-01,PROD-X100,COMP-MEM,SUP-E,CLOT-E-MEM-20260119,DEF-MEM,test,1,True,True,False,rework
QEV-000000133,2026-01-19,2026-01-19T12:00:00,PLOT-00000095,FAC-MY,LINE-MY-01,PROD-X100,COMP-STOR,SUP-F,CLOT-F-TOR-20260119,DEF-FUNC,test,1,True,True,False,rework
QEV-000000134,2026-01-20,2026-01-20T12:00:00,PLOT-00000096,FAC-TW,LINE-TW-01,PROD-X100,COMP-MEM,SUP-B,CLOT-B-MEM-20260120,DEF-MEM,test,1,True,False,False,fail
QEV-000000135,2026-01-20,2026-01-20T12:00:00,PLOT-00000099,FAC-MX,LINE-MX-02,PROD-X100,COMP-MEM,SUP-D,CLOT-D-MEM-20260120,DEF-CONN,in_process,1,True,False,False,fail
QEV-000000136,2026-01-20,2026-01-20T12:00:00,PLOT-00000099,FAC-MX,LINE-MX-02,PROD-X100,COMP-NET,SUP-C,CLOT-C-NET-20260120,DEF-FUNC,test,1,True,True,False,rework
QEV-000000137,2026-01-20,2026-01-20T12:00:00,PLOT-00000099,FAC-MX,LINE-MX-02,PROD-X100,COMP-PWR,SUP-C,CLOT-C-PWR-20260120,DEF-VOLT,test,1,True,True,False,rework
QEV-000000138,2026-01-21,2026-01-21T12:00:00,PLOT-00000101,FAC-TW,LINE-TW-01,PROD-C100,COMP-MEM,SUP-B,CLOT-B-MEM-20260121,DEF-MEM,test,1,True,True,False,rework
QEV-000000139,2026-01-21,2026-01-21T12:00:00,PLOT-00000102,FAC-TW,LINE-TW-02,PROD-C100,COMP-MEM,SUP-E,CLOT-E-MEM-20260121,DEF-MEM,test,1,True,True,False,rework
QEV-000000140,2026-01-21,2026-01-21T12:00:00,PLOT-00000102,FAC-TW,LINE-TW-02,PROD-C100,COMP-MEM,SUP-G,CLOT-G-MEM-20260121,DEF-MEM,test,1,True,True,False,rework
QEV-000000141,2026-01-21,2026-01-21T12:00:00,PLOT-00000103,FAC-MX,LINE-MX-01,PROD-N100,COMP-COOL,SUP-F,CLOT-F-OOL-20260121,DEF-THERM,test,1,True,True,False,rework
QEV-000000142,2026-01-21,2026-01-21T12:00:00,PLOT-00000103,FAC-MX,LINE-MX-01,PROD-N100,COMP-MAIN,SUP-D,CLOT-D-AIN-20260121,DEF-VOLT,test,1,True,True,False,rework
QEV-000000143,2026-01-21,2026-01-21T12:00:00,PLOT-00000104,FAC-MX,LINE-MX-02,PROD-X100,COMP-PWR,SUP-A,CLOT-A-PWR-20260121,DEF-VOLT,test,1,True,False,True,scrap
QEV-000000144,2026-01-21,2026-01-21T12:00:00,PLOT-00000105,FAC-MY,LINE-MY-01,PROD-N100,COMP-COOL,SUP-E,CLOT-E-OOL-20260121,DEF-THERM,test,1,True,False,False,fail
QEV-000000145,2026-01-21,2026-01-21T12:00:00,PLOT-00000105,FAC-MY,LINE-MY-01,PROD-N100,COMP-COOL,SUP-E,CLOT-E-OOL-20260121,DEF-THERM,test,1,True,True,False,rework
QEV-000000146,2026-01-21,2026-01-21T12:00:00,PLOT-00000105,FAC-MY,LINE-MY-01,PROD-N100,COMP-NET,SUP-C,CLOT-C-NET-20260121,DEF-FUNC,test,1,True,False,False,fail
QEV-000000147,2026-01-22,2026-01-22T12:00:00,PLOT-00000106,FAC-TW,LINE-TW-01,PROD-X200,COMP-COOL,SUP-A,CLOT-A-OOL-20260122,DEF-THERM,test,1,True,False,False,fail
QEV-000000148,2026-01-22,2026-01-22T12:00:00,PLOT-00000106,FAC-TW,LINE-TW-01,PROD-X200,COMP-MAIN,SUP-F,CLOT-F-AIN-20260122,DEF-FUNC,test,1,True,True,False,rework
QEV-000000149,2026-01-22,2026-01-22T12:00:00,PLOT-00000106,FAC-TW,LINE-TW-01,PROD-X200,COMP-PWR,SUP-F,CLOT-F-PWR-20260122,DEF-VOLT,test,1,True,True,False,rework
QEV-000000150,2026-01-22,2026-01-22T12:00:00,PLOT-00000107,FAC-TW,LINE-TW-02,PROD-N100,COMP-COOL,SUP-A,CLOT-A-OOL-20260122,DEF-THERM,test,1,True,True,False,rework
QEV-000000151,2026-01-22,2026-01-22T12:00:00,PLOT-00000108,FAC-MX,LINE-MX-01,PROD-X200,COMP-MEM,SUP-C,CLOT-C-MEM-20260122,DEF-MEM,test,1,True,False,True,scrap
QEV-000000152,2026-01-22,2026-01-22T12:00:00,PLOT-00000110,FAC-MY,LINE-MY-01,PROD-N100,COMP-COOL,SUP-C,CLOT-C-OOL-20260122,DEF-THERM,test,1,True,False,False,fail
QEV-000000153,2026-01-23,2026-01-23T12:00:00,PLOT-00000111,FAC-TW,LINE-TW-01,PROD-X100,COMP-STOR,SUP-C,CLOT-C-TOR-20260123,DEF-CONN,in_process,1,True,True,False,rework
QEV-000000154,2026-01-23,2026-01-23T12:00:00,PLOT-00000111,FAC-TW,LINE-TW-01,PROD-X100,COMP-STOR,SUP-H,CLOT-H-TOR-20260123,DEF-FUNC,test,1,True,False,False,fail
QEV-000000155,2026-01-23,2026-01-23T12:00:00,PLOT-00000113,FAC-MX,LINE-MX-01,PROD-X100,COMP-COOL,SUP-H,CLOT-H-OOL-20260123,DEF-ASSY,in_process,1,True,True,False,rework
QEV-000000156,2026-01-23,2026-01-23T12:00:00,PLOT-00000114,FAC-MX,LINE-MX-02,PROD-X100,COMP-NET,SUP-F,CLOT-F-NET-20260123,DEF-ASSY,in_process,1,True,True,False,rework
QEV-000000157,2026-01-23,2026-01-23T12:00:00,PLOT-00000114,FAC-MX,LINE-MX-02,PROD-X100,COMP-PWR,SUP-E,CLOT-E-PWR-20260123,DEF-VOLT,test,1,True,True,False,rework
QEV-000000158,2026-01-23,2026-01-23T12:00:00,PLOT-00000115,FAC-MY,LINE-MY-01,PROD-C100,COMP-MEM,SUP-A,CLOT-A-MEM-20260123,DEF-CONN,in_process,1,True,False,True,scrap
QEV-000000159,2026-01-23,2026-01-23T12:00:00,PLOT-00000115,FAC-MY,LINE-MY-01,PROD-C100,COMP-MEM,SUP-G,CLOT-G-MEM-20260123,DEF-MEM,test,1,True,True,False,rework
QEV-000000160,2026-01-24,2026-01-24T12:00:00,PLOT-00000118,FAC-MX,LINE-MX-01,PROD-S100,COMP-MAIN,SUP-C,CLOT-C-AIN-20260124,DEF-FUNC,test,1,True,True,False,rework
QEV-000000161,2026-01-24,2026-01-24T12:00:00,PLOT-00000118,FAC-MX,LINE-MX-01,PROD-S100,COMP-MEM,SUP-C,CLOT-C-MEM-20260124,DEF-FUNC,test,1,True,True,False,rework
QEV-000000162,2026-01-24,2026-01-24T12:00:00,PLOT-00000118,FAC-MX,LINE-MX-01,PROD-S100,COMP-MEM,SUP-F,CLOT-F-MEM-20260124,DEF-MEM,test,1,True,True,False,rework
QEV-000000163,2026-01-24,2026-01-24T12:00:00,PLOT-00000119,FAC-MX,LINE-MX-02,PROD-X100,COMP-MAIN,SUP-A,CLOT-A-AIN-20260124,DEF-FUNC,test,1,True,True,False,rework
QEV-000000164,2026-01-24,2026-01-24T12:00:00,PLOT-00000120,FAC-MY,LINE-MY-01,PROD-C100,COMP-MAIN,SUP-F,CLOT-F-AIN-20260124,DEF-FUNC,test,1,True,False,True,scrap
QEV-000000165,2026-01-24,2026-01-24T12:00:00,PLOT-00000120,FAC-MY,LINE-MY-01,PROD-C100,COMP-MEM,SUP-B,CLOT-B-MEM-20260124,DEF-FUNC,test,1,True,True,False,rework
QEV-000000166,2026-01-24,2026-01-24T12:00:00,PLOT-00000120,FAC-MY,LINE-MY-01,PROD-C100,COMP-NET,SUP-G,CLOT-G-NET-20260124,DEF-CONN,in_process,1,True,True,False,rework
QEV-000000167,2026-01-24,2026-01-24T12:00:00,PLOT-00000120,FAC-MY,LINE-MY-01,PROD-C100,COMP-STOR,SUP-G,CLOT-G-TOR-20260124,DEF-FUNC,test,1,True,False,False,fail
QEV-000000168,2026-01-25,2026-01-25T12:00:00,PLOT-00000121,FAC-TW,LINE-TW-01,PROD-S100,COMP-NET,SUP-G,CLOT-G-NET-20260125,DEF-FUNC,test,1,True,True,False,rework
QEV-000000169,2026-01-25,2026-01-25T12:00:00,PLOT-00000122,FAC-TW,LINE-TW-02,PROD-X200,COMP-MAIN,SUP-D,CLOT-D-AIN-20260125,DEF-FUNC,test,1,True,False,False,fail
QEV-000000170,2026-01-25,2026-01-25T12:00:00,PLOT-00000122,FAC-TW,LINE-TW-02,PROD-X200,COMP-PWR,SUP-D,CLOT-D-PWR-20260125,DEF-VOLT,test,1,True,False,False,fail
QEV-000000171,2026-01-25,2026-01-25T12:00:00,PLOT-00000123,FAC-MX,LINE-MX-01,PROD-X100,COMP-MAIN,SUP-D,CLOT-D-AIN-20260125,DEF-ASSY,in_process,1,True,True,False,rework
QEV-000000172,2026-01-25,2026-01-25T12:00:00,PLOT-00000123,FAC-MX,LINE-MX-01,PROD-X100,COMP-NET,SUP-A,CLOT-A-NET-20260125,DEF-FUNC,test,1,True,False,False,fail
QEV-000000173,2026-01-25,2026-01-25T12:00:00,PLOT-00000123,FAC-MX,LINE-MX-01,PROD-X100,COMP-PWR,SUP-A,CLOT-A-PWR-20260125,DEF-VOLT,test,1,True,False,True,scrap
QEV-000000174,2026-01-25,2026-01-25T12:00:00,PLOT-00000123,FAC-MX,LINE-MX-01,PROD-X100,COMP-PWR,SUP-C,CLOT-C-PWR-20260125,DEF-FUNC,test,1,True,True,False,rework
QEV-000000175,2026-01-25,2026-01-25T12:00:00,PLOT-00000125,FAC-MY,LINE-MY-01,PROD-N100,COMP-PWR,SUP-E,CLOT-E-PWR-20260125,DEF-CONN,in_process,1,True,False,False,fail
QEV-000000176,2026-01-26,2026-01-26T12:00:00,PLOT-00000128,FAC-MX,LINE-MX-01,PROD-X200,COMP-MAIN,SUP-H,CLOT-H-AIN-20260126,DEF-ASSY,in_process,1,True,True,False,rework
QEV-000000177,2026-01-26,2026-01-26T12:00:00,PLOT-00000128,FAC-MX,LINE-MX-01,PROD-X200,COMP-MEM,SUP-H,CLOT-H-MEM-20260126,DEF-MEM,test,2,True,True,False,rework
QEV-000000178,2026-01-26,2026-01-26T12:00:00,PLOT-00000128,FAC-MX,LINE-MX-01,PROD-X200,COMP-PWR,SUP-B,CLOT-B-PWR-20260126,DEF-VOLT,test,1,True,True,False,rework
QEV-000000179,2026-01-26,2026-01-26T12:00:00,PLOT-00000128,FAC-MX,LINE-MX-01,PROD-X200,COMP-STOR,SUP-C,CLOT-C-TOR-20260126,DEF-CONN,in_process,1,True,True,False,rework
QEV-000000180,2026-01-26,2026-01-26T12:00:00,PLOT-00000129,FAC-MX,LINE-MX-02,PROD-X100,COMP-COOL,SUP-B,CLOT-B-OOL-20260126,DEF-THERM,test,1,True,True,False,rework
QEV-000000181,2026-01-26,2026-01-26T12:00:00,PLOT-00000130,FAC-MY,LINE-MY-01,PROD-X100,COMP-COOL,SUP-C,CLOT-C-OOL-20260126,DEF-THERM,test,1,True,True,False,rework
QEV-000000182,2026-01-26,2026-01-26T12:00:00,PLOT-00000130,FAC-MY,LINE-MY-01,PROD-X100,COMP-COOL,SUP-D,CLOT-D-OOL-20260126,DEF-THERM,test,1,True,False,False,fail
QEV-000000183,2026-01-26,2026-01-26T12:00:00,PLOT-00000130,FAC-MY,LINE-MY-01,PROD-X100,COMP-PWR,SUP-D,CLOT-D-PWR-20260126,DEF-FUNC,test,1,True,True,False,rework
QEV-000000184,2026-01-26,2026-01-26T12:00:00,PLOT-00000130,FAC-MY,LINE-MY-01,PROD-X100,COMP-STOR,SUP-B,CLOT-B-TOR-20260126,DEF-FUNC,test,1,True,False,True,scrap
QEV-000000185,2026-01-27,2026-01-27T12:00:00,PLOT-00000131,FAC-TW,LINE-TW-01,PROD-X200,COMP-MAIN,SUP-F,CLOT-F-AIN-20260127,DEF-FUNC,test,1,True,False,False,fail
QEV-000000186,2026-01-27,2026-01-27T12:00:00,PLOT-00000131,FAC-TW,LINE-TW-01,PROD-X200,COMP-MEM,SUP-H,CLOT-H-MEM-20260127,DEF-MEM,test,1,True,False,False,fail
QEV-000000187,2026-01-27,2026-01-27T12:00:00,PLOT-00000132,FAC-TW,LINE-TW-02,PROD-X100,COMP-MEM,SUP-E,CLOT-E-MEM-20260127,DEF-FUNC,test,1,True,True,False,rework
QEV-000000188,2026-01-27,2026-01-27T12:00:00,PLOT-00000133,FAC-MX,LINE-MX-01,PROD-X100,COMP-MEM,SUP-B,CLOT-B-MEM-20260127,DEF-MEM,test,1,True,True,False,rework
QEV-000000189,2026-01-27,2026-01-27T12:00:00,PLOT-00000133,FAC-MX,LINE-MX-01,PROD-X100,COMP-MEM,SUP-C,CLOT-C-MEM-20260127,DEF-MEM,test,1,True,False,True,scrap
QEV-000000190,2026-01-27,2026-01-27T12:00:00,PLOT-00000133,FAC-MX,LINE-MX-01,PROD-X100,COMP-MEM,SUP-H,CLOT-H-MEM-20260127,DEF-MEM,test,1,True,True,False,rework
QEV-000000191,2026-01-27,2026-01-27T12:00:00,PLOT-00000134,FAC-MX,LINE-MX-02,PROD-X100,COMP-NET,SUP-C,CLOT-C-NET-20260127,DEF-FUNC,test,1,True,False,True,scrap
QEV-000000192,2026-01-27,2026-01-27T12:00:00,PLOT-00000135,FAC-MY,LINE-MY-01,PROD-N100,COMP-MEM,SUP-H,CLOT-H-MEM-20260127,DEF-MEM,test,1,True,False,True,scrap
QEV-000000193,2026-01-27,2026-01-27T12:00:00,PLOT-00000135,FAC-MY,LINE-MY-01,PROD-N100,COMP-PWR,SUP-B,CLOT-B-PWR-20260127,DEF-VOLT,test,1,True,False,True,scrap
QEV-000000194,2026-01-28,2026-01-28T12:00:00,PLOT-00000136,FAC-TW,LINE-TW-01,PROD-X200,COMP-MAIN,SUP-H,CLOT-H-AIN-20260128,DEF-FUNC,test,1,True,False,False,fail
QEV-000000195,2026-01-28,2026-01-28T12:00:00,PLOT-00000136,FAC-TW,LINE-TW-01,PROD-X200,COMP-MEM,SUP-C,CLOT-C-MEM-20260128,DEF-FUNC,test,1,True,True,False,rework
QEV-000000196,2026-01-28,2026-01-28T12:00:00,PLOT-00000136,FAC-TW,LINE-TW-01,PROD-X200,COMP-NET,SUP-E,CLOT-E-NET-20260128,DEF-FUNC,test,1,True,False,False,fail
QEV-000000197,2026-01-28,2026-01-28T12:00:00,PLOT-00000137,FAC-TW,LINE-TW-02,PROD-X100,COMP-PWR,SUP-G,CLOT-G-PWR-20260128,DEF-FUNC,test,1,True,False,True,scrap
QEV-000000198,2026-01-28,2026-01-28T12:00:00,PLOT-00000138,FAC-MX,LINE-MX-01,PROD-X100,COMP-COOL,SUP-D,CLOT-D-OOL-20260128,DEF-THERM,test,1,True,False,False,fail
QEV-000000199,2026-01-28,2026-01-28T12:00:00,PLOT-00000138,FAC-MX,LINE-MX-01,PROD-X100,COMP-NET,SUP-B,CLOT-B-NET-20260128,DEF-ASSY,in_process,1,True,False,False,fail
QEV-000000200,2026-01-28,2026-01-28T12:00:00,PLOT-00000138,FAC-MX,LINE-MX-01,PROD-X100,COMP-NET,SUP-C,CLOT-C-NET-20260128,DEF-FUNC,test,1,True,False,False,fail
QEV-000000201,2026-01-28,2026-01-28T12:00:00,PLOT-00000139,FAC-MX,LINE-MX-02,PROD-X100,COMP-MAIN,SUP-G,CLOT-G-AIN-20260128,DEF-FUNC,test,1,True,False,True,scrap
QEV-000000202,2026-01-28,2026-01-28T12:00:00,PLOT-00000140,FAC-MY,LINE-MY-01,PROD-C100,COMP-MAIN,SUP-A,CLOT-A-AIN-20260128,DEF-VOLT,test,1,True,True,False,rework
QEV-000000203,2026-01-28,2026-01-28T12:00:00,PLOT-00000140,FAC-MY,LINE-MY-01,PROD-C100,COMP-MAIN,SUP-D,CLOT-D-AIN-20260128,DEF-ASSY,in_process,1,True,True,False,rework
QEV-000000204,2026-01-28,2026-01-28T12:00:00,PLOT-00000140,FAC-MY,LINE-MY-01,PROD-C100,COMP-STOR,SUP-D,CLOT-D-TOR-20260128,DEF-FUNC,test,1,True,True,False,rework
QEV-000000205,2026-01-29,2026-01-29T12:00:00,PLOT-00000143,FAC-MX,LINE-MX-01,PROD-X100,COMP-MEM,SUP-D,CLOT-D-MEM-20260129,DEF-MEM,test,1,True,False,True,scrap
QEV-000000206,2026-01-29,2026-01-29T12:00:00,PLOT-00000145,FAC-MY,LINE-MY-01,PROD-X200,COMP-MAIN,SUP-H,CLOT-H-AIN-20260129,DEF-ASSY,in_process,1,True,True,False,rework
QEV-000000207,2026-01-30,2026-01-30T12:00:00,PLOT-00000146,FAC-TW,LINE-TW-01,PROD-S100,COMP-COOL,SUP-B,CLOT-B-OOL-20260130,DEF-ASSY,in_process,1,True,True,False,rework
QEV-000000208,2026-01-30,2026-01-30T12:00:00,PLOT-00000148,FAC-MX,LINE-MX-01,PROD-S100,COMP-MEM,SUP-A,CLOT-A-MEM-20260130,DEF-MEM,test,1,True,False,False,fail
QEV-000000209,2026-01-30,2026-01-30T12:00:00,PLOT-00000148,FAC-MX,LINE-MX-01,PROD-S100,COMP-MEM,SUP-E,CLOT-E-MEM-20260130,DEF-FUNC,test,1,True,True,False,rework
QEV-000000210,2026-01-30,2026-01-30T12:00:00,PLOT-00000148,FAC-MX,LINE-MX-01,PROD-S100,COMP-PWR,SUP-B,CLOT-B-PWR-20260130,DEF-VOLT,test,1,True,False,True,scrap
QEV-000000211,2026-01-30,2026-01-30T12:00:00,PLOT-00000148,FAC-MX,LINE-MX-01,PROD-S100,COMP-PWR,SUP-E,CLOT-E-PWR-20260130,DEF-CONN,in_process,1,True,False,True,scrap
QEV-000000212,2026-01-30,2026-01-30T12:00:00,PLOT-00000149,FAC-MX,LINE-MX-02,PROD-X100,COMP-STOR,SUP-F,CLOT-F-TOR-20260130,DEF-FUNC,test,1,True,False,False,fail
QEV-000000213,2026-01-30,2026-01-30T12:00:00,PLOT-00000150,FAC-MY,LINE-MY-01,PROD-C100,COMP-COOL,SUP-E,CLOT-E-OOL-20260130,DEF-FUNC,test,1,True,True,False,rework
QEV-000000214,2026-01-30,2026-01-30T12:00:00,PLOT-00000150,FAC-MY,LINE-MY-01,PROD-C100,COMP-MAIN,SUP-E,CLOT-E-AIN-20260130,DEF-VOLT,test,1,True,False,False,fail
QEV-000000215,2026-01-31,2026-01-31T12:00:00,PLOT-00000151,FAC-TW,LINE-TW-01,PROD-S100,COMP-NET,SUP-A,CLOT-A-NET-20260131,DEF-CONN,in_process,1,True,False,True,scrap
QEV-000000216,2026-01-31,2026-01-31T12:00:00,PLOT-00000152,FAC-TW,LINE-TW-02,PROD-N100,COMP-COOL,SUP-C,CLOT-C-OOL-20260131,DEF-FUNC,test,1,True,False,False,fail
QEV-000000217,2026-01-31,2026-01-31T12:00:00,PLOT-00000153,FAC-MX,LINE-MX-01,PROD-X100,COMP-MEM,SUP-C,CLOT-C-MEM-20260131,DEF-FUNC,test,1,True,False,False,fail
QEV-000000218,2026-01-31,2026-01-31T12:00:00,PLOT-00000153,FAC-MX,LINE-MX-01,PROD-X100,COMP-MEM,SUP-H,CLOT-H-MEM-20260131,DEF-MEM,test,1,True,True,False,rework
QEV-000000219,2026-01-31,2026-01-31T12:00:00,PLOT-00000154,FAC-MX,LINE-MX-02,PROD-N100,COMP-COOL,SUP-A,CLOT-A-OOL-20260131,DEF-THERM,test,1,True,False,True,scrap
QEV-000000220,2026-01-31,2026-01-31T12:00:00,PLOT-00000155,FAC-MY,LINE-MY-01,PROD-N100,COMP-COOL,SUP-D,CLOT-D-OOL-20260131,DEF-THERM,test,1,True,False,False,fail
QEV-000000221,2026-01-31,2026-01-31T12:00:00,PLOT-00000155,FAC-MY,LINE-MY-01,PROD-N100,COMP-MAIN,SUP-A,CLOT-A-AIN-20260131,DEF-ASSY,in_process,1,True,False,False,fail
QEV-000000222,2026-01-31,2026-01-31T12:00:00,PLOT-00000155,FAC-MY,LINE-MY-01,PROD-N100,COMP-MAIN,SUP-D,CLOT-D-AIN-20260131,DEF-FUNC,test,1,True,False,False,fail
QEV-000000223,2026-01-31,2026-01-31T12:00:00,PLOT-00000155,FAC-MY,LINE-MY-01,PROD-N100,COMP-NET,SUP-C,CLOT-C-NET-20260131,DEF-FUNC,test,1,True,False,False,fail
QEV-000000224,2026-02-01,2026-02-01T12:00:00,PLOT-00000157,FAC-TW,LINE-TW-02,PROD-X100,COMP-MAIN,SUP-E,CLOT-E-AIN-20260201,DEF-VOLT,test,1,True,False,False,fail
QEV-000000225,2026-02-01,2026-02-01T12:00:00,PLOT-00000157,FAC-TW,LINE-TW-02,PROD-X100,COMP-PWR,SUP-B,CLOT-B-PWR-20260201,DEF-VOLT,test,1,True,False,True,scrap
QEV-000000226,2026-02-01,2026-02-01T12:00:00,PLOT-00000158,FAC-MX,LINE-MX-01,PROD-S100,COMP-COOL,SUP-A,CLOT-A-OOL-20260201,DEF-ASSY,in_process,1,True,True,False,rework
QEV-000000227,2026-02-01,2026-02-01T12:00:00,PLOT-00000159,FAC-MX,LINE-MX-02,PROD-X100,COMP-MAIN,SUP-E,CLOT-E-AIN-20260201,DEF-ASSY,in_process,1,True,False,False,fail
QEV-000000228,2026-02-01,2026-02-01T12:00:00,PLOT-00000159,FAC-MX,LINE-MX-02,PROD-X100,COMP-PWR,SUP-B,CLOT-B-PWR-20260201,DEF-VOLT,test,1,True,False,False,fail
QEV-000000229,2026-02-01,2026-02-01T12:00:00,PLOT-00000161,FAC-MY,LINE-MY-03,PROD-X200,COMP-COOL,SUP-F,CLOT-F-OOL-20260201,DEF-ASSY,in_process,1,True,True,False,rework
QEV-000000230,2026-02-01,2026-02-01T12:00:00,PLOT-00000161,FAC-MY,LINE-MY-03,PROD-X200,COMP-MAIN,SUP-B,CLOT-B-AIN-20260201,DEF-FUNC,test,1,True,False,False,fail
QEV-000000231,2026-02-01,2026-02-01T12:00:00,PLOT-00000161,FAC-MY,LINE-MY-03,PROD-X200,COMP-MAIN,SUP-C,CLOT-C-AIN-20260201,DEF-VOLT,test,1,True,True,False,rework
QEV-000000232,2026-02-01,2026-02-01T12:00:00,PLOT-00000161,FAC-MY,LINE-MY-03,PROD-X200,COMP-MAIN,SUP-D,CLOT-D-AIN-20260201,DEF-FUNC,test,1,True,True,False,rework
QEV-000000233,2026-02-01,2026-02-01T12:00:00,PLOT-00000161,FAC-MY,LINE-MY-03,PROD-X200,COMP-MAIN,SUP-H,CLOT-H-AIN-20260201,DEF-ASSY,in_process,1,True,True,False,rework
QEV-000000234,2026-02-01,2026-02-01T12:00:00,PLOT-00000161,FAC-MY,LINE-MY-03,PROD-X200,COMP-MAIN,SUP-H,CLOT-H-AIN-20260201,DEF-FUNC,test,1,True,False,True,scrap
QEV-000000235,2026-02-01,2026-02-01T12:00:00,PLOT-00000161,FAC-MY,LINE-MY-03,PROD-X200,COMP-NET,SUP-B,CLOT-B-NET-20260201,DEF-CONN,in_process,1,True,True,False,rework
QEV-000000236,2026-02-01,2026-02-01T12:00:00,PLOT-00000161,FAC-MY,LINE-MY-03,PROD-X200,COMP-NET,SUP-C,CLOT-C-NET-20260201,DEF-FUNC,test,1,True,True,False,rework
QEV-000000237,2026-02-01,2026-02-01T12:00:00,PLOT-00000161,FAC-MY,LINE-MY-03,PROD-X200,COMP-PWR,SUP-C,CLOT-C-PWR-20260201,DEF-CONN,in_process,1,True,False,True,scrap
QEV-000000238,2026-02-01,2026-02-01T12:00:00,PLOT-00000161,FAC-MY,LINE-MY-03,PROD-X200,COMP-PWR,SUP-E,CLOT-E-PWR-20260201,DEF-VOLT,test,1,True,False,False,fail
QEV-000000239,2026-02-01,2026-02-01T12:00:00,PLOT-00000161,FAC-MY,LINE-MY-03,PROD-X200,COMP-PWR,SUP-E,CLOT-E-PWR-20260201,DEF-VOLT,test,1,True,True,False,rework
QEV-000000240,2026-02-01,2026-02-01T12:00:00,PLOT-00000161,FAC-MY,LINE-MY-03,PROD-X200,COMP-PWR,SUP-F,CLOT-F-PWR-20260201,DEF-VOLT,test,1,True,False,False,fail
QEV-000000241,2026-02-01,2026-02-01T12:00:00,PLOT-00000161,FAC-MY,LINE-MY-03,PROD-X200,COMP-STOR,SUP-A,CLOT-A-TOR-20260201,DEF-CONN,in_process,1,True,False,False,fail
QEV-000000242,2026-02-02,2026-02-02T12:00:00,PLOT-00000162,FAC-TW,LINE-TW-01,PROD-X100,COMP-MEM,SUP-C,CLOT-C-MEM-20260202,DEF-CONN,in_process,1,True,False,False,fail
QEV-000000243,2026-02-02,2026-02-02T12:00:00,PLOT-00000163,FAC-TW,LINE-TW-02,PROD-X100,COMP-NET,SUP-F,CLOT-F-NET-20260202,DEF-CONN,in_process,1,True,True,False,rework
QEV-000000244,2026-02-02,2026-02-02T12:00:00,PLOT-00000164,FAC-MX,LINE-MX-01,PROD-N100,COMP-MAIN,SUP-F,CLOT-F-AIN-20260202,DEF-VOLT,test,1,True,False,False,fail
QEV-000000245,2026-02-02,2026-02-02T12:00:00,PLOT-00000164,FAC-MX,LINE-MX-01,PROD-N100,COMP-PWR,SUP-A,CLOT-A-PWR-20260202,DEF-VOLT,test,1,True,True,False,rework
QEV-000000246,2026-02-02,2026-02-02T12:00:00,PLOT-00000164,FAC-MX,LINE-MX-01,PROD-N100,COMP-PWR,SUP-F,CLOT-F-PWR-20260202,DEF-CONN,in_process,1,True,False,False,fail
QEV-000000247,2026-02-02,2026-02-02T12:00:00,PLOT-00000164,FAC-MX,LINE-MX-01,PROD-N100,COMP-STOR,SUP-E,CLOT-E-TOR-20260202,DEF-ASSY,in_process,1,True,True,False,rework
QEV-000000248,2026-02-02,2026-02-02T12:00:00,PLOT-00000165,FAC-MX,LINE-MX-02,PROD-X100,COMP-MAIN,SUP-D,CLOT-D-AIN-20260202,DEF-ASSY,in_process,1,True,True,False,rework
QEV-000000249,2026-02-02,2026-02-02T12:00:00,PLOT-00000165,FAC-MX,LINE-MX-02,PROD-X100,COMP-PWR,SUP-A,CLOT-A-PWR-20260202,DEF-FUNC,test,1,True,False,True,scrap
QEV-000000250,2026-02-02,2026-02-02T12:00:00,PLOT-00000166,FAC-MY,LINE-MY-01,PROD-X100,COMP-MEM,SUP-E,CLOT-E-MEM-20260202,DEF-MEM,test,1,True,True,False,rework
QEV-000000251,2026-02-02,2026-02-02T12:00:00,PLOT-00000166,FAC-MY,LINE-MY-01,PROD-X100,COMP-PWR,SUP-D,CLOT-D-PWR-20260202,DEF-CONN,in_process,1,True,True,False,rework
QEV-000000252,2026-02-03,2026-02-03T12:00:00,PLOT-00000168,FAC-TW,LINE-TW-01,PROD-X100,COMP-PWR,SUP-A,CLOT-A-PWR-20260203,DEF-VOLT,test,1,True,True,False,rework
QEV-000000253,2026-02-03,2026-02-03T12:00:00,PLOT-00000170,FAC-MX,LINE-MX-01,PROD-X100,COMP-MAIN,SUP-F,CLOT-F-AIN-20260203,DEF-FUNC,test,1,True,False,True,scrap
QEV-000000254,2026-02-03,2026-02-03T12:00:00,PLOT-00000170,FAC-MX,LINE-MX-01,PROD-X100,COMP-NET,SUP-C,CLOT-C-NET-20260203,DEF-CONN,in_process,1,True,True,False,rework
QEV-000000255,2026-02-03,2026-02-03T12:00:00,PLOT-00000172,FAC-MY,LINE-MY-01,PROD-C100,COMP-PWR,SUP-F,CLOT-F-PWR-20260203,DEF-CONN,in_process,1,True,False,True,scrap
QEV-000000256,2026-02-03,2026-02-03T12:00:00,PLOT-00000173,FAC-MY,LINE-MY-03,PROD-X100,COMP-COOL,SUP-D,CLOT-D-OOL-20260203,DEF-THERM,test,1,True,True,False,rework
QEV-000000257,2026-02-03,2026-02-03T12:00:00,PLOT-00000173,FAC-MY,LINE-MY-03,PROD-X100,COMP-COOL,SUP-E,CLOT-E-OOL-20260203,DEF-THERM,test,1,True,True,False,rework
QEV-000000258,2026-02-03,2026-02-03T12:00:00,PLOT-00000173,FAC-MY,LINE-MY-03,PROD-X100,COMP-MAIN,SUP-G,CLOT-G-AIN-20260203,DEF-FUNC,test,1,True,False,False,fail
QEV-000000259,2026-02-03,2026-02-03T12:00:00,PLOT-00000173,FAC-MY,LINE-MY-03,PROD-X100,COMP-STOR,SUP-C,CLOT-C-TOR-20260203,DEF-FUNC,test,1,True,False,True,scrap
QEV-000000260,2026-02-03,2026-02-03T12:00:00,PLOT-00000173,FAC-MY,LINE-MY-03,PROD-X100,COMP-STOR,SUP-D,CLOT-D-TOR-20260203,DEF-CONN,in_process,1,True,False,True,scrap
QEV-000000261,2026-02-04,2026-02-04T12:00:00,PLOT-00000174,FAC-TW,LINE-TW-01,PROD-X200,COMP-MAIN,SUP-A,CLOT-A-AIN-20260204,DEF-FUNC,test,1,True,False,False,fail
QEV-000000262,2026-02-04,2026-02-04T12:00:00,PLOT-00000174,FAC-TW,LINE-TW-01,PROD-X200,COMP-MAIN,SUP-H,CLOT-H-AIN-20260204,DEF-VOLT,test,1,True,False,False,fail
QEV-000000263,2026-02-04,2026-02-04T12:00:00,PLOT-00000177,FAC-MX,LINE-MX-02,PROD-X100,COMP-COOL,SUP-B,CLOT-B-OOL-20260204,DEF-THERM,test,1,True,False,False,fail
QEV-000000264,2026-02-04,2026-02-04T12:00:00,PLOT-00000178,FAC-MY,LINE-MY-01,PROD-S100,COMP-NET,SUP-C,CLOT-C-NET-20260204,DEF-FUNC,test,1,True,False,False,fail
QEV-000000265,2026-02-04,2026-02-04T12:00:00,PLOT-00000178,FAC-MY,LINE-MY-01,PROD-S100,COMP-STOR,SUP-A,CLOT-A-TOR-20260204,DEF-FUNC,test,1,True,True,False,rework
QEV-000000266,2026-02-04,2026-02-04T12:00:00,PLOT-00000179,FAC-MY,LINE-MY-03,PROD-N100,COMP-MAIN,SUP-D,CLOT-D-AIN-20260204,DEF-FUNC,test,1,True,False,False,fail
QEV-000000267,2026-02-04,2026-02-04T12:00:00,PLOT-00000179,FAC-MY,LINE-MY-03,PROD-N100,COMP-MEM,SUP-A,CLOT-A-MEM-20260204,DEF-MEM,test,1,True,False,False,fail
QEV-000000268,2026-02-04,2026-02-04T12:00:00,PLOT-00000179,FAC-MY,LINE-MY-03,PROD-N100,COMP-PWR,SUP-A,CLOT-A-PWR-20260204,DEF-FUNC,test,1,True,True,False,rework
QEV-000000269,2026-02-04,2026-02-04T12:00:00,PLOT-00000179,FAC-MY,LINE-MY-03,PROD-N100,COMP-STOR,SUP-G,CLOT-G-TOR-20260204,DEF-FUNC,test,1,True,True,False,rework
QEV-000000270,2026-02-05,2026-02-05T12:00:00,PLOT-00000180,FAC-TW,LINE-TW-01,PROD-X200,COMP-COOL,SUP-A,CLOT-A-OOL-20260205,DEF-THERM,test,1,True,True,False,rework
QEV-000000271,2026-02-05,2026-02-05T12:00:00,PLOT-00000180,FAC-TW,LINE-TW-01,PROD-X200,COMP-COOL,SUP-C,CLOT-C-OOL-20260205,DEF-FUNC,test,1,True,False,False,fail
QEV-000000272,2026-02-05,2026-02-05T12:00:00,PLOT-00000180,FAC-TW,LINE-TW-01,PROD-X200,COMP-PWR,SUP-F,CLOT-F-PWR-20260205,DEF-VOLT,test,1,True,True,False,rework
QEV-000000273,2026-02-05,2026-02-05T12:00:00,PLOT-00000181,FAC-TW,LINE-TW-02,PROD-N100,COMP-MEM,SUP-C,CLOT-C-MEM-20260205,DEF-MEM,test,1,True,False,False,fail
QEV-000000274,2026-02-05,2026-02-05T12:00:00,PLOT-00000182,FAC-MX,LINE-MX-01,PROD-S100,COMP-COOL,SUP-D,CLOT-D-OOL-20260205,DEF-FUNC,test,1,True,False,False,fail
QEV-000000275,2026-02-05,2026-02-05T12:00:00,PLOT-00000182,FAC-MX,LINE-MX-01,PROD-S100,COMP-MEM,SUP-F,CLOT-F-MEM-20260205,DEF-MEM,test,1,True,False,False,fail
QEV-000000276,2026-02-05,2026-02-05T12:00:00,PLOT-00000183,FAC-MX,LINE-MX-02,PROD-S100,COMP-PWR,SUP-B,CLOT-B-PWR-20260205,DEF-VOLT,test,1,True,True,False,rework
QEV-000000277,2026-02-05,2026-02-05T12:00:00,PLOT-00000184,FAC-MY,LINE-MY-01,PROD-S100,COMP-PWR,SUP-C,CLOT-C-PWR-20260205,DEF-VOLT,test,1,True,True,False,rework
QEV-000000278,2026-02-05,2026-02-05T12:00:00,PLOT-00000185,FAC-MY,LINE-MY-03,PROD-S100,COMP-MEM,SUP-A,CLOT-A-MEM-20260205,DEF-MEM,test,1,True,False,True,scrap
QEV-000000279,2026-02-05,2026-02-05T12:00:00,PLOT-00000185,FAC-MY,LINE-MY-03,PROD-S100,COMP-MEM,SUP-B,CLOT-B-MEM-20260205,DEF-MEM,test,1,True,False,False,fail
QEV-000000280,2026-02-05,2026-02-05T12:00:00,PLOT-00000185,FAC-MY,LINE-MY-03,PROD-S100,COMP-MEM,SUP-B,CLOT-B-MEM-20260205,DEF-MEM,test,1,True,False,True,scrap
QEV-000000281,2026-02-05,2026-02-05T12:00:00,PLOT-00000185,FAC-MY,LINE-MY-03,PROD-S100,COMP-STOR,SUP-D,CLOT-D-TOR-20260205,DEF-FUNC,test,1,True,False,False,fail
QEV-000000282,2026-02-06,2026-02-06T12:00:00,PLOT-00000187,FAC-TW,LINE-TW-02,PROD-N100,COMP-MEM,SUP-A,CLOT-A-MEM-20260206,DEF-MEM,test,1,True,True,False,rework
QEV-000000283,2026-02-06,2026-02-06T12:00:00,PLOT-00000188,FAC-MX,LINE-MX-01,PROD-N100,COMP-MAIN,SUP-A,CLOT-A-AIN-20260206,DEF-FUNC,test,1,True,True,False,rework
QEV-000000284,2026-02-06,2026-02-06T12:00:00,PLOT-00000188,FAC-MX,LINE-MX-01,PROD-N100,COMP-MAIN,SUP-F,CLOT-F-AIN-20260206,DEF-FUNC,test,1,True,False,False,fail
QEV-000000285,2026-02-06,2026-02-06T12:00:00,PLOT-00000188,FAC-MX,LINE-MX-01,PROD-N100,COMP-MAIN,SUP-G,CLOT-G-AIN-20260206,DEF-FUNC,test,1,True,True,False,rework
QEV-000000286,2026-02-06,2026-02-06T12:00:00,PLOT-00000188,FAC-MX,LINE-MX-01,PROD-N100,COMP-STOR,SUP-F,CLOT-F-TOR-20260206,DEF-ASSY,in_process,1,True,False,False,fail
QEV-000000287,2026-02-06,2026-02-06T12:00:00,PLOT-00000189,FAC-MX,LINE-MX-02,PROD-X100,COMP-COOL,SUP-G,CLOT-G-OOL-20260206,DEF-THERM,test,1,True,False,True,scrap
QEV-000000288,2026-02-06,2026-02-06T12:00:00,PLOT-00000189,FAC-MX,LINE-MX-02,PROD-X100,COMP-MEM,SUP-B,CLOT-B-MEM-20260206,DEF-FUNC,test,1,True,False,False,fail
QEV-000000289,2026-02-06,2026-02-06T12:00:00,PLOT-00000189,FAC-MX,LINE-MX-02,PROD-X100,COMP-PWR,SUP-E,CLOT-E-PWR-20260206,DEF-VOLT,test,1,True,True,False,rework
QEV-000000290,2026-02-06,2026-02-06T12:00:00,PLOT-00000190,FAC-MY,LINE-MY-01,PROD-X200,COMP-NET,SUP-F,CLOT-F-NET-20260206,DEF-CONN,in_process,1,True,False,False,fail
QEV-000000291,2026-02-06,2026-02-06T12:00:00,PLOT-00000190,FAC-MY,LINE-MY-01,PROD-X200,COMP-STOR,SUP-E,CLOT-E-TOR-20260206,DEF-ASSY,in_process,1,True,True,False,rework
QEV-000000292,2026-02-06,2026-02-06T12:00:00,PLOT-00000191,FAC-MY,LINE-MY-03,PROD-S100,COMP-MAIN,SUP-D,CLOT-D-AIN-20260206,DEF-VOLT,test,1,True,False,True,scrap
QEV-000000293,2026-02-06,2026-02-06T12:00:00,PLOT-00000191,FAC-MY,LINE-MY-03,PROD-S100,COMP-MEM,SUP-B,CLOT-B-MEM-20260206,DEF-MEM,test,1,True,True,False,rework
QEV-000000294,2026-02-06,2026-02-06T12:00:00,PLOT-00000191,FAC-MY,LINE-MY-03,PROD-S100,COMP-MEM,SUP-C,CLOT-C-MEM-20260206,DEF-MEM,test,1,True,False,True,scrap
QEV-000000295,2026-02-06,2026-02-06T12:00:00,PLOT-00000191,FAC-MY,LINE-MY-03,PROD-S100,COMP-MEM,SUP-D,CLOT-D-MEM-20260206,DEF-MEM,test,1,True,True,False,rework
QEV-000000296,2026-02-06,2026-02-06T12:00:00,PLOT-00000191,FAC-MY,LINE-MY-03,PROD-S100,COMP-NET,SUP-F,CLOT-F-NET-20260206,DEF-CONN,in_process,1,True,True,False,rework
QEV-000000297,2026-02-06,2026-02-06T12:00:00,PLOT-00000191,FAC-MY,LINE-MY-03,PROD-S100,COMP-STOR,SUP-C,CLOT-C-TOR-20260206,DEF-ASSY,in_process,1,True,True,False,rework
QEV-000000298,2026-02-06,2026-02-06T12:00:00,PLOT-00000191,FAC-MY,LINE-MY-03,PROD-S100,COMP-STOR,SUP-G,CLOT-G-TOR-20260206,DEF-FUNC,test,1,True,True,False,rework
QEV-000000299,2026-02-07,2026-02-07T12:00:00,PLOT-00000193,FAC-TW,LINE-TW-02,PROD-X100,COMP-COOL,SUP-A,CLOT-A-OOL-20260207,DEF-THERM,test,1,True,True,False,rework
QEV-000000300,2026-02-07,2026-02-07T12:00:00,PLOT-00000193,FAC-TW,LINE-TW-02,PROD-X100,COMP-MAIN,SUP-B,CLOT-B-AIN-20260207,DEF-VOLT,test,1,True,True,False,rework
QEV-000000301,2026-02-07,2026-02-07T12:00:00,PLOT-00000194,FAC-MX,LINE-MX-01,PROD-X100,COMP-COOL,SUP-E,CLOT-E-OOL-20260207,DEF-THERM,test,1,True,True,False,rework
QEV-000000302,2026-02-07,2026-02-07T12:00:00,PLOT-00000194,FAC-MX,LINE-MX-01,PROD-X100,COMP-STOR,SUP-A,CLOT-A-TOR-20260207,DEF-CONN,in_process,1,True,False,False,fail
QEV-000000303,2026-02-07,2026-02-07T12:00:00,PLOT-00000195,FAC-MX,LINE-MX-02,PROD-X100,COMP-MEM,SUP-D,CLOT-D-MEM-20260207,DEF-FUNC,test,1,True,False,True,scrap
QEV-000000304,2026-02-07,2026-02-07T12:00:00,PLOT-00000195,FAC-MX,LINE-MX-02,PROD-X100,COMP-NET,SUP-D,CLOT-D-NET-20260207,DEF-FUNC,test,1,True,True,False,rework
QEV-000000305,2026-02-07,2026-02-07T12:00:00,PLOT-00000196,FAC-MY,LINE-MY-01,PROD-S100,COMP-MAIN,SUP-B,CLOT-B-AIN-20260207,DEF-FUNC,test,1,True,True,False,rework
QEV-000000306,2026-02-07,2026-02-07T12:00:00,PLOT-00000196,FAC-MY,LINE-MY-01,PROD-S100,COMP-MEM,SUP-A,CLOT-A-MEM-20260207,DEF-MEM,test,1,True,True,False,rework
QEV-000000307,2026-02-07,2026-02-07T12:00:00,PLOT-00000196,FAC-MY,LINE-MY-01,PROD-S100,COMP-NET,SUP-D,CLOT-D-NET-20260207,DEF-ASSY,in_process,1,True,True,False,rework
QEV-000000308,2026-02-07,2026-02-07T12:00:00,PLOT-00000197,FAC-MY,LINE-MY-03,PROD-X200,COMP-COOL,SUP-H,CLOT-H-OOL-20260207,DEF-FUNC,test,1,True,True,False,rework
QEV-000000309,2026-02-07,2026-02-07T12:00:00,PLOT-00000197,FAC-MY,LINE-MY-03,PROD-X200,COMP-MAIN,SUP-A,CLOT-A-AIN-20260207,DEF-VOLT,test,1,True,True,False,rework
QEV-000000310,2026-02-07,2026-02-07T12:00:00,PLOT-00000197,FAC-MY,LINE-MY-03,PROD-X200,COMP-MAIN,SUP-C,CLOT-C-AIN-20260207,DEF-FUNC,test,1,True,False,True,scrap
QEV-000000311,2026-02-07,2026-02-07T12:00:00,PLOT-00000197,FAC-MY,LINE-MY-03,PROD-X200,COMP-MEM,SUP-A,CLOT-A-MEM-20260207,DEF-MEM,test,1,True,True,False,rework
QEV-000000312,2026-02-07,2026-02-07T12:00:00,PLOT-00000197,FAC-MY,LINE-MY-03,PROD-X200,COMP-MEM,SUP-B,CLOT-B-MEM-20260207,DEF-MEM,test,1,True,True,False,rework
QEV-000000313,2026-02-07,2026-02-07T12:00:00,PLOT-00000197,FAC-MY,LINE-MY-03,PROD-X200,COMP-NET,SUP-D,CLOT-D-NET-20260207,DEF-FUNC,test,1,True,True,False,rework
QEV-000000314,2026-02-07,2026-02-07T12:00:00,PLOT-00000197,FAC-MY,LINE-MY-03,PROD-X200,COMP-PWR,SUP-C,CLOT-C-PWR-20260207,DEF-FUNC,test,1,True,False,False,fail
QEV-000000315,2026-02-07,2026-02-07T12:00:00,PLOT-00000197,FAC-MY,LINE-MY-03,PROD-X200,COMP-PWR,SUP-C,CLOT-C-PWR-20260207,DEF-FUNC,test,1,True,True,False,rework
QEV-000000316,2026-02-07,2026-02-07T12:00:00,PLOT-00000197,FAC-MY,LINE-MY-03,PROD-X200,COMP-STOR,SUP-H,CLOT-H-TOR-20260207,DEF-FUNC,test,2,True,True,False,rework
QEV-000000317,2026-02-08,2026-02-08T12:00:00,PLOT-00000198,FAC-TW,LINE-TW-01,PROD-X200,COMP-COOL,SUP-B,CLOT-B-OOL-20260208,DEF-THERM,test,1,True,True,False,rework
QEV-000000318,2026-02-08,2026-02-08T12:00:00,PLOT-00000198,FAC-TW,LINE-TW-01,PROD-X200,COMP-MEM,SUP-E,CLOT-E-MEM-20260208,DEF-MEM,test,1,True,True,False,rework
QEV-000000319,2026-02-08,2026-02-08T12:00:00,PLOT-00000198,FAC-TW,LINE-TW-01,PROD-X200,COMP-STOR,SUP-G,CLOT-G-TOR-20260208,DEF-CONN,in_process,1,True,True,False,rework
QEV-000000320,2026-02-08,2026-02-08T12:00:00,PLOT-00000199,FAC-TW,LINE-TW-02,PROD-X100,COMP-MAIN,SUP-F,CLOT-F-AIN-20260208,DEF-FUNC,test,1,True,False,False,fail
QEV-000000321,2026-02-08,2026-02-08T12:00:00,PLOT-00000199,FAC-TW,LINE-TW-02,PROD-X100,COMP-NET,SUP-G,CLOT-G-NET-20260208,DEF-FUNC,test,1,True,True,False,rework
QEV-000000322,2026-02-08,2026-02-08T12:00:00,PLOT-00000200,FAC-MX,LINE-MX-01,PROD-X100,COMP-COOL,SUP-B,CLOT-B-OOL-20260208,DEF-ASSY,in_process,1,True,True,False,rework
QEV-000000323,2026-02-08,2026-02-08T12:00:00,PLOT-00000200,FAC-MX,LINE-MX-01,PROD-X100,COMP-MAIN,SUP-B,CLOT-B-AIN-20260208,DEF-ASSY,in_process,1,True,True,False,rework
QEV-000000324,2026-02-08,2026-02-08T12:00:00,PLOT-00000200,FAC-MX,LINE-MX-01,PROD-X100,COMP-NET,SUP-B,CLOT-B-NET-20260208,DEF-ASSY,in_process,1,True,True,False,rework
QEV-000000325,2026-02-08,2026-02-08T12:00:00,PLOT-00000200,FAC-MX,LINE-MX-01,PROD-X100,COMP-STOR,SUP-E,CLOT-E-TOR-20260208,DEF-FUNC,test,1,True,True,False,rework
QEV-000000326,2026-02-08,2026-02-08T12:00:00,PLOT-00000201,FAC-MX,LINE-MX-02,PROD-X100,COMP-MAIN,SUP-E,CLOT-E-AIN-20260208,DEF-ASSY,in_process,1,True,True,False,rework
QEV-000000327,2026-02-08,2026-02-08T12:00:00,PLOT-00000201,FAC-MX,LINE-MX-02,PROD-X100,COMP-MEM,SUP-H,CLOT-H-MEM-20260208,DEF-CONN,in_process,1,True,False,True,scrap
QEV-000000328,2026-02-08,2026-02-08T12:00:00,PLOT-00000202,FAC-MY,LINE-MY-01,PROD-X100,COMP-COOL,SUP-E,CLOT-E-OOL-20260208,DEF-THERM,test,1,True,False,False,fail
QEV-000000329,2026-02-08,2026-02-08T12:00:00,PLOT-00000203,FAC-MY,LINE-MY-03,PROD-C100,COMP-MEM,SUP-E,CLOT-E-MEM-20260208,DEF-MEM,test,1,True,True,False,rework
QEV-000000330,2026-02-08,2026-02-08T12:00:00,PLOT-00000203,FAC-MY,LINE-MY-03,PROD-C100,COMP-NET,SUP-F,CLOT-F-NET-20260208,DEF-CONN,in_process,1,True,True,False,rework
QEV-000000331,2026-02-08,2026-02-08T12:00:00,PLOT-00000203,FAC-MY,LINE-MY-03,PROD-C100,COMP-PWR,SUP-H,CLOT-H-PWR-20260208,DEF-VOLT,test,1,True,True,False,rework
QEV-000000332,2026-02-09,2026-02-09T12:00:00,PLOT-00000204,FAC-TW,LINE-TW-01,PROD-X200,COMP-COOL,SUP-F,CLOT-F-OOL-20260209,DEF-THERM,test,1,True,False,True,scrap
QEV-000000333,2026-02-09,2026-02-09T12:00:00,PLOT-00000204,FAC-TW,LINE-TW-01,PROD-X200,COMP-MAIN,SUP-D,CLOT-D-AIN-20260209,DEF-FUNC,test,1,True,True,False,rework
QEV-000000334,2026-02-09,2026-02-09T12:00:00,PLOT-00000204,FAC-TW,LINE-TW-01,PROD-X200,COMP-STOR,SUP-F,CLOT-F-TOR-20260209,DEF-FUNC,test,1,True,True,False,rework
QEV-000000335,2026-02-09,2026-02-09T12:00:00,PLOT-00000205,FAC-TW,LINE-TW-02,PROD-X100,COMP-PWR,SUP-B,CLOT-B-PWR-20260209,DEF-VOLT,test,1,True,True,False,rework
QEV-000000336,2026-02-09,2026-02-09T12:00:00,PLOT-00000205,FAC-TW,LINE-TW-02,PROD-X100,COMP-PWR,SUP-H,CLOT-H-PWR-20260209,DEF-CONN,in_process,1,True,False,False,fail
QEV-000000337,2026-02-09,2026-02-09T12:00:00,PLOT-00000206,FAC-MX,LINE-MX-01,PROD-X100,COMP-COOL,SUP-G,CLOT-G-OOL-20260209,DEF-THERM,test,1,True,True,False,rework
QEV-000000338,2026-02-09,2026-02-09T12:00:00,PLOT-00000206,FAC-MX,LINE-MX-01,PROD-X100,COMP-MAIN,SUP-E,CLOT-E-AIN-20260209,DEF-FUNC,test,1,True,False,False,fail
QEV-000000339,2026-02-09,2026-02-09T12:00:00,PLOT-00000207,FAC-MX,LINE-MX-02,PROD-C100,COMP-MAIN,SUP-C,CLOT-C-AIN-20260209,DEF-VOLT,test,1,True,True,False,rework
QEV-000000340,2026-02-09,2026-02-09T12:00:00,PLOT-00000209,FAC-MY,LINE-MY-03,PROD-N100,COMP-MAIN,SUP-B,CLOT-B-AIN-20260209,DEF-FUNC,test,1,True,True,False,rework
QEV-000000341,2026-02-09,2026-02-09T12:00:00,PLOT-00000209,FAC-MY,LINE-MY-03,PROD-N100,COMP-NET,SUP-C,CLOT-C-NET-20260209,DEF-FUNC,test,1,True,True,False,rework
QEV-000000342,2026-02-09,2026-02-09T12:00:00,PLOT-00000209,FAC-MY,LINE-MY-03,PROD-N100,COMP-PWR,SUP-A,CLOT-A-PWR-20260209,DEF-VOLT,test,1,True,False,True,scrap
QEV-000000343,2026-02-09,2026-02-09T12:00:00,PLOT-00000209,FAC-MY,LINE-MY-03,PROD-N100,COMP-PWR,SUP-E,CLOT-E-PWR-20260209,DEF-VOLT,test,1,True,True,False,rework
QEV-000000344,2026-02-09,2026-02-09T12:00:00,PLOT-00000209,FAC-MY,LINE-MY-03,PROD-N100,COMP-STOR,SUP-A,CLOT-A-TOR-20260209,DEF-FUNC,test,1,True,True,False,rework
QEV-000000345,2026-02-10,2026-02-10T12:00:00,PLOT-00000210,FAC-TW,LINE-TW-01,PROD-X200,COMP-MAIN,SUP-F,CLOT-F-AIN-20260210,DEF-ASSY,in_process,1,True,True,False,rework
QEV-000000346,2026-02-10,2026-02-10T12:00:00,PLOT-00000212,FAC-MX,LINE-MX-01,PROD-X200,COMP-MEM,SUP-D,CLOT-D-MEM-20260210,DEF-FUNC,test,1,True,True,False,rework
QEV-000000347,2026-02-10,2026-02-10T12:00:00,PLOT-00000212,FAC-MX,LINE-MX-01,PROD-X200,COMP-STOR,SUP-A,CLOT-A-TOR-20260210,DEF-FUNC,test,1,True,False,False,fail
QEV-000000348,2026-02-10,2026-02-10T12:00:00,PLOT-00000212,FAC-MX,LINE-MX-01,PROD-X200,COMP-STOR,SUP-D,CLOT-D-TOR-20260210,DEF-CONN,in_process,1,True,True,False,rework
QEV-000000349,2026-02-10,2026-02-10T12:00:00,PLOT-00000212,FAC-MX,LINE-MX-01,PROD-X200,COMP-STOR,SUP-E,CLOT-E-TOR-20260210,DEF-FUNC,test,1,True,False,False,fail
QEV-000000350,2026-02-10,2026-02-10T12:00:00,PLOT-00000213,FAC-MX,LINE-MX-02,PROD-C100,COMP-MAIN,SUP-A,CLOT-A-AIN-20260210,DEF-ASSY,in_process,1,True,False,False,fail
QEV-000000351,2026-02-10,2026-02-10T12:00:00,PLOT-00000213,FAC-MX,LINE-MX-02,PROD-C100,COMP-PWR,SUP-B,CLOT-B-PWR-20260210,DEF-VOLT,test,1,True,False,True,scrap
QEV-000000352,2026-02-10,2026-02-10T12:00:00,PLOT-00000214,FAC-MY,LINE-MY-01,PROD-C100,COMP-COOL,SUP-D,CLOT-D-OOL-20260210,DEF-ASSY,in_process,1,True,True,False,rework
QEV-000000353,2026-02-10,2026-02-10T12:00:00,PLOT-00000214,FAC-MY,LINE-MY-01,PROD-C100,COMP-MEM,SUP-A,CLOT-A-MEM-20260210,DEF-MEM,test,1,True,True,False,rework
QEV-000000354,2026-02-10,2026-02-10T12:00:00,PLOT-00000215,FAC-MY,LINE-MY-03,PROD-X200,COMP-COOL,SUP-C,CLOT-C-OOL-20260210,DEF-THERM,test,1,True,False,False,fail
QEV-000000355,2026-02-10,2026-02-10T12:00:00,PLOT-00000215,FAC-MY,LINE-MY-03,PROD-X200,COMP-MEM,SUP-B,CLOT-B-MEM-20260210,DEF-FUNC,test,1,True,True,False,rework
QEV-000000356,2026-02-11,2026-02-11T12:00:00,PLOT-00000216,FAC-TW,LINE-TW-01,PROD-C100,COMP-MEM,SUP-H,CLOT-H-MEM-20260211,DEF-MEM,test,1,True,False,False,fail
QEV-000000357,2026-02-11,2026-02-11T12:00:00,PLOT-00000218,FAC-MX,LINE-MX-01,PROD-X200,COMP-COOL,SUP-B,CLOT-B-OOL-20260211,DEF-THERM,test,1,True,False,False,fail
QEV-000000358,2026-02-11,2026-02-11T12:00:00,PLOT-00000218,FAC-MX,LINE-MX-01,PROD-X200,COMP-MAIN,SUP-C,CLOT-C-AIN-20260211,DEF-VOLT,test,1,True,False,True,scrap
QEV-000000359,2026-02-11,2026-02-11T12:00:00,PLOT-00000218,FAC-MX,LINE-MX-01,PROD-X200,COMP-MEM,SUP-H,CLOT-H-MEM-20260211,DEF-CONN,in_process,1,True,True,False,rework
QEV-000000360,2026-02-11,2026-02-11T12:00:00,PLOT-00000218,FAC-MX,LINE-MX-01,PROD-X200,COMP-NET,SUP-D,CLOT-D-NET-20260211,DEF-CONN,in_process,1,True,True,False,rework
QEV-000000361,2026-02-11,2026-02-11T12:00:00,PLOT-00000218,FAC-MX,LINE-MX-01,PROD-X200,COMP-NET,SUP-E,CLOT-E-NET-20260211,DEF-CONN,in_process,1,True,True,False,rework
QEV-000000362,2026-02-11,2026-02-11T12:00:00,PLOT-00000219,FAC-MX,LINE-MX-02,PROD-X200,COMP-STOR,SUP-E,CLOT-E-TOR-20260211,DEF-ASSY,in_process,1,True,True,False,rework
QEV-000000363,2026-02-11,2026-02-11T12:00:00,PLOT-00000220,FAC-MY,LINE-MY-01,PROD-C100,COMP-MAIN,SUP-A,CLOT-A-AIN-20260211,DEF-FUNC,test,1,True,True,False,rework
QEV-000000364,2026-02-11,2026-02-11T12:00:00,PLOT-00000220,FAC-MY,LINE-MY-01,PROD-C100,COMP-MAIN,SUP-G,CLOT-G-AIN-20260211,DEF-ASSY,in_process,1,True,True,False,rework
QEV-000000365,2026-02-11,2026-02-11T12:00:00,PLOT-00000220,FAC-MY,LINE-MY-01,PROD-C100,COMP-PWR,SUP-C,CLOT-C-PWR-20260211,DEF-VOLT,test,1,True,False,False,fail
QEV-000000366,2026-02-11,2026-02-11T12:00:00,PLOT-00000221,FAC-MY,LINE-MY-03,PROD-X200,COMP-COOL,SUP-B,CLOT-B-OOL-20260211,DEF-FUNC,test,1,True,True,False,rework
QEV-000000367,2026-02-11,2026-02-11T12:00:00,PLOT-00000221,FAC-MY,LINE-MY-03,PROD-X200,COMP-COOL,SUP-B,CLOT-B-OOL-20260211,DEF-THERM,test,1,True,True,False,rework
QEV-000000368,2026-02-11,2026-02-11T12:00:00,PLOT-00000221,FAC-MY,LINE-MY-03,PROD-X200,COMP-COOL,SUP-H,CLOT-H-OOL-20260211,DEF-THERM,test,1,True,False,True,scrap
QEV-000000369,2026-02-11,2026-02-11T12:00:00,PLOT-00000221,FAC-MY,LINE-MY-03,PROD-X200,COMP-PWR,SUP-C,CLOT-C-PWR-20260211,DEF-VOLT,test,1,True,True,False,rework
QEV-000000370,2026-02-11,2026-02-11T12:00:00,PLOT-00000221,FAC-MY,LINE-MY-03,PROD-X200,COMP-STOR,SUP-B,CLOT-B-TOR-20260211,DEF-FUNC,test,1,True,True,False,rework
QEV-000000371,2026-02-12,2026-02-12T12:00:00,PLOT-00000223,FAC-TW,LINE-TW-02,PROD-C100,COMP-MAIN,SUP-C,CLOT-C-AIN-20260212,DEF-FUNC,test,1,True,True,False,rework
QEV-000000372,2026-02-12,2026-02-12T12:00:00,PLOT-00000223,FAC-TW,LINE-TW-02,PROD-C100,COMP-MEM,SUP-E,CLOT-E-MEM-20260212,DEF-FUNC,test,1,True,False,True,scrap
QEV-000000373,2026-02-12,2026-02-12T12:00:00,PLOT-00000224,FAC-MX,LINE-MX-01,PROD-X100,COMP-MEM,SUP-C,CLOT-C-MEM-20260212,DEF-MEM,test,1,True,False,True,scrap
QEV-000000374,2026-02-12,2026-02-12T12:00:00,PLOT-00000224,FAC-MX,LINE-MX-01,PROD-X100,COMP-STOR,SUP-C,CLOT-C-TOR-20260212,DEF-FUNC,test,1,True,False,False,fail
QEV-000000375,2026-02-12,2026-02-12T12:00:00,PLOT-00000225,FAC-MX,LINE-MX-02,PROD-X200,COMP-MAIN,SUP-A,CLOT-A-AIN-20260212,DEF-ASSY,in_process,1,True,False,False,fail
QEV-000000376,2026-02-12,2026-02-12T12:00:00,PLOT-00000225,FAC-MX,LINE-MX-02,PROD-X200,COMP-NET,SUP-D,CLOT-D-NET-20260212,DEF-FUNC,test,1,True,False,False,fail
QEV-000000377,2026-02-12,2026-02-12T12:00:00,PLOT-00000226,FAC-MY,LINE-MY-01,PROD-C100,COMP-COOL,SUP-A,CLOT-A-OOL-20260212,DEF-THERM,test,1,True,True,False,rework
QEV-000000378,2026-02-12,2026-02-12T12:00:00,PLOT-00000227,FAC-MY,LINE-MY-03,PROD-N100,COMP-MAIN,SUP-C,CLOT-C-AIN-20260212,DEF-ASSY,in_process,1,True,True,False,rework
QEV-000000379,2026-02-12,2026-02-12T12:00:00,PLOT-00000227,FAC-MY,LINE-MY-03,PROD-N100,COMP-NET,SUP-C,CLOT-C-NET-20260212,DEF-CONN,in_process,1,True,True,False,rework
QEV-000000380,2026-02-12,2026-02-12T12:00:00,PLOT-00000227,FAC-MY,LINE-MY-03,PROD-N100,COMP-NET,SUP-E,CLOT-E-NET-20260212,DEF-ASSY,in_process,1,True,False,True,scrap
QEV-000000381,2026-02-12,2026-02-12T12:00:00,PLOT-00000227,FAC-MY,LINE-MY-03,PROD-N100,COMP-PWR,SUP-G,CLOT-G-PWR-20260212,DEF-CONN,in_process,1,True,True,False,rework
QEV-000000382,2026-02-13,2026-02-13T12:00:00,PLOT-00000230,FAC-MX,LINE-MX-01,PROD-N100,COMP-MEM,SUP-A,CLOT-A-MEM-20260213,DEF-FUNC,test,1,True,True,False,rework
QEV-000000383,2026-02-13,2026-02-13T12:00:00,PLOT-00000231,FAC-MX,LINE-MX-02,PROD-X200,COMP-MAIN,SUP-H,CLOT-H-AIN-20260213,DEF-FUNC,test,1,True,False,False,fail
QEV-000000384,2026-02-13,2026-02-13T12:00:00,PLOT-00000231,FAC-MX,LINE-MX-02,PROD-X200,COMP-PWR,SUP-D,CLOT-D-PWR-20260213,DEF-VOLT,test,1,True,False,True,scrap
QEV-000000385,2026-02-13,2026-02-13T12:00:00,PLOT-00000231,FAC-MX,LINE-MX-02,PROD-X200,COMP-STOR,SUP-B,CLOT-B-TOR-20260213,DEF-ASSY,in_process,1,True,True,False,rework
QEV-000000386,2026-02-13,2026-02-13T12:00:00,PLOT-00000233,FAC-MY,LINE-MY-03,PROD-X100,COMP-MAIN,SUP-B,CLOT-B-AIN-20260213,DEF-ASSY,in_process,1,True,True,False,rework
QEV-000000387,2026-02-13,2026-02-13T12:00:00,PLOT-00000233,FAC-MY,LINE-MY-03,PROD-X100,COMP-PWR,SUP-A,CLOT-A-PWR-20260213,DEF-FUNC,test,1,True,True,False,rework
QEV-000000388,2026-02-13,2026-02-13T12:00:00,PLOT-00000233,FAC-MY,LINE-MY-03,PROD-X100,COMP-PWR,SUP-A,CLOT-A-PWR-20260213,DEF-VOLT,test,1,True,True,False,rework
QEV-000000389,2026-02-13,2026-02-13T12:00:00,PLOT-00000233,FAC-MY,LINE-MY-03,PROD-X100,COMP-PWR,SUP-D,CLOT-D-PWR-20260213,DEF-VOLT,test,1,True,False,False,fail
QEV-000000390,2026-02-14,2026-02-14T12:00:00,PLOT-00000234,FAC-TW,LINE-TW-01,PROD-S100,COMP-PWR,SUP-F,CLOT-F-PWR-20260214,DEF-CONN,in_process,1,True,False,False,fail
QEV-000000391,2026-02-14,2026-02-14T12:00:00,PLOT-00000234,FAC-TW,LINE-TW-01,PROD-S100,COMP-STOR,SUP-D,CLOT-D-TOR-20260214,DEF-FUNC,test,1,True,True,False,rework
QEV-000000392,2026-02-14,2026-02-14T12:00:00,PLOT-00000236,FAC-MX,LINE-MX-01,PROD-X100,COMP-NET,SUP-H,CLOT-H-NET-20260214,DEF-FUNC,test,1,True,True,False,rework
QEV-000000393,2026-02-14,2026-02-14T12:00:00,PLOT-00000237,FAC-MX,LINE-MX-02,PROD-X200,COMP-PWR,SUP-B,CLOT-B-PWR-20260214,DEF-VOLT,test,1,True,True,False,rework
QEV-000000394,2026-02-14,2026-02-14T12:00:00,PLOT-00000237,FAC-MX,LINE-MX-02,PROD-X200,COMP-PWR,SUP-F,CLOT-F-PWR-20260214,DEF-FUNC,test,1,True,True,False,rework
QEV-000000395,2026-02-14,2026-02-14T12:00:00,PLOT-00000237,FAC-MX,LINE-MX-02,PROD-X200,COMP-STOR,SUP-A,CLOT-A-TOR-20260214,DEF-ASSY,in_process,1,True,False,True,scrap
QEV-000000396,2026-02-14,2026-02-14T12:00:00,PLOT-00000237,FAC-MX,LINE-MX-02,PROD-X200,COMP-STOR,SUP-B,CLOT-B-TOR-20260214,DEF-CONN,in_process,1,True,True,False,rework
QEV-000000397,2026-02-14,2026-02-14T12:00:00,PLOT-00000238,FAC-MY,LINE-MY-01,PROD-C100,COMP-MAIN,SUP-A,CLOT-A-AIN-20260214,DEF-VOLT,test,1,True,False,False,fail
QEV-000000398,2026-02-14,2026-02-14T12:00:00,PLOT-00000238,FAC-MY,LINE-MY-01,PROD-C100,COMP-MEM,SUP-C,CLOT-C-MEM-20260214,DEF-MEM,test,1,True,True,False,rework
QEV-000000399,2026-02-14,2026-02-14T12:00:00,PLOT-00000239,FAC-MY,LINE-MY-03,PROD-X100,COMP-PWR,SUP-B,CLOT-B-PWR-20260214,DEF-VOLT,test,1,True,False,False,fail
QEV-000000400,2026-02-14,2026-02-14T12:00:00,PLOT-00000239,FAC-MY,LINE-MY-03,PROD-X100,COMP-STOR,SUP-A,CLOT-A-TOR-20260214,DEF-FUNC,test,1,True,True,False,rework
QEV-000000401,2026-02-15,2026-02-15T12:00:00,PLOT-00000242,FAC-MX,LINE-MX-01,PROD-X100,COMP-MAIN,SUP-D,CLOT-D-AIN-20260215,DEF-VOLT,test,1,True,False,False,fail
QEV-000000402,2026-02-15,2026-02-15T12:00:00,PLOT-00000242,FAC-MX,LINE-MX-01,PROD-X100,COMP-NET,SUP-F,CLOT-F-NET-20260215,DEF-CONN,in_process,1,True,True,False,rework
QEV-000000403,2026-02-15,2026-02-15T12:00:00,PLOT-00000245,FAC-MY,LINE-MY-03,PROD-C100,COMP-COOL,SUP-H,CLOT-H-OOL-20260215,DEF-FUNC,test,1,True,False,True,scrap
QEV-000000404,2026-02-15,2026-02-15T12:00:00,PLOT-00000245,FAC-MY,LINE-MY-03,PROD-C100,COMP-MAIN,SUP-A,CLOT-A-AIN-20260215,DEF-ASSY,in_process,1,True,True,False,rework
QEV-000000405,2026-02-15,2026-02-15T12:00:00,PLOT-00000245,FAC-MY,LINE-MY-03,PROD-C100,COMP-MAIN,SUP-B,CLOT-B-AIN-20260215,DEF-FUNC,test,1,True,True,False,rework
QEV-000000406,2026-02-15,2026-02-15T12:00:00,PLOT-00000245,FAC-MY,LINE-MY-03,PROD-C100,COMP-MEM,SUP-B,CLOT-B-MEM-20260215,DEF-FUNC,test,1,True,True,False,rework
QEV-000000407,2026-02-15,2026-02-15T12:00:00,PLOT-00000245,FAC-MY,LINE-MY-03,PROD-C100,COMP-PWR,SUP-A,CLOT-A-PWR-20260215,DEF-CONN,in_process,1,True,False,True,scrap
QEV-000000408,2026-02-15,2026-02-15T12:00:00,PLOT-00000245,FAC-MY,LINE-MY-03,PROD-C100,COMP-STOR,SUP-A,CLOT-A-TOR-20260215,DEF-FUNC,test,1,True,True,False,rework
QEV-000000409,2026-02-16,2026-02-16T12:00:00,PLOT-00000246,FAC-TW,LINE-TW-01,PROD-C100,COMP-COOL,SUP-B,CLOT-B-OOL-20260216,DEF-THERM,test,1,True,True,False,rework
QEV-000000410,2026-02-16,2026-02-16T12:00:00,PLOT-00000248,FAC-MX,LINE-MX-01,PROD-X200,COMP-NET,SUP-E,CLOT-E-NET-20260216,DEF-CONN,in_process,1,True,False,True,scrap
QEV-000000411,2026-02-16,2026-02-16T12:00:00,PLOT-00000248,FAC-MX,LINE-MX-01,PROD-X200,COMP-PWR,SUP-G,CLOT-G-PWR-20260216,DEF-VOLT,test,1,True,False,False,fail
QEV-000000412,2026-02-16,2026-02-16T12:00:00,PLOT-00000249,FAC-MX,LINE-MX-02,PROD-X100,COMP-MAIN,SUP-H,CLOT-H-AIN-20260216,DEF-ASSY,in_process,1,True,False,False,fail
QEV-000000413,2026-02-16,2026-02-16T12:00:00,PLOT-00000249,FAC-MX,LINE-MX-02,PROD-X100,COMP-NET,SUP-G,CLOT-G-NET-20260216,DEF-FUNC,test,1,True,True,False,rework
QEV-000000414,2026-02-16,2026-02-16T12:00:00,PLOT-00000251,FAC-MY,LINE-MY-03,PROD-N100,COMP-MAIN,SUP-G,CLOT-G-AIN-20260216,DEF-VOLT,test,1,True,False,False,fail
QEV-000000415,2026-02-16,2026-02-16T12:00:00,PLOT-00000251,FAC-MY,LINE-MY-03,PROD-N100,COMP-MEM,SUP-C,CLOT-C-MEM-20260216,DEF-MEM,test,1,True,True,False,rework
QEV-000000416,2026-02-16,2026-02-16T12:00:00,PLOT-00000251,FAC-MY,LINE-MY-03,PROD-N100,COMP-STOR,SUP-C,CLOT-C-TOR-20260216,DEF-FUNC,test,1,True,False,True,scrap
QEV-000000417,2026-02-16,2026-02-16T12:00:00,PLOT-00000251,FAC-MY,LINE-MY-03,PROD-N100,COMP-STOR,SUP-C,CLOT-C-TOR-20260216,DEF-FUNC,test,1,True,True,False,rework
QEV-000000418,2026-02-17,2026-02-17T12:00:00,PLOT-00000252,FAC-TW,LINE-TW-01,PROD-X200,COMP-PWR,SUP-G,CLOT-G-PWR-20260217,DEF-CONN,in_process,1,True,True,False,rework
QEV-000000419,2026-02-17,2026-02-17T12:00:00,PLOT-00000255,FAC-MX,LINE-MX-02,PROD-X100,COMP-MAIN,SUP-C,CLOT-C-AIN-20260217,DEF-FUNC,test,1,True,False,True,scrap
QEV-000000420,2026-02-17,2026-02-17T12:00:00,PLOT-00000255,FAC-MX,LINE-MX-02,PROD-X100,COMP-MAIN,SUP-G,CLOT-G-AIN-20260217,DEF-VOLT,test,1,True,False,False,fail
QEV-000000421,2026-02-17,2026-02-17T12:00:00,PLOT-00000257,FAC-MY,LINE-MY-03,PROD-N100,COMP-MAIN,SUP-B,CLOT-B-AIN-20260217,DEF-FUNC,test,1,True,True,False,rework
QEV-000000422,2026-02-17,2026-02-17T12:00:00,PLOT-00000257,FAC-MY,LINE-MY-03,PROD-N100,COMP-MEM,SUP-A,CLOT-A-MEM-20260217,DEF-FUNC,test,1,True,False,False,fail
QEV-000000423,2026-02-17,2026-02-17T12:00:00,PLOT-00000257,FAC-MY,LINE-MY-03,PROD-N100,COMP-MEM,SUP-G,CLOT-G-MEM-20260217,DEF-MEM,test,1,True,True,False,rework
QEV-000000424,2026-02-17,2026-02-17T12:00:00,PLOT-00000257,FAC-MY,LINE-MY-03,PROD-N100,COMP-NET,SUP-G,CLOT-G-NET-20260217,DEF-FUNC,test,1,True,True,False,rework
QEV-000000425,2026-02-18,2026-02-18T12:00:00,PLOT-00000258,FAC-TW,LINE-TW-01,PROD-X100,COMP-COOL,SUP-A,CLOT-A-OOL-20260218,DEF-THERM,test,1,True,False,False,fail
QEV-000000426,2026-02-18,2026-02-18T12:00:00,PLOT-00000259,FAC-TW,LINE-TW-02,PROD-N100,COMP-PWR,SUP-A,CLOT-A-PWR-20260218,DEF-CONN,in_process,1,True,True,False,rework
QEV-000000427,2026-02-18,2026-02-18T12:00:00,PLOT-00000260,FAC-MX,LINE-MX-01,PROD-X100,COMP-PWR,SUP-F,CLOT-F-PWR-20260218,DEF-VOLT,test,1,True,False,True,scrap
QEV-000000428,2026-02-18,2026-02-18T12:00:00,PLOT-00000261,FAC-MX,LINE-MX-02,PROD-X100,COMP-MAIN,SUP-A,CLOT-A-AIN-20260218,DEF-FUNC,test,1,True,True,False,rework
QEV-000000429,2026-02-18,2026-02-18T12:00:00,PLOT-00000261,FAC-MX,LINE-MX-02,PROD-X100,COMP-MEM,SUP-B,CLOT-B-MEM-20260218,DEF-MEM,test,1,True,True,False,rework
QEV-000000430,2026-02-18,2026-02-18T12:00:00,PLOT-00000262,FAC-MY,LINE-MY-01,PROD-N100,COMP-PWR,SUP-D,CLOT-D-PWR-20260218,DEF-FUNC,test,1,True,True,False,rework
QEV-000000431,2026-02-18,2026-02-18T12:00:00,PLOT-00000262,FAC-MY,LINE-MY-01,PROD-N100,COMP-STOR,SUP-A,CLOT-A-TOR-20260218,DEF-FUNC,test,1,True,False,False,fail
QEV-000000432,2026-02-18,2026-02-18T12:00:00,PLOT-00000263,FAC-MY,LINE-MY-03,PROD-C100,COMP-COOL,SUP-H,CLOT-H-OOL-20260218,DEF-THERM,test,1,True,True,False,rework
QEV-000000433,2026-02-18,2026-02-18T12:00:00,PLOT-00000263,FAC-MY,LINE-MY-03,PROD-C100,COMP-MAIN,SUP-A,CLOT-A-AIN-20260218,DEF-VOLT,test,1,True,True,False,rework
QEV-000000434,2026-02-18,2026-02-18T12:00:00,PLOT-00000263,FAC-MY,LINE-MY-03,PROD-C100,COMP-MAIN,SUP-B,CLOT-B-AIN-20260218,DEF-VOLT,test,1,True,True,False,rework
QEV-000000435,2026-02-18,2026-02-18T12:00:00,PLOT-00000263,FAC-MY,LINE-MY-03,PROD-C100,COMP-MAIN,SUP-E,CLOT-E-AIN-20260218,DEF-VOLT,test,1,True,True,False,rework
QEV-000000436,2026-02-18,2026-02-18T12:00:00,PLOT-00000263,FAC-MY,LINE-MY-03,PROD-C100,COMP-MEM,SUP-B,CLOT-B-MEM-20260218,DEF-FUNC,test,1,True,True,False,rework
QEV-000000437,2026-02-18,2026-02-18T12:00:00,PLOT-00000263,FAC-MY,LINE-MY-03,PROD-C100,COMP-MEM,SUP-E,CLOT-E-MEM-20260218,DEF-MEM,test,1,True,False,True,scrap
QEV-000000438,2026-02-18,2026-02-18T12:00:00,PLOT-00000263,FAC-MY,LINE-MY-03,PROD-C100,COMP-PWR,SUP-B,CLOT-B-PWR-20260218,DEF-CONN,in_process,1,True,True,False,rework
QEV-000000439,2026-02-18,2026-02-18T12:00:00,PLOT-00000263,FAC-MY,LINE-MY-03,PROD-C100,COMP-PWR,SUP-H,CLOT-H-PWR-20260218,DEF-VOLT,test,1,True,True,False,rework
QEV-000000440,2026-02-19,2026-02-19T12:00:00,PLOT-00000264,FAC-TW,LINE-TW-01,PROD-X200,COMP-MEM,SUP-A,CLOT-A-MEM-20260219,DEF-MEM,test,1,True,True,False,rework
QEV-000000441,2026-02-19,2026-02-19T12:00:00,PLOT-00000264,FAC-TW,LINE-TW-01,PROD-X200,COMP-MEM,SUP-D,CLOT-D-MEM-20260219,DEF-MEM,test,1,True,True,False,rework
QEV-000000442,2026-02-19,2026-02-19T12:00:00,PLOT-00000264,FAC-TW,LINE-TW-01,PROD-X200,COMP-MEM,SUP-G,CLOT-G-MEM-20260219,DEF-MEM,test,1,True,False,True,scrap
QEV-000000443,2026-02-19,2026-02-19T12:00:00,PLOT-00000264,FAC-TW,LINE-TW-01,PROD-X200,COMP-NET,SUP-F,CLOT-F-NET-20260219,DEF-FUNC,test,1,True,True,False,rework
QEV-000000444,2026-02-19,2026-02-19T12:00:00,PLOT-00000265,FAC-TW,LINE-TW-02,PROD-X100,COMP-PWR,SUP-G,CLOT-G-PWR-20260219,DEF-VOLT,test,1,True,False,False,fail
QEV-000000445,2026-02-19,2026-02-19T12:00:00,PLOT-00000265,FAC-TW,LINE-TW-02,PROD-X100,COMP-PWR,SUP-H,CLOT-H-PWR-20260219,DEF-VOLT,test,1,True,True,False,rework
QEV-000000446,2026-02-19,2026-02-19T12:00:00,PLOT-00000266,FAC-MX,LINE-MX-01,PROD-X100,COMP-MAIN,SUP-A,CLOT-A-AIN-20260219,DEF-VOLT,test,1,True,False,False,fail
QEV-000000447,2026-02-19,2026-02-19T12:00:00,PLOT-00000266,FAC-MX,LINE-MX-01,PROD-X100,COMP-MAIN,SUP-H,CLOT-H-AIN-20260219,DEF-FUNC,test,1,True,False,False,fail
QEV-000000448,2026-02-19,2026-02-19T12:00:00,PLOT-00000266,FAC-MX,LINE-MX-01,PROD-X100,COMP-NET,SUP-C,CLOT-C-NET-20260219,DEF-ASSY,in_process,1,True,True,False,rework
QEV-000000449,2026-02-19,2026-02-19T12:00:00,PLOT-00000267,FAC-MX,LINE-MX-02,PROD-S100,COMP-MEM,SUP-C,CLOT-C-MEM-20260219,DEF-MEM,test,1,True,True,False,rework
QEV-000000450,2026-02-19,2026-02-19T12:00:00,PLOT-00000267,FAC-MX,LINE-MX-02,PROD-S100,COMP-MEM,SUP-E,CLOT-E-MEM-20260219,DEF-CONN,in_process,1,True,True,False,rework
QEV-000000451,2026-02-19,2026-02-19T12:00:00,PLOT-00000267,FAC-MX,LINE-MX-02,PROD-S100,COMP-STOR,SUP-D,CLOT-D-TOR-20260219,DEF-ASSY,in_process,1,True,False,False,fail
QEV-000000452,2026-02-19,2026-02-19T12:00:00,PLOT-00000268,FAC-MY,LINE-MY-01,PROD-S100,COMP-MAIN,SUP-C,CLOT-C-AIN-20260219,DEF-ASSY,in_process,1,True,True,False,rework
QEV-000000453,2026-02-19,2026-02-19T12:00:00,PLOT-00000269,FAC-MY,LINE-MY-03,PROD-X200,COMP-COOL,SUP-A,CLOT-A-OOL-20260219,DEF-ASSY,in_process,1,True,True,False,rework
QEV-000000454,2026-02-19,2026-02-19T12:00:00,PLOT-00000269,FAC-MY,LINE-MY-03,PROD-X200,COMP-NET,SUP-A,CLOT-A-NET-20260219,DEF-CONN,in_process,1,True,False,True,scrap
QEV-000000455,2026-02-19,2026-02-19T12:00:00,PLOT-00000269,FAC-MY,LINE-MY-03,PROD-X200,COMP-PWR,SUP-B,CLOT-B-PWR-20260219,DEF-VOLT,test,1,True,False,False,fail
QEV-000000456,2026-02-19,2026-02-19T12:00:00,PLOT-00000269,FAC-MY,LINE-MY-03,PROD-X200,COMP-STOR,SUP-E,CLOT-E-TOR-20260219,DEF-FUNC,test,1,True,True,False,rework
QEV-000000457,2026-02-20,2026-02-20T12:00:00,PLOT-00000271,FAC-TW,LINE-TW-02,PROD-N100,COMP-COOL,SUP-F,CLOT-F-OOL-20260220,DEF-THERM,test,1,True,True,False,rework
QEV-000000458,2026-02-20,2026-02-20T12:00:00,PLOT-00000271,FAC-TW,LINE-TW-02,PROD-N100,COMP-MEM,SUP-B,CLOT-B-MEM-20260220,DEF-MEM,test,1,True,True,False,rework
QEV-000000459,2026-02-20,2026-02-20T12:00:00,PLOT-00000272,FAC-MX,LINE-MX-01,PROD-X200,COMP-COOL,SUP-F,CLOT-F-OOL-20260220,DEF-THERM,test,1,True,True,False,rework
QEV-000000460,2026-02-20,2026-02-20T12:00:00,PLOT-00000272,FAC-MX,LINE-MX-01,PROD-X200,COMP-MAIN,SUP-B,CLOT-B-AIN-20260220,DEF-FUNC,test,1,True,False,False,fail
QEV-000000461,2026-02-20,2026-02-20T12:00:00,PLOT-00000272,FAC-MX,LINE-MX-01,PROD-X200,COMP-MEM,SUP-B,CLOT-B-MEM-20260220,DEF-MEM,test,1,True,True,False,rework
QEV-000000462,2026-02-20,2026-02-20T12:00:00,PLOT-00000272,FAC-MX,LINE-MX-01,PROD-X200,COMP-MEM,SUP-C,CLOT-C-MEM-20260220,DEF-MEM,test,1,True,False,False,fail
QEV-000000463,2026-02-20,2026-02-20T12:00:00,PLOT-00000272,FAC-MX,LINE-MX-01,PROD-X200,COMP-NET,SUP-D,CLOT-D-NET-20260220,DEF-ASSY,in_process,1,True,True,False,rework
QEV-000000464,2026-02-20,2026-02-20T12:00:00,PLOT-00000273,FAC-MX,LINE-MX-02,PROD-N100,COMP-COOL,SUP-C,CLOT-C-OOL-20260220,DEF-THERM,test,1,True,False,False,fail
QEV-000000465,2026-02-20,2026-02-20T12:00:00,PLOT-00000273,FAC-MX,LINE-MX-02,PROD-N100,COMP-NET,SUP-C,CLOT-C-NET-20260220,DEF-FUNC,test,1,True,False,False,fail
QEV-000000466,2026-02-20,2026-02-20T12:00:00,PLOT-00000273,FAC-MX,LINE-MX-02,PROD-N100,COMP-PWR,SUP-E,CLOT-E-PWR-20260220,DEF-VOLT,test,1,True,True,False,rework
QEV-000000467,2026-02-20,2026-02-20T12:00:00,PLOT-00000273,FAC-MX,LINE-MX-02,PROD-N100,COMP-PWR,SUP-F,CLOT-F-PWR-20260220,DEF-CONN,in_process,1,True,True,False,rework
QEV-000000468,2026-02-20,2026-02-20T12:00:00,PLOT-00000274,FAC-MY,LINE-MY-01,PROD-C100,COMP-NET,SUP-A,CLOT-A-NET-20260220,DEF-CONN,in_process,1,True,True,False,rework
QEV-000000469,2026-02-20,2026-02-20T12:00:00,PLOT-00000275,FAC-MY,LINE-MY-03,PROD-C100,COMP-MEM,SUP-H,CLOT-H-MEM-20260220,DEF-FUNC,test,1,True,True,False,rework
QEV-000000470,2026-02-21,2026-02-21T12:00:00,PLOT-00000276,FAC-TW,LINE-TW-01,PROD-X200,COMP-COOL,SUP-C,CLOT-C-OOL-20260221,DEF-FUNC,test,1,True,True,False,rework
QEV-000000471,2026-02-21,2026-02-21T12:00:00,PLOT-00000277,FAC-TW,LINE-TW-02,PROD-C100,COMP-COOL,SUP-G,CLOT-G-OOL-20260221,DEF-THERM,test,1,True,False,False,fail
QEV-000000472,2026-02-21,2026-02-21T12:00:00,PLOT-00000277,FAC-TW,LINE-TW-02,PROD-C100,COMP-COOL,SUP-H,CLOT-H-OOL-20260221,DEF-THERM,test,1,True,True,False,rework
QEV-000000473,2026-02-21,2026-02-21T12:00:00,PLOT-00000277,FAC-TW,LINE-TW-02,PROD-C100,COMP-MAIN,SUP-E,CLOT-E-AIN-20260221,DEF-FUNC,test,1,True,False,False,fail
QEV-000000474,2026-02-21,2026-02-21T12:00:00,PLOT-00000278,FAC-MX,LINE-MX-01,PROD-S100,COMP-PWR,SUP-G,CLOT-G-PWR-20260221,DEF-VOLT,test,1,True,False,False,fail
QEV-000000475,2026-02-21,2026-02-21T12:00:00,PLOT-00000278,FAC-MX,LINE-MX-01,PROD-S100,COMP-STOR,SUP-B,CLOT-B-TOR-20260221,DEF-FUNC,test,1,True,True,False,rework
QEV-000000476,2026-02-21,2026-02-21T12:00:00,PLOT-00000279,FAC-MX,LINE-MX-02,PROD-X200,COMP-COOL,SUP-E,CLOT-E-OOL-20260221,DEF-THERM,test,1,True,True,False,rework
QEV-000000477,2026-02-21,2026-02-21T12:00:00,PLOT-00000281,FAC-MY,LINE-MY-03,PROD-X100,COMP-PWR,SUP-B,CLOT-B-PWR-20260221,DEF-FUNC,test,1,True,True,False,rework
QEV-000000478,2026-02-22,2026-02-22T12:00:00,PLOT-00000284,FAC-MX,LINE-MX-01,PROD-X100,COMP-COOL,SUP-G,CLOT-G-OOL-20260222,DEF-THERM,test,1,True,False,False,fail
QEV-000000479,2026-02-22,2026-02-22T12:00:00,PLOT-00000285,FAC-MX,LINE-MX-02,PROD-X100,COMP-STOR,SUP-D,CLOT-D-TOR-20260222,DEF-FUNC,test,1,True,True,False,rework
QEV-000000480,2026-02-22,2026-02-22T12:00:00,PLOT-00000286,FAC-MY,LINE-MY-01,PROD-N100,COMP-MAIN,SUP-A,CLOT-A-AIN-20260222,DEF-VOLT,test,1,True,True,False,rework
QEV-000000481,2026-02-22,2026-02-22T12:00:00,PLOT-00000286,FAC-MY,LINE-MY-01,PROD-N100,COMP-MEM,SUP-C,CLOT-C-MEM-20260222,DEF-MEM,test,1,True,False,True,scrap
QEV-000000482,2026-02-22,2026-02-22T12:00:00,PLOT-00000287,FAC-MY,LINE-MY-03,PROD-X200,COMP-COOL,SUP-H,CLOT-H-OOL-20260222,DEF-THERM,test,1,True,False,True,scrap
QEV-000000483,2026-02-22,2026-02-22T12:00:00,PLOT-00000287,FAC-MY,LINE-MY-03,PROD-X200,COMP-NET,SUP-H,CLOT-H-NET-20260222,DEF-FUNC,test,1,True,True,False,rework
QEV-000000484,2026-02-22,2026-02-22T12:00:00,PLOT-00000287,FAC-MY,LINE-MY-03,PROD-X200,COMP-PWR,SUP-A,CLOT-A-PWR-20260222,DEF-CONN,in_process,1,True,True,False,rework
QEV-000000485,2026-02-22,2026-02-22T12:00:00,PLOT-00000287,FAC-MY,LINE-MY-03,PROD-X200,COMP-PWR,SUP-C,CLOT-C-PWR-20260222,DEF-VOLT,test,1,True,False,False,fail
QEV-000000486,2026-02-22,2026-02-22T12:00:00,PLOT-00000287,FAC-MY,LINE-MY-03,PROD-X200,COMP-PWR,SUP-C,CLOT-C-PWR-20260222,DEF-VOLT,test,1,True,True,False,rework
QEV-000000487,2026-02-22,2026-02-22T12:00:00,PLOT-00000287,FAC-MY,LINE-MY-03,PROD-X200,COMP-STOR,SUP-C,CLOT-C-TOR-20260222,DEF-ASSY,in_process,1,True,True,False,rework
QEV-000000488,2026-02-23,2026-02-23T12:00:00,PLOT-00000288,FAC-TW,LINE-TW-01,PROD-X100,COMP-MAIN,SUP-B,CLOT-B-AIN-20260223,DEF-VOLT,test,1,True,True,False,rework
QEV-000000489,2026-02-23,2026-02-23T12:00:00,PLOT-00000289,FAC-TW,LINE-TW-02,PROD-X200,COMP-MAIN,SUP-B,CLOT-B-AIN-20260223,DEF-FUNC,test,1,True,False,False,fail
QEV-000000490,2026-02-23,2026-02-23T12:00:00,PLOT-00000289,FAC-TW,LINE-TW-02,PROD-X200,COMP-STOR,SUP-B,CLOT-B-TOR-20260223,DEF-FUNC,test,1,True,True,False,rework
QEV-000000491,2026-02-23,2026-02-23T12:00:00,PLOT-00000290,FAC-MX,LINE-MX-01,PROD-X100,COMP-PWR,SUP-B,CLOT-B-PWR-20260223,DEF-FUNC,test,1,True,False,False,fail
QEV-000000492,2026-02-23,2026-02-23T12:00:00,PLOT-00000291,FAC-MX,LINE-MX-02,PROD-X100,COMP-MAIN,SUP-E,CLOT-E-AIN-20260223,DEF-FUNC,test,1,True,False,False,fail
QEV-000000493,2026-02-23,2026-02-23T12:00:00,PLOT-00000292,FAC-MY,LINE-MY-01,PROD-S100,COMP-NET,SUP-A,CLOT-A-NET-20260223,DEF-FUNC,test,1,True,True,False,rework
QEV-000000494,2026-02-23,2026-02-23T12:00:00,PLOT-00000293,FAC-MY,LINE-MY-03,PROD-X100,COMP-COOL,SUP-G,CLOT-G-OOL-20260223,DEF-THERM,test,1,True,False,False,fail
QEV-000000495,2026-02-23,2026-02-23T12:00:00,PLOT-00000293,FAC-MY,LINE-MY-03,PROD-X100,COMP-NET,SUP-A,CLOT-A-NET-20260223,DEF-ASSY,in_process,1,True,False,False,fail
QEV-000000496,2026-02-23,2026-02-23T12:00:00,PLOT-00000293,FAC-MY,LINE-MY-03,PROD-X100,COMP-NET,SUP-B,CLOT-B-NET-20260223,DEF-FUNC,test,1,True,True,False,rework
QEV-000000497,2026-02-23,2026-02-23T12:00:00,PLOT-00000293,FAC-MY,LINE-MY-03,PROD-X100,COMP-STOR,SUP-B,CLOT-B-TOR-20260223,DEF-FUNC,test,1,True,False,True,scrap
QEV-000000498,2026-02-24,2026-02-24T12:00:00,PLOT-00000294,FAC-TW,LINE-TW-01,PROD-S100,COMP-MEM,SUP-D,CLOT-D-MEM-20260224,DEF-MEM,test,1,True,True,False,rework
QEV-000000499,2026-02-24,2026-02-24T12:00:00,PLOT-00000294,FAC-TW,LINE-TW-01,PROD-S100,COMP-NET,SUP-A,CLOT-A-NET-20260224,DEF-FUNC,test,1,True,False,False,fail
QEV-000000500,2026-02-24,2026-02-24T12:00:00,PLOT-00000295,FAC-TW,LINE-TW-02,PROD-N100,COMP-COOL,SUP-C,CLOT-C-OOL-20260224,DEF-THERM,test,1,True,False,False,fail
QEV-000000501,2026-02-24,2026-02-24T12:00:00,PLOT-00000296,FAC-MX,LINE-MX-01,PROD-X100,COMP-NET,SUP-C,CLOT-C-NET-20260224,DEF-ASSY,in_process,1,True,True,False,rework
QEV-000000502,2026-02-24,2026-02-24T12:00:00,PLOT-00000298,FAC-MY,LINE-MY-01,PROD-C100,COMP-PWR,SUP-H,CLOT-H-PWR-20260224,DEF-VOLT,test,1,True,False,False,fail
QEV-000000503,2026-02-24,2026-02-24T12:00:00,PLOT-00000298,FAC-MY,LINE-MY-01,PROD-C100,COMP-STOR,SUP-F,CLOT-F-TOR-20260224,DEF-FUNC,test,1,True,True,False,rework
QEV-000000504,2026-02-24,2026-02-24T12:00:00,PLOT-00000299,FAC-MY,LINE-MY-03,PROD-C100,COMP-MAIN,SUP-F,CLOT-F-AIN-20260224,DEF-ASSY,in_process,1,True,False,True,scrap
QEV-000000505,2026-02-24,2026-02-24T12:00:00,PLOT-00000299,FAC-MY,LINE-MY-03,PROD-C100,COMP-MEM,SUP-H,CLOT-H-MEM-20260224,DEF-MEM,test,1,True,True,False,rework
QEV-000000506,2026-02-24,2026-02-24T12:00:00,PLOT-00000299,FAC-MY,LINE-MY-03,PROD-C100,COMP-NET,SUP-B,CLOT-B-NET-20260224,DEF-FUNC,test,1,True,False,False,fail
QEV-000000507,2026-02-24,2026-02-24T12:00:00,PLOT-00000299,FAC-MY,LINE-MY-03,PROD-C100,COMP-PWR,SUP-C,CLOT-C-PWR-20260224,DEF-VOLT,test,1,True,True,False,rework
QEV-000000508,2026-02-25,2026-02-25T12:00:00,PLOT-00000301,FAC-TW,LINE-TW-02,PROD-C100,COMP-MEM,SUP-A,CLOT-A-MEM-20260225,DEF-MEM,test,1,True,True,False,rework
QEV-000000509,2026-02-25,2026-02-25T12:00:00,PLOT-00000302,FAC-MX,LINE-MX-01,PROD-C100,COMP-NET,SUP-H,CLOT-H-NET-20260225,DEF-FUNC,test,1,True,True,False,rework
QEV-000000510,2026-02-25,2026-02-25T12:00:00,PLOT-00000303,FAC-MX,LINE-MX-02,PROD-S100,COMP-MEM,SUP-G,CLOT-G-MEM-20260225,DEF-FUNC,test,1,True,True,False,rework
QEV-000000511,2026-02-25,2026-02-25T12:00:00,PLOT-00000303,FAC-MX,LINE-MX-02,PROD-S100,COMP-PWR,SUP-B,CLOT-B-PWR-20260225,DEF-VOLT,test,1,True,True,False,rework
QEV-000000512,2026-02-25,2026-02-25T12:00:00,PLOT-00000304,FAC-MY,LINE-MY-01,PROD-C100,COMP-MAIN,SUP-B,CLOT-B-AIN-20260225,DEF-FUNC,test,1,True,False,False,fail
QEV-000000513,2026-02-25,2026-02-25T12:00:00,PLOT-00000305,FAC-MY,LINE-MY-03,PROD-C100,COMP-MAIN,SUP-B,CLOT-B-AIN-20260225,DEF-FUNC,test,1,True,True,False,rework
QEV-000000514,2026-02-25,2026-02-25T12:00:00,PLOT-00000305,FAC-MY,LINE-MY-03,PROD-C100,COMP-MAIN,SUP-B,CLOT-B-AIN-20260225,DEF-VOLT,test,1,True,False,False,fail
QEV-000000515,2026-02-25,2026-02-25T12:00:00,PLOT-00000305,FAC-MY,LINE-MY-03,PROD-C100,COMP-MEM,SUP-B,CLOT-B-MEM-20260225,DEF-FUNC,test,1,True,True,False,rework
QEV-000000516,2026-02-25,2026-02-25T12:00:00,PLOT-00000305,FAC-MY,LINE-MY-03,PROD-C100,COMP-MEM,SUP-C,CLOT-C-MEM-20260225,DEF-MEM,test,1,True,True,False,rework
QEV-000000517,2026-02-25,2026-02-25T12:00:00,PLOT-00000305,FAC-MY,LINE-MY-03,PROD-C100,COMP-NET,SUP-B,CLOT-B-NET-20260225,DEF-ASSY,in_process,1,True,True,False,rework
QEV-000000518,2026-02-25,2026-02-25T12:00:00,PLOT-00000305,FAC-MY,LINE-MY-03,PROD-C100,COMP-NET,SUP-E,CLOT-E-NET-20260225,DEF-CONN,in_process,1,True,True,False,rework
QEV-000000519,2026-02-25,2026-02-25T12:00:00,PLOT-00000305,FAC-MY,LINE-MY-03,PROD-C100,COMP-NET,SUP-H,CLOT-H-NET-20260225,DEF-ASSY,in_process,1,True,False,True,scrap
QEV-000000520,2026-02-25,2026-02-25T12:00:00,PLOT-00000305,FAC-MY,LINE-MY-03,PROD-C100,COMP-PWR,SUP-B,CLOT-B-PWR-20260225,DEF-FUNC,test,1,True,False,True,scrap
QEV-000000521,2026-02-25,2026-02-25T12:00:00,PLOT-00000305,FAC-MY,LINE-MY-03,PROD-C100,COMP-STOR,SUP-D,CLOT-D-TOR-20260225,DEF-ASSY,in_process,1,True,False,True,scrap
QEV-000000522,2026-02-26,2026-02-26T12:00:00,PLOT-00000307,FAC-TW,LINE-TW-02,PROD-X100,COMP-MAIN,SUP-G,CLOT-G-AIN-20260226,DEF-FUNC,test,1,True,False,False,fail
QEV-000000523,2026-02-26,2026-02-26T12:00:00,PLOT-00000307,FAC-TW,LINE-TW-02,PROD-X100,COMP-STOR,SUP-A,CLOT-A-TOR-20260226,DEF-FUNC,test,1,True,True,False,rework
QEV-000000524,2026-02-26,2026-02-26T12:00:00,PLOT-00000309,FAC-MX,LINE-MX-02,PROD-N100,COMP-STOR,SUP-B,CLOT-B-TOR-20260226,DEF-FUNC,test,1,True,False,True,scrap
QEV-000000525,2026-02-26,2026-02-26T12:00:00,PLOT-00000309,FAC-MX,LINE-MX-02,PROD-N100,COMP-STOR,SUP-F,CLOT-F-TOR-20260226,DEF-FUNC,test,1,True,False,False,fail
QEV-000000526,2026-02-26,2026-02-26T12:00:00,PLOT-00000310,FAC-MY,LINE-MY-01,PROD-S100,COMP-MEM,SUP-C,CLOT-C-MEM-20260226,DEF-MEM,test,1,True,True,False,rework
QEV-000000527,2026-02-26,2026-02-26T12:00:00,PLOT-00000310,FAC-MY,LINE-MY-01,PROD-S100,COMP-NET,SUP-F,CLOT-F-NET-20260226,DEF-FUNC,test,1,True,True,False,rework
QEV-000000528,2026-02-26,2026-02-26T12:00:00,PLOT-00000311,FAC-MY,LINE-MY-03,PROD-S100,COMP-MAIN,SUP-A,CLOT-A-AIN-20260226,DEF-FUNC,test,1,True,True,False,rework
QEV-000000529,2026-02-26,2026-02-26T12:00:00,PLOT-00000311,FAC-MY,LINE-MY-03,PROD-S100,COMP-MEM,SUP-A,CLOT-A-MEM-20260226,DEF-FUNC,test,1,True,False,False,fail
QEV-000000530,2026-02-26,2026-02-26T12:00:00,PLOT-00000311,FAC-MY,LINE-MY-03,PROD-S100,COMP-PWR,SUP-G,CLOT-G-PWR-20260226,DEF-VOLT,test,1,True,False,False,fail
QEV-000000531,2026-02-26,2026-02-26T12:00:00,PLOT-00000311,FAC-MY,LINE-MY-03,PROD-S100,COMP-STOR,SUP-B,CLOT-B-TOR-20260226,DEF-CONN,in_process,1,True,True,False,rework
QEV-000000532,2026-02-27,2026-02-27T12:00:00,PLOT-00000312,FAC-TW,LINE-TW-01,PROD-X200,COMP-MAIN,SUP-A,CLOT-A-AIN-20260227,DEF-FUNC,test,1,True,False,False,fail
QEV-000000533,2026-02-27,2026-02-27T12:00:00,PLOT-00000312,FAC-TW,LINE-TW-01,PROD-X200,COMP-STOR,SUP-C,CLOT-C-TOR-20260227,DEF-CONN,in_process,1,True,False,False,fail
QEV-000000534,2026-02-27,2026-02-27T12:00:00,PLOT-00000314,FAC-MX,LINE-MX-01,PROD-X100,COMP-MEM,SUP-C,CLOT-C-MEM-20260227,DEF-CONN,in_process,1,True,True,False,rework
QEV-000000535,2026-02-27,2026-02-27T12:00:00,PLOT-00000314,FAC-MX,LINE-MX-01,PROD-X100,COMP-PWR,SUP-G,CLOT-G-PWR-20260227,DEF-FUNC,test,1,True,False,False,fail
QEV-000000536,2026-02-27,2026-02-27T12:00:00,PLOT-00000315,FAC-MX,LINE-MX-02,PROD-N100,COMP-COOL,SUP-A,CLOT-A-OOL-20260227,DEF-THERM,test,1,True,True,False,rework
QEV-000000537,2026-02-27,2026-02-27T12:00:00,PLOT-00000315,FAC-MX,LINE-MX-02,PROD-N100,COMP-COOL,SUP-G,CLOT-G-OOL-20260227,DEF-THERM,test,1,True,False,False,fail
QEV-000000538,2026-02-27,2026-02-27T12:00:00,PLOT-00000315,FAC-MX,LINE-MX-02,PROD-N100,COMP-MEM,SUP-G,CLOT-G-MEM-20260227,DEF-MEM,test,1,True,False,False,fail
QEV-000000539,2026-02-27,2026-02-27T12:00:00,PLOT-00000316,FAC-MY,LINE-MY-01,PROD-C100,COMP-COOL,SUP-F,CLOT-F-OOL-20260227,DEF-ASSY,in_process,1,True,True,False,rework
QEV-000000540,2026-02-27,2026-02-27T12:00:00,PLOT-00000316,FAC-MY,LINE-MY-01,PROD-C100,COMP-MEM,SUP-B,CLOT-B-MEM-20260227,DEF-MEM,test,1,True,False,False,fail
QEV-000000541,2026-02-27,2026-02-27T12:00:00,PLOT-00000317,FAC-MY,LINE-MY-03,PROD-N100,COMP-COOL,SUP-A,CLOT-A-OOL-20260227,DEF-ASSY,in_process,1,True,False,False,fail
QEV-000000542,2026-02-27,2026-02-27T12:00:00,PLOT-00000317,FAC-MY,LINE-MY-03,PROD-N100,COMP-MAIN,SUP-F,CLOT-F-AIN-20260227,DEF-ASSY,in_process,1,True,False,False,fail
QEV-000000543,2026-02-28,2026-02-28T12:00:00,PLOT-00000320,FAC-MX,LINE-MX-01,PROD-S100,COMP-MAIN,SUP-B,CLOT-B-AIN-20260228,DEF-ASSY,in_process,1,True,True,False,rework
QEV-000000544,2026-02-28,2026-02-28T12:00:00,PLOT-00000321,FAC-MX,LINE-MX-02,PROD-X200,COMP-COOL,SUP-C,CLOT-C-OOL-20260228,DEF-THERM,test,1,True,False,False,fail
QEV-000000545,2026-02-28,2026-02-28T12:00:00,PLOT-00000321,FAC-MX,LINE-MX-02,PROD-X200,COMP-MAIN,SUP-C,CLOT-C-AIN-20260228,DEF-ASSY,in_process,1,True,True,False,rework
QEV-000000546,2026-02-28,2026-02-28T12:00:00,PLOT-00000321,FAC-MX,LINE-MX-02,PROD-X200,COMP-PWR,SUP-E,CLOT-E-PWR-20260228,DEF-VOLT,test,1,True,True,False,rework
QEV-000000547,2026-02-28,2026-02-28T12:00:00,PLOT-00000322,FAC-MY,LINE-MY-01,PROD-N100,COMP-MEM,SUP-B,CLOT-B-MEM-20260228,DEF-FUNC,test,1,True,False,False,fail
QEV-000000548,2026-02-28,2026-02-28T12:00:00,PLOT-00000322,FAC-MY,LINE-MY-01,PROD-N100,COMP-STOR,SUP-B,CLOT-B-TOR-20260228,DEF-CONN,in_process,1,True,True,False,rework
QEV-000000549,2026-02-28,2026-02-28T12:00:00,PLOT-00000323,FAC-MY,LINE-MY-03,PROD-C100,COMP-COOL,SUP-D,CLOT-D-OOL-20260228,DEF-THERM,test,1,True,True,False,rework
QEV-000000550,2026-02-28,2026-02-28T12:00:00,PLOT-00000323,FAC-MY,LINE-MY-03,PROD-C100,COMP-MEM,SUP-H,CLOT-H-MEM-20260228,DEF-MEM,test,1,True,False,True,scrap
QEV-000000551,2026-02-28,2026-02-28T12:00:00,PLOT-00000323,FAC-MY,LINE-MY-03,PROD-C100,COMP-NET,SUP-E,CLOT-E-NET-20260228,DEF-FUNC,test,1,True,True,False,rework
QEV-000000552,2026-02-28,2026-02-28T12:00:00,PLOT-00000323,FAC-MY,LINE-MY-03,PROD-C100,COMP-PWR,SUP-C,CLOT-C-PWR-20260228,DEF-VOLT,test,1,True,False,True,scrap
QEV-000000553,2026-03-01,2026-03-01T12:00:00,PLOT-00000324,FAC-TW,LINE-TW-01,PROD-X100,COMP-MAIN,SUP-B,CLOT-B-AIN-20260301,DEF-FUNC,test,1,True,False,False,fail
QEV-000000554,2026-03-01,2026-03-01T12:00:00,PLOT-00000324,FAC-TW,LINE-TW-01,PROD-X100,COMP-NET,SUP-A,CLOT-A-NET-20260301,DEF-CONN,in_process,1,True,True,False,rework
QEV-000000555,2026-03-01,2026-03-01T12:00:00,PLOT-00000325,FAC-TW,LINE-TW-02,PROD-N100,COMP-COOL,SUP-C,CLOT-C-OOL-20260301,DEF-THERM,test,1,True,True,False,rework
QEV-000000556,2026-03-01,2026-03-01T12:00:00,PLOT-00000325,FAC-TW,LINE-TW-02,PROD-N100,COMP-MAIN,SUP-F,CLOT-F-AIN-20260301,DEF-FUNC,test,1,True,False,False,fail
QEV-000000557,2026-03-01,2026-03-01T12:00:00,PLOT-00000326,FAC-MX,LINE-MX-01,PROD-X100,COMP-MEM,SUP-D,CLOT-D-MEM-20260301,DEF-MEM,test,1,True,True,False,rework
QEV-000000558,2026-03-01,2026-03-01T12:00:00,PLOT-00000326,FAC-MX,LINE-MX-01,PROD-X100,COMP-STOR,SUP-B,CLOT-B-TOR-20260301,DEF-CONN,in_process,1,True,False,True,scrap
QEV-000000559,2026-03-01,2026-03-01T12:00:00,PLOT-00000327,FAC-MX,LINE-MX-02,PROD-X100,COMP-COOL,SUP-H,CLOT-H-OOL-20260301,DEF-THERM,test,1,True,False,False,fail
QEV-000000560,2026-03-01,2026-03-01T12:00:00,PLOT-00000327,FAC-MX,LINE-MX-02,PROD-X100,COMP-MAIN,SUP-C,CLOT-C-AIN-20260301,DEF-ASSY,in_process,1,True,True,False,rework
QEV-000000561,2026-03-01,2026-03-01T12:00:00,PLOT-00000328,FAC-MY,LINE-MY-01,PROD-C100,COMP-PWR,SUP-G,CLOT-G-PWR-20260301,DEF-VOLT,test,1,True,True,False,rework
QEV-000000562,2026-03-01,2026-03-01T12:00:00,PLOT-00000329,FAC-MY,LINE-MY-03,PROD-X200,COMP-COOL,SUP-D,CLOT-D-OOL-20260301,DEF-FUNC,test,1,True,True,False,rework
QEV-000000563,2026-03-01,2026-03-01T12:00:00,PLOT-00000329,FAC-MY,LINE-MY-03,PROD-X200,COMP-COOL,SUP-F,CLOT-F-OOL-20260301,DEF-THERM,test,1,True,False,True,scrap
QEV-000000564,2026-03-01,2026-03-01T12:00:00,PLOT-00000329,FAC-MY,LINE-MY-03,PROD-X200,COMP-MAIN,SUP-E,CLOT-E-AIN-20260301,DEF-VOLT,test,1,True,True,False,rework
QEV-000000565,2026-03-01,2026-03-01T12:00:00,PLOT-00000329,FAC-MY,LINE-MY-03,PROD-X200,COMP-MEM,SUP-H,CLOT-H-MEM-20260301,DEF-MEM,test,1,True,False,True,scrap
QEV-000000566,2026-03-01,2026-03-01T12:00:00,PLOT-00000329,FAC-MY,LINE-MY-03,PROD-X200,COMP-PWR,SUP-C,CLOT-C-PWR-20260301,DEF-CONN,in_process,1,True,True,False,rework
QEV-000000567,2026-03-02,2026-03-02T12:00:00,PLOT-00000330,FAC-TW,LINE-TW-01,PROD-N100,COMP-COOL,SUP-E,CLOT-E-OOL-20260302,DEF-THERM,test,1,True,True,False,rework
QEV-000000568,2026-03-02,2026-03-02T12:00:00,PLOT-00000330,FAC-TW,LINE-TW-01,PROD-N100,COMP-NET,SUP-E,CLOT-E-NET-20260302,DEF-FUNC,test,1,True,False,False,fail
QEV-000000569,2026-03-02,2026-03-02T12:00:00,PLOT-00000332,FAC-MX,LINE-MX-01,PROD-N100,COMP-COOL,SUP-A,CLOT-A-OOL-20260302,DEF-THERM,test,1,True,True,False,rework
QEV-000000570,2026-03-02,2026-03-02T12:00:00,PLOT-00000332,FAC-MX,LINE-MX-01,PROD-N100,COMP-STOR,SUP-C,CLOT-C-TOR-20260302,DEF-FUNC,test,1,True,False,True,scrap
QEV-000000571,2026-03-02,2026-03-02T12:00:00,PLOT-00000333,FAC-MX,LINE-MX-02,PROD-X100,COMP-COOL,SUP-A,CLOT-A-OOL-20260302,DEF-FUNC,test,1,True,True,False,rework
QEV-000000572,2026-03-02,2026-03-02T12:00:00,PLOT-00000333,FAC-MX,LINE-MX-02,PROD-X100,COMP-NET,SUP-B,CLOT-B-NET-20260302,DEF-CONN,in_process,1,True,True,False,rework
QEV-000000573,2026-03-02,2026-03-02T12:00:00,PLOT-00000333,FAC-MX,LINE-MX-02,PROD-X100,COMP-PWR,SUP-G,CLOT-G-PWR-20260302,DEF-VOLT,test,1,True,True,False,rework
QEV-000000574,2026-03-02,2026-03-02T12:00:00,PLOT-00000335,FAC-MY,LINE-MY-03,PROD-C100,COMP-COOL,SUP-A,CLOT-A-OOL-20260302,DEF-THERM,test,1,True,False,False,fail
QEV-000000575,2026-03-02,2026-03-02T12:00:00,PLOT-00000335,FAC-MY,LINE-MY-03,PROD-C100,COMP-MAIN,SUP-A,CLOT-A-AIN-20260302,DEF-VOLT,test,1,True,True,False,rework
QEV-000000576,2026-03-02,2026-03-02T12:00:00,PLOT-00000335,FAC-MY,LINE-MY-03,PROD-C100,COMP-PWR,SUP-C,CLOT-C-PWR-20260302,DEF-FUNC,test,1,True,False,False,fail
QEV-000000577,2026-03-02,2026-03-02T12:00:00,PLOT-00000335,FAC-MY,LINE-MY-03,PROD-C100,COMP-STOR,SUP-B,CLOT-B-TOR-20260302,DEF-CONN,in_process,1,True,True,False,rework
QEV-000000578,2026-03-03,2026-03-03T12:00:00,PLOT-00000337,FAC-TW,LINE-TW-02,PROD-X100,COMP-MAIN,SUP-F,CLOT-F-AIN-20260303,DEF-ASSY,in_process,1,True,True,False,rework
QEV-000000579,2026-03-03,2026-03-03T12:00:00,PLOT-00000337,FAC-TW,LINE-TW-02,PROD-X100,COMP-NET,SUP-F,CLOT-F-NET-20260303,DEF-FUNC,test,1,True,True,False,rework
QEV-000000580,2026-03-03,2026-03-03T12:00:00,PLOT-00000338,FAC-MX,LINE-MX-01,PROD-X100,COMP-COOL,SUP-C,CLOT-C-OOL-20260303,DEF-THERM,test,1,True,True,False,rework
QEV-000000581,2026-03-03,2026-03-03T12:00:00,PLOT-00000339,FAC-MX,LINE-MX-02,PROD-C100,COMP-COOL,SUP-G,CLOT-G-OOL-20260303,DEF-THERM,test,1,True,True,False,rework
QEV-000000582,2026-03-03,2026-03-03T12:00:00,PLOT-00000339,FAC-MX,LINE-MX-02,PROD-C100,COMP-MAIN,SUP-C,CLOT-C-AIN-20260303,DEF-VOLT,test,1,True,True,False,rework
QEV-000000583,2026-03-03,2026-03-03T12:00:00,PLOT-00000339,FAC-MX,LINE-MX-02,PROD-C100,COMP-MEM,SUP-G,CLOT-G-MEM-20260303,DEF-FUNC,test,1,True,False,True,scrap
QEV-000000584,2026-03-03,2026-03-03T12:00:00,PLOT-00000339,FAC-MX,LINE-MX-02,PROD-C100,COMP-STOR,SUP-E,CLOT-E-TOR-20260303,DEF-FUNC,test,1,True,True,False,rework
QEV-000000585,2026-03-03,2026-03-03T12:00:00,PLOT-00000340,FAC-MY,LINE-MY-01,PROD-N100,COMP-MAIN,SUP-B,CLOT-B-AIN-20260303,DEF-FUNC,test,1,True,False,False,fail
QEV-000000586,2026-03-03,2026-03-03T12:00:00,PLOT-00000340,FAC-MY,LINE-MY-01,PROD-N100,COMP-MEM,SUP-A,CLOT-A-MEM-20260303,DEF-MEM,test,1,True,False,False,fail
QEV-000000587,2026-03-03,2026-03-03T12:00:00,PLOT-00000340,FAC-MY,LINE-MY-01,PROD-N100,COMP-MEM,SUP-D,CLOT-D-MEM-20260303,DEF-MEM,test,1,True,True,False,rework
QEV-000000588,2026-03-03,2026-03-03T12:00:00,PLOT-00000341,FAC-MY,LINE-MY-03,PROD-S100,COMP-MEM,SUP-A,CLOT-A-MEM-20260303,DEF-FUNC,test,1,True,True,False,rework
QEV-000000589,2026-03-03,2026-03-03T12:00:00,PLOT-00000341,FAC-MY,LINE-MY-03,PROD-S100,COMP-STOR,SUP-C,CLOT-C-TOR-20260303,DEF-FUNC,test,1,True,True,False,rework
QEV-000000590,2026-03-04,2026-03-04T12:00:00,PLOT-00000343,FAC-TW,LINE-TW-02,PROD-C100,COMP-MAIN,SUP-A,CLOT-A-AIN-20260304,DEF-FUNC,test,1,True,True,False,rework
QEV-000000591,2026-03-04,2026-03-04T12:00:00,PLOT-00000343,FAC-TW,LINE-TW-02,PROD-C100,COMP-NET,SUP-C,CLOT-C-NET-20260304,DEF-CONN,in_process,1,True,True,False,rework
QEV-000000592,2026-03-04,2026-03-04T12:00:00,PLOT-00000344,FAC-MX,LINE-MX-01,PROD-X200,COMP-COOL,SUP-A,CLOT-A-OOL-20260304,DEF-FUNC,test,1,True,True,False,rework
QEV-000000593,2026-03-04,2026-03-04T12:00:00,PLOT-00000344,FAC-MX,LINE-MX-01,PROD-X200,COMP-COOL,SUP-B,CLOT-B-OOL-20260304,DEF-THERM,test,1,True,True,False,rework
QEV-000000594,2026-03-04,2026-03-04T12:00:00,PLOT-00000344,FAC-MX,LINE-MX-01,PROD-X200,COMP-MEM,SUP-E,CLOT-E-MEM-20260304,DEF-MEM,test,1,True,False,False,fail
QEV-000000595,2026-03-04,2026-03-04T12:00:00,PLOT-00000345,FAC-MX,LINE-MX-02,PROD-X100,COMP-MEM,SUP-B,CLOT-B-MEM-20260304,DEF-CONN,in_process,1,True,True,False,rework
QEV-000000596,2026-03-04,2026-03-04T12:00:00,PLOT-00000346,FAC-MY,LINE-MY-01,PROD-X200,COMP-COOL,SUP-D,CLOT-D-OOL-20260304,DEF-THERM,test,1,True,True,False,rework
QEV-000000597,2026-03-04,2026-03-04T12:00:00,PLOT-00000346,FAC-MY,LINE-MY-01,PROD-X200,COMP-MAIN,SUP-C,CLOT-C-AIN-20260304,DEF-FUNC,test,1,True,True,False,rework
QEV-000000598,2026-03-04,2026-03-04T12:00:00,PLOT-00000346,FAC-MY,LINE-MY-01,PROD-X200,COMP-MEM,SUP-A,CLOT-A-MEM-20260304,DEF-MEM,test,1,True,True,False,rework
QEV-000000599,2026-03-04,2026-03-04T12:00:00,PLOT-00000346,FAC-MY,LINE-MY-01,PROD-X200,COMP-PWR,SUP-B,CLOT-B-PWR-20260304,DEF-CONN,in_process,1,True,False,False,fail
QEV-000000600,2026-03-04,2026-03-04T12:00:00,PLOT-00000347,FAC-MY,LINE-MY-03,PROD-X200,COMP-COOL,SUP-F,CLOT-F-OOL-20260304,DEF-THERM,test,1,True,True,False,rework
QEV-000000601,2026-03-04,2026-03-04T12:00:00,PLOT-00000347,FAC-MY,LINE-MY-03,PROD-X200,COMP-MAIN,SUP-E,CLOT-E-AIN-20260304,DEF-FUNC,test,1,True,True,False,rework
QEV-000000602,2026-03-04,2026-03-04T12:00:00,PLOT-00000347,FAC-MY,LINE-MY-03,PROD-X200,COMP-MEM,SUP-D,CLOT-D-MEM-20260304,DEF-MEM,test,1,True,True,False,rework
QEV-000000603,2026-03-04,2026-03-04T12:00:00,PLOT-00000347,FAC-MY,LINE-MY-03,PROD-X200,COMP-NET,SUP-A,CLOT-A-NET-20260304,DEF-FUNC,test,1,True,True,False,rework
QEV-000000604,2026-03-05,2026-03-05T12:00:00,PLOT-00000348,FAC-TW,LINE-TW-01,PROD-X100,COMP-STOR,SUP-B,CLOT-B-TOR-20260305,DEF-FUNC,test,1,True,False,True,scrap
QEV-000000605,2026-03-05,2026-03-05T12:00:00,PLOT-00000349,FAC-TW,LINE-TW-02,PROD-X100,COMP-COOL,SUP-D,CLOT-D-OOL-20260305,DEF-THERM,test,1,True,False,False,fail
QEV-000000606,2026-03-05,2026-03-05T12:00:00,PLOT-00000349,FAC-TW,LINE-TW-02,PROD-X100,COMP-MAIN,SUP-B,CLOT-B-AIN-20260305,DEF-FUNC,test,1,True,True,False,rework
QEV-000000607,2026-03-05,2026-03-05T12:00:00,PLOT-00000350,FAC-MX,LINE-MX-01,PROD-X100,COMP-COOL,SUP-H,CLOT-H-OOL-20260305,DEF-THERM,test,1,True,False,False,fail
QEV-000000608,2026-03-05,2026-03-05T12:00:00,PLOT-00000350,FAC-MX,LINE-MX-01,PROD-X100,COMP-MAIN,SUP-A,CLOT-A-AIN-20260305,DEF-VOLT,test,1,True,False,False,fail
QEV-000000609,2026-03-05,2026-03-05T12:00:00,PLOT-00000350,FAC-MX,LINE-MX-01,PROD-X100,COMP-MEM,SUP-C,CLOT-C-MEM-20260305,DEF-MEM,test,1,True,False,False,fail
QEV-000000610,2026-03-05,2026-03-05T12:00:00,PLOT-00000351,FAC-MX,LINE-MX-02,PROD-S100,COMP-COOL,SUP-C,CLOT-C-OOL-20260305,DEF-THERM,test,1,True,False,False,fail
QEV-000000611,2026-03-05,2026-03-05T12:00:00,PLOT-00000351,FAC-MX,LINE-MX-02,PROD-S100,COMP-COOL,SUP-E,CLOT-E-OOL-20260305,DEF-THERM,test,1,True,False,False,fail
QEV-000000612,2026-03-05,2026-03-05T12:00:00,PLOT-00000351,FAC-MX,LINE-MX-02,PROD-S100,COMP-STOR,SUP-B,CLOT-B-TOR-20260305,DEF-FUNC,test,1,True,True,False,rework
QEV-000000613,2026-03-05,2026-03-05T12:00:00,PLOT-00000352,FAC-MY,LINE-MY-01,PROD-X100,COMP-NET,SUP-A,CLOT-A-NET-20260305,DEF-FUNC,test,1,True,False,False,fail
QEV-000000614,2026-03-05,2026-03-05T12:00:00,PLOT-00000353,FAC-MY,LINE-MY-03,PROD-X200,COMP-COOL,SUP-D,CLOT-D-OOL-20260305,DEF-FUNC,test,1,True,False,False,fail
QEV-000000615,2026-03-06,2026-03-06T12:00:00,PLOT-00000354,FAC-TW,LINE-TW-01,PROD-S100,COMP-COOL,SUP-B,CLOT-B-OOL-20260306,DEF-THERM,test,1,True,False,False,fail
QEV-000000616,2026-03-06,2026-03-06T12:00:00,PLOT-00000354,FAC-TW,LINE-TW-01,PROD-S100,COMP-NET,SUP-G,CLOT-G-NET-20260306,DEF-FUNC,test,1,True,True,False,rework
QEV-000000617,2026-03-06,2026-03-06T12:00:00,PLOT-00000354,FAC-TW,LINE-TW-01,PROD-S100,COMP-PWR,SUP-D,CLOT-D-PWR-20260306,DEF-VOLT,test,1,True,False,False,fail
QEV-000000618,2026-03-06,2026-03-06T12:00:00,PLOT-00000356,FAC-MX,LINE-MX-01,PROD-N100,COMP-COOL,SUP-B,CLOT-B-OOL-20260306,DEF-THERM,test,1,True,False,False,fail
QEV-000000619,2026-03-06,2026-03-06T12:00:00,PLOT-00000356,FAC-MX,LINE-MX-01,PROD-N100,COMP-MAIN,SUP-C,CLOT-C-AIN-20260306,DEF-ASSY,in_process,1,True,True,False,rework
QEV-000000620,2026-03-06,2026-03-06T12:00:00,PLOT-00000356,FAC-MX,LINE-MX-01,PROD-N100,COMP-STOR,SUP-B,CLOT-B-TOR-20260306,DEF-FUNC,test,1,True,True,False,rework
QEV-000000621,2026-03-06,2026-03-06T12:00:00,PLOT-00000357,FAC-MX,LINE-MX-02,PROD-X100,COMP-NET,SUP-H,CLOT-H-NET-20260306,DEF-FUNC,test,1,True,True,False,rework
QEV-000000622,2026-03-06,2026-03-06T12:00:00,PLOT-00000358,FAC-MY,LINE-MY-01,PROD-X200,COMP-MEM,SUP-B,CLOT-B-MEM-20260306,DEF-MEM,test,1,True,False,False,fail
QEV-000000623,2026-03-06,2026-03-06T12:00:00,PLOT-00000358,FAC-MY,LINE-MY-01,PROD-X200,COMP-STOR,SUP-B,CLOT-B-TOR-20260306,DEF-ASSY,in_process,1,True,False,False,fail
QEV-000000624,2026-03-06,2026-03-06T12:00:00,PLOT-00000359,FAC-MY,LINE-MY-03,PROD-X100,COMP-MAIN,SUP-D,CLOT-D-AIN-20260306,DEF-FUNC,test,1,True,True,False,rework
QEV-000000625,2026-03-06,2026-03-06T12:00:00,PLOT-00000359,FAC-MY,LINE-MY-03,PROD-X100,COMP-PWR,SUP-A,CLOT-A-PWR-20260306,DEF-FUNC,test,1,True,True,False,rework
QEV-000000626,2026-03-06,2026-03-06T12:00:00,PLOT-00000359,FAC-MY,LINE-MY-03,PROD-X100,COMP-STOR,SUP-A,CLOT-A-TOR-20260306,DEF-CONN,in_process,1,True,True,False,rework
QEV-000000627,2026-03-06,2026-03-06T12:00:00,PLOT-00000359,FAC-MY,LINE-MY-03,PROD-X100,COMP-STOR,SUP-G,CLOT-G-TOR-20260306,DEF-FUNC,test,1,True,False,True,scrap
QEV-000000628,2026-03-07,2026-03-07T12:00:00,PLOT-00000360,FAC-TW,LINE-TW-01,PROD-S100,COMP-PWR,SUP-D,CLOT-D-PWR-20260307,DEF-VOLT,test,1,True,True,False,rework
QEV-000000629,2026-03-07,2026-03-07T12:00:00,PLOT-00000360,FAC-TW,LINE-TW-01,PROD-S100,COMP-STOR,SUP-B,CLOT-B-TOR-20260307,DEF-FUNC,test,1,True,False,False,fail
QEV-000000630,2026-03-07,2026-03-07T12:00:00,PLOT-00000361,FAC-TW,LINE-TW-02,PROD-X100,COMP-COOL,SUP-D,CLOT-D-OOL-20260307,DEF-THERM,test,1,True,False,False,fail
QEV-000000631,2026-03-07,2026-03-07T12:00:00,PLOT-00000362,FAC-MX,LINE-MX-01,PROD-X200,COMP-NET,SUP-G,CLOT-G-NET-20260307,DEF-FUNC,test,1,True,True,False,rework
QEV-000000632,2026-03-07,2026-03-07T12:00:00,PLOT-00000362,FAC-MX,LINE-MX-01,PROD-X200,COMP-PWR,SUP-B,CLOT-B-PWR-20260307,DEF-VOLT,test,1,True,False,False,fail
QEV-000000633,2026-03-07,2026-03-07T12:00:00,PLOT-00000363,FAC-MX,LINE-MX-02,PROD-X100,COMP-COOL,SUP-D,CLOT-D-OOL-20260307,DEF-FUNC,test,1,True,False,True,scrap
QEV-000000634,2026-03-07,2026-03-07T12:00:00,PLOT-00000363,FAC-MX,LINE-MX-02,PROD-X100,COMP-MAIN,SUP-D,CLOT-D-AIN-20260307,DEF-ASSY,in_process,1,True,True,False,rework
QEV-000000635,2026-03-07,2026-03-07T12:00:00,PLOT-00000365,FAC-MY,LINE-MY-03,PROD-C100,COMP-COOL,SUP-F,CLOT-F-OOL-20260307,DEF-THERM,test,1,True,False,False,fail
QEV-000000636,2026-03-07,2026-03-07T12:00:00,PLOT-00000365,FAC-MY,LINE-MY-03,PROD-C100,COMP-MAIN,SUP-E,CLOT-E-AIN-20260307,DEF-FUNC,test,1,True,True,False,rework
QEV-000000637,2026-03-07,2026-03-07T12:00:00,PLOT-00000365,FAC-MY,LINE-MY-03,PROD-C100,COMP-MEM,SUP-A,CLOT-A-MEM-20260307,DEF-MEM,test,1,True,True,False,rework
QEV-000000638,2026-03-07,2026-03-07T12:00:00,PLOT-00000365,FAC-MY,LINE-MY-03,PROD-C100,COMP-MEM,SUP-B,CLOT-B-MEM-20260307,DEF-CONN,in_process,1,True,True,False,rework
QEV-000000639,2026-03-07,2026-03-07T12:00:00,PLOT-00000365,FAC-MY,LINE-MY-03,PROD-C100,COMP-MEM,SUP-D,CLOT-D-MEM-20260307,DEF-MEM,test,1,True,False,True,scrap
QEV-000000640,2026-03-07,2026-03-07T12:00:00,PLOT-00000365,FAC-MY,LINE-MY-03,PROD-C100,COMP-MEM,SUP-G,CLOT-G-MEM-20260307,DEF-CONN,in_process,1,True,True,False,rework
QEV-000000641,2026-03-07,2026-03-07T12:00:00,PLOT-00000365,FAC-MY,LINE-MY-03,PROD-C100,COMP-PWR,SUP-A,CLOT-A-PWR-20260307,DEF-VOLT,test,1,True,True,False,rework
QEV-000000642,2026-03-08,2026-03-08T12:00:00,PLOT-00000366,FAC-TW,LINE-TW-01,PROD-X100,COMP-MAIN,SUP-F,CLOT-F-AIN-20260308,DEF-ASSY,in_process,1,True,False,False,fail
QEV-000000643,2026-03-08,2026-03-08T12:00:00,PLOT-00000366,FAC-TW,LINE-TW-01,PROD-X100,COMP-STOR,SUP-F,CLOT-F-TOR-20260308,DEF-FUNC,test,1,True,False,True,scrap
QEV-000000644,2026-03-08,2026-03-08T12:00:00,PLOT-00000368,FAC-MX,LINE-MX-01,PROD-X100,COMP-NET,SUP-C,CLOT-C-NET-20260308,DEF-FUNC,test,1,True,True,False,rework
QEV-000000645,2026-03-08,2026-03-08T12:00:00,PLOT-00000369,FAC-MX,LINE-MX-02,PROD-X100,COMP-STOR,SUP-A,CLOT-A-TOR-20260308,DEF-FUNC,test,1,True,True,False,rework
QEV-000000646,2026-03-08,2026-03-08T12:00:00,PLOT-00000369,FAC-MX,LINE-MX-02,PROD-X100,COMP-STOR,SUP-G,CLOT-G-TOR-20260308,DEF-ASSY,in_process,1,True,True,False,rework
QEV-000000647,2026-03-08,2026-03-08T12:00:00,PLOT-00000371,FAC-MY,LINE-MY-03,PROD-X100,COMP-COOL,SUP-D,CLOT-D-OOL-20260308,DEF-THERM,test,1,True,True,False,rework
QEV-000000648,2026-03-08,2026-03-08T12:00:00,PLOT-00000371,FAC-MY,LINE-MY-03,PROD-X100,COMP-NET,SUP-B,CLOT-B-NET-20260308,DEF-ASSY,in_process,1,True,True,False,rework
QEV-000000649,2026-03-08,2026-03-08T12:00:00,PLOT-00000371,FAC-MY,LINE-MY-03,PROD-X100,COMP-NET,SUP-H,CLOT-H-NET-20260308,DEF-CONN,in_process,1,True,True,False,rework
QEV-000000650,2026-03-08,2026-03-08T12:00:00,PLOT-00000371,FAC-MY,LINE-MY-03,PROD-X100,COMP-PWR,SUP-F,CLOT-F-PWR-20260308,DEF-VOLT,test,1,True,True,False,rework
QEV-000000651,2026-03-09,2026-03-09T12:00:00,PLOT-00000372,FAC-TW,LINE-TW-01,PROD-S100,COMP-MAIN,SUP-A,CLOT-A-AIN-20260309,DEF-FUNC,test,1,True,False,False,fail
QEV-000000652,2026-03-09,2026-03-09T12:00:00,PLOT-00000372,FAC-TW,LINE-TW-01,PROD-S100,COMP-STOR,SUP-B,CLOT-B-TOR-20260309,DEF-FUNC,test,1,True,False,False,fail
QEV-000000653,2026-03-09,2026-03-09T12:00:00,PLOT-00000373,FAC-TW,LINE-TW-02,PROD-S100,COMP-MAIN,SUP-A,CLOT-A-AIN-20260309,DEF-FUNC,test,1,True,True,False,rework
QEV-000000654,2026-03-09,2026-03-09T12:00:00,PLOT-00000373,FAC-TW,LINE-TW-02,PROD-S100,COMP-MEM,SUP-A,CLOT-A-MEM-20260309,DEF-MEM,test,1,True,True,False,rework
QEV-000000655,2026-03-09,2026-03-09T12:00:00,PLOT-00000373,FAC-TW,LINE-TW-02,PROD-S100,COMP-PWR,SUP-E,CLOT-E-PWR-20260309,DEF-VOLT,test,1,True,False,True,scrap
QEV-000000656,2026-03-09,2026-03-09T12:00:00,PLOT-00000374,FAC-MX,LINE-MX-01,PROD-X200,COMP-NET,SUP-H,CLOT-H-NET-20260309,DEF-FUNC,test,1,True,False,False,fail
QEV-000000657,2026-03-09,2026-03-09T12:00:00,PLOT-00000375,FAC-MX,LINE-MX-02,PROD-X200,COMP-MAIN,SUP-A,CLOT-A-AIN-20260309,DEF-VOLT,test,1,True,True,False,rework
QEV-000000658,2026-03-09,2026-03-09T12:00:00,PLOT-00000375,FAC-MX,LINE-MX-02,PROD-X200,COMP-MAIN,SUP-F,CLOT-F-AIN-20260309,DEF-FUNC,test,1,True,True,False,rework
QEV-000000659,2026-03-09,2026-03-09T12:00:00,PLOT-00000376,FAC-MY,LINE-MY-01,PROD-X100,COMP-COOL,SUP-E,CLOT-E-OOL-20260309,DEF-FUNC,test,1,True,True,False,rework
QEV-000000660,2026-03-09,2026-03-09T12:00:00,PLOT-00000377,FAC-MY,LINE-MY-03,PROD-X200,COMP-MAIN,SUP-A,CLOT-A-AIN-20260309,DEF-VOLT,test,1,True,True,False,rework
QEV-000000661,2026-03-09,2026-03-09T12:00:00,PLOT-00000377,FAC-MY,LINE-MY-03,PROD-X200,COMP-MAIN,SUP-C,CLOT-C-AIN-20260309,DEF-VOLT,test,1,True,True,False,rework
QEV-000000662,2026-03-09,2026-03-09T12:00:00,PLOT-00000377,FAC-MY,LINE-MY-03,PROD-X200,COMP-NET,SUP-B,CLOT-B-NET-20260309,DEF-FUNC,test,1,True,True,False,rework
QEV-000000663,2026-03-09,2026-03-09T12:00:00,PLOT-00000377,FAC-MY,LINE-MY-03,PROD-X200,COMP-NET,SUP-H,CLOT-H-NET-20260309,DEF-CONN,in_process,1,True,True,False,rework
QEV-000000664,2026-03-10,2026-03-10T12:00:00,PLOT-00000379,FAC-TW,LINE-TW-02,PROD-S100,COMP-NET,SUP-G,CLOT-G-NET-20260310,DEF-FUNC,test,1,True,False,True,scrap
QEV-000000665,2026-03-10,2026-03-10T12:00:00,PLOT-00000379,FAC-TW,LINE-TW-02,PROD-S100,COMP-PWR,SUP-A,CLOT-A-PWR-20260310,DEF-VOLT,test,1,True,True,False,rework
QEV-000000666,2026-03-10,2026-03-10T12:00:00,PLOT-00000381,FAC-MX,LINE-MX-02,PROD-X200,COMP-MAIN,SUP-E,CLOT-E-AIN-20260310,DEF-FUNC,test,1,True,True,False,rework
QEV-000000667,2026-03-10,2026-03-10T12:00:00,PLOT-00000382,FAC-MY,LINE-MY-01,PROD-S100,COMP-PWR,SUP-D,CLOT-D-PWR-20260310,DEF-VOLT,test,1,True,False,True,scrap
QEV-000000668,2026-03-10,2026-03-10T12:00:00,PLOT-00000383,FAC-MY,LINE-MY-03,PROD-N100,COMP-COOL,SUP-C,CLOT-C-OOL-20260310,DEF-THERM,test,1,True,True,False,rework
QEV-000000669,2026-03-10,2026-03-10T12:00:00,PLOT-00000383,FAC-MY,LINE-MY-03,PROD-N100,COMP-MAIN,SUP-D,CLOT-D-AIN-20260310,DEF-FUNC,test,1,True,False,False,fail
QEV-000000670,2026-03-10,2026-03-10T12:00:00,PLOT-00000383,FAC-MY,LINE-MY-03,PROD-N100,COMP-PWR,SUP-D,CLOT-D-PWR-20260310,DEF-VOLT,test,1,True,False,False,fail
QEV-000000671,2026-03-11,2026-03-11T12:00:00,PLOT-00000384,FAC-TW,LINE-TW-01,PROD-C100,COMP-MEM,SUP-E,CLOT-E-MEM-20260311,DEF-FUNC,test,1,True,True,False,rework
QEV-000000672,2026-03-11,2026-03-11T12:00:00,PLOT-00000385,FAC-TW,LINE-TW-02,PROD-X100,COMP-STOR,SUP-E,CLOT-E-TOR-20260311,DEF-FUNC,test,1,True,False,False,fail
QEV-000000673,2026-03-11,2026-03-11T12:00:00,PLOT-00000386,FAC-MX,LINE-MX-01,PROD-X100,COMP-MAIN,SUP-E,CLOT-E-AIN-20260311,DEF-VOLT,test,1,True,True,False,rework
QEV-000000674,2026-03-11,2026-03-11T12:00:00,PLOT-00000386,FAC-MX,LINE-MX-01,PROD-X100,COMP-STOR,SUP-F,CLOT-F-TOR-20260311,DEF-FUNC,test,1,True,False,False,fail
QEV-000000675,2026-03-11,2026-03-11T12:00:00,PLOT-00000388,FAC-MY,LINE-MY-01,PROD-C100,COMP-MAIN,SUP-F,CLOT-F-AIN-20260311,DEF-ASSY,in_process,1,True,True,False,rework
QEV-000000676,2026-03-11,2026-03-11T12:00:00,PLOT-00000388,FAC-MY,LINE-MY-01,PROD-C100,COMP-PWR,SUP-B,CLOT-B-PWR-20260311,DEF-VOLT,test,1,True,True,False,rework
QEV-000000677,2026-03-11,2026-03-11T12:00:00,PLOT-00000389,FAC-MY,LINE-MY-03,PROD-X100,COMP-MEM,SUP-B,CLOT-B-MEM-20260311,DEF-FUNC,test,1,True,False,False,fail
QEV-000000678,2026-03-11,2026-03-11T12:00:00,PLOT-00000389,FAC-MY,LINE-MY-03,PROD-X100,COMP-MEM,SUP-B,CLOT-B-MEM-20260311,DEF-MEM,test,1,True,True,False,rework
QEV-000000679,2026-03-11,2026-03-11T12:00:00,PLOT-00000389,FAC-MY,LINE-MY-03,PROD-X100,COMP-MEM,SUP-F,CLOT-F-MEM-20260311,DEF-MEM,test,1,True,True,False,rework
QEV-000000680,2026-03-11,2026-03-11T12:00:00,PLOT-00000389,FAC-MY,LINE-MY-03,PROD-X100,COMP-PWR,SUP-C,CLOT-C-PWR-20260311,DEF-FUNC,test,1,True,True,False,rework
QEV-000000681,2026-03-11,2026-03-11T12:00:00,PLOT-00000389,FAC-MY,LINE-MY-03,PROD-X100,COMP-STOR,SUP-E,CLOT-E-TOR-20260311,DEF-FUNC,test,1,True,True,False,rework
QEV-000000682,2026-03-11,2026-03-11T12:00:00,PLOT-00000389,FAC-MY,LINE-MY-03,PROD-X100,COMP-STOR,SUP-F,CLOT-F-TOR-20260311,DEF-ASSY,in_process,1,True,True,False,rework
QEV-000000683,2026-03-11,2026-03-11T12:00:00,PLOT-00000389,FAC-MY,LINE-MY-03,PROD-X100,COMP-STOR,SUP-G,CLOT-G-TOR-20260311,DEF-ASSY,in_process,1,True,True,False,rework
QEV-000000684,2026-03-12,2026-03-12T12:00:00,PLOT-00000390,FAC-TW,LINE-TW-01,PROD-C100,COMP-STOR,SUP-F,CLOT-F-TOR-20260312,DEF-CONN,in_process,1,True,True,False,rework
QEV-000000685,2026-03-12,2026-03-12T12:00:00,PLOT-00000391,FAC-TW,LINE-TW-02,PROD-X100,COMP-COOL,SUP-C,CLOT-C-OOL-20260312,DEF-THERM,test,1,True,True,False,rework
QEV-000000686,2026-03-12,2026-03-12T12:00:00,PLOT-00000392,FAC-MX,LINE-MX-01,PROD-S100,COMP-MEM,SUP-A,CLOT-A-MEM-20260312,DEF-FUNC,test,1,True,False,False,fail
QEV-000000687,2026-03-12,2026-03-12T12:00:00,PLOT-00000392,FAC-MX,LINE-MX-01,PROD-S100,COMP-MEM,SUP-C,CLOT-C-MEM-20260312,DEF-MEM,test,1,True,True,False,rework
QEV-000000688,2026-03-12,2026-03-12T12:00:00,PLOT-00000392,FAC-MX,LINE-MX-01,PROD-S100,COMP-PWR,SUP-D,CLOT-D-PWR-20260312,DEF-CONN,in_process,1,True,False,False,fail
QEV-000000689,2026-03-12,2026-03-12T12:00:00,PLOT-00000392,FAC-MX,LINE-MX-01,PROD-S100,COMP-STOR,SUP-C,CLOT-C-TOR-20260312,DEF-CONN,in_process,1,True,False,False,fail
QEV-000000690,2026-03-12,2026-03-12T12:00:00,PLOT-00000393,FAC-MX,LINE-MX-02,PROD-X200,COMP-COOL,SUP-A,CLOT-A-OOL-20260312,DEF-FUNC,test,1,True,True,False,rework
QEV-000000691,2026-03-12,2026-03-12T12:00:00,PLOT-00000393,FAC-MX,LINE-MX-02,PROD-X200,COMP-MAIN,SUP-A,CLOT-A-AIN-20260312,DEF-FUNC,test,1,True,False,False,fail
QEV-000000692,2026-03-12,2026-03-12T12:00:00,PLOT-00000393,FAC-MX,LINE-MX-02,PROD-X200,COMP-PWR,SUP-A,CLOT-A-PWR-20260312,DEF-FUNC,test,1,True,True,False,rework
QEV-000000693,2026-03-12,2026-03-12T12:00:00,PLOT-00000394,FAC-MY,LINE-MY-01,PROD-C100,COMP-COOL,SUP-H,CLOT-H-OOL-20260312,DEF-THERM,test,1,True,True,False,rework
QEV-000000694,2026-03-12,2026-03-12T12:00:00,PLOT-00000394,FAC-MY,LINE-MY-01,PROD-C100,COMP-MAIN,SUP-D,CLOT-D-AIN-20260312,DEF-FUNC,test,1,True,True,False,rework
QEV-000000695,2026-03-12,2026-03-12T12:00:00,PLOT-00000394,FAC-MY,LINE-MY-01,PROD-C100,COMP-PWR,SUP-A,CLOT-A-PWR-20260312,DEF-VOLT,test,1,True,True,False,rework
QEV-000000696,2026-03-12,2026-03-12T12:00:00,PLOT-00000394,FAC-MY,LINE-MY-01,PROD-C100,COMP-PWR,SUP-H,CLOT-H-PWR-20260312,DEF-VOLT,test,1,True,False,False,fail
QEV-000000697,2026-03-12,2026-03-12T12:00:00,PLOT-00000395,FAC-MY,LINE-MY-03,PROD-X100,COMP-MEM,SUP-E,CLOT-E-MEM-20260312,DEF-MEM,test,1,True,False,False,fail
QEV-000000698,2026-03-12,2026-03-12T12:00:00,PLOT-00000395,FAC-MY,LINE-MY-03,PROD-X100,COMP-NET,SUP-C,CLOT-C-NET-20260312,DEF-FUNC,test,1,True,True,False,rework
QEV-000000699,2026-03-12,2026-03-12T12:00:00,PLOT-00000395,FAC-MY,LINE-MY-03,PROD-X100,COMP-NET,SUP-D,CLOT-D-NET-20260312,DEF-CONN,in_process,1,True,True,False,rework
QEV-000000700,2026-03-12,2026-03-12T12:00:00,PLOT-00000395,FAC-MY,LINE-MY-03,PROD-X100,COMP-STOR,SUP-E,CLOT-E-TOR-20260312,DEF-FUNC,test,1,True,False,False,fail
QEV-000000701,2026-03-13,2026-03-13T12:00:00,PLOT-00000396,FAC-TW,LINE-TW-01,PROD-S100,COMP-PWR,SUP-E,CLOT-E-PWR-20260313,DEF-VOLT,test,1,True,False,True,scrap
QEV-000000702,2026-03-13,2026-03-13T12:00:00,PLOT-00000398,FAC-MX,LINE-MX-01,PROD-N100,COMP-COOL,SUP-D,CLOT-D-OOL-20260313,DEF-THERM,test,1,True,True,False,rework
QEV-000000703,2026-03-13,2026-03-13T12:00:00,PLOT-00000398,FAC-MX,LINE-MX-01,PROD-N100,COMP-MAIN,SUP-C,CLOT-C-AIN-20260313,DEF-FUNC,test,1,True,True,False,rework
QEV-000000704,2026-03-13,2026-03-13T12:00:00,PLOT-00000399,FAC-MX,LINE-MX-02,PROD-C100,COMP-COOL,SUP-E,CLOT-E-OOL-20260313,DEF-THERM,test,1,True,True,False,rework
QEV-000000705,2026-03-13,2026-03-13T12:00:00,PLOT-00000400,FAC-MY,LINE-MY-01,PROD-S100,COMP-COOL,SUP-C,CLOT-C-OOL-20260313,DEF-THERM,test,1,True,True,False,rework
QEV-000000706,2026-03-13,2026-03-13T12:00:00,PLOT-00000400,FAC-MY,LINE-MY-01,PROD-S100,COMP-COOL,SUP-H,CLOT-H-OOL-20260313,DEF-THERM,test,1,True,True,False,rework
QEV-000000707,2026-03-13,2026-03-13T12:00:00,PLOT-00000400,FAC-MY,LINE-MY-01,PROD-S100,COMP-MEM,SUP-A,CLOT-A-MEM-20260313,DEF-MEM,test,1,True,True,False,rework
QEV-000000708,2026-03-13,2026-03-13T12:00:00,PLOT-00000400,FAC-MY,LINE-MY-01,PROD-S100,COMP-MEM,SUP-E,CLOT-E-MEM-20260313,DEF-MEM,test,1,True,True,False,rework
QEV-000000709,2026-03-13,2026-03-13T12:00:00,PLOT-00000401,FAC-MY,LINE-MY-03,PROD-X100,COMP-COOL,SUP-C,CLOT-C-OOL-20260313,DEF-THERM,test,1,True,True,False,rework
QEV-000000710,2026-03-13,2026-03-13T12:00:00,PLOT-00000401,FAC-MY,LINE-MY-03,PROD-X100,COMP-MAIN,SUP-B,CLOT-B-AIN-20260313,DEF-ASSY,in_process,1,True,True,False,rework
QEV-000000711,2026-03-13,2026-03-13T12:00:00,PLOT-00000401,FAC-MY,LINE-MY-03,PROD-X100,COMP-MAIN,SUP-H,CLOT-H-AIN-20260313,DEF-ASSY,in_process,1,True,False,False,fail
QEV-000000712,2026-03-13,2026-03-13T12:00:00,PLOT-00000401,FAC-MY,LINE-MY-03,PROD-X100,COMP-PWR,SUP-B,CLOT-B-PWR-20260313,DEF-VOLT,test,1,True,False,False,fail
QEV-000000713,2026-03-13,2026-03-13T12:00:00,PLOT-00000401,FAC-MY,LINE-MY-03,PROD-X100,COMP-PWR,SUP-C,CLOT-C-PWR-20260313,DEF-VOLT,test,1,True,True,False,rework
QEV-000000714,2026-03-13,2026-03-13T12:00:00,PLOT-00000401,FAC-MY,LINE-MY-03,PROD-X100,COMP-STOR,SUP-H,CLOT-H-TOR-20260313,DEF-CONN,in_process,1,True,False,False,fail
QEV-000000715,2026-03-14,2026-03-14T12:00:00,PLOT-00000403,FAC-TW,LINE-TW-02,PROD-X200,COMP-MAIN,SUP-A,CLOT-A-AIN-20260314,DEF-FUNC,test,1,True,True,False,rework
QEV-000000716,2026-03-14,2026-03-14T12:00:00,PLOT-00000403,FAC-TW,LINE-TW-02,PROD-X200,COMP-NET,SUP-A,CLOT-A-NET-20260314,DEF-FUNC,test,1,True,False,True,scrap
QEV-000000717,2026-03-14,2026-03-14T12:00:00,PLOT-00000404,FAC-MX,LINE-MX-01,PROD-X100,COMP-MEM,SUP-B,CLOT-B-MEM-20260314,DEF-FUNC,test,1,True,False,False,fail
QEV-000000718,2026-03-14,2026-03-14T12:00:00,PLOT-00000404,FAC-MX,LINE-MX-01,PROD-X100,COMP-NET,SUP-B,CLOT-B-NET-20260314,DEF-ASSY,in_process,1,True,False,False,fail
QEV-000000719,2026-03-14,2026-03-14T12:00:00,PLOT-00000405,FAC-MX,LINE-MX-02,PROD-X100,COMP-MEM,SUP-A,CLOT-A-MEM-20260314,DEF-CONN,in_process,1,True,False,True,scrap
QEV-000000720,2026-03-14,2026-03-14T12:00:00,PLOT-00000405,FAC-MX,LINE-MX-02,PROD-X100,COMP-PWR,SUP-G,CLOT-G-PWR-20260314,DEF-VOLT,test,1,True,False,False,fail
QEV-000000721,2026-03-14,2026-03-14T12:00:00,PLOT-00000406,FAC-MY,LINE-MY-01,PROD-N100,COMP-MAIN,SUP-E,CLOT-E-AIN-20260314,DEF-FUNC,test,1,True,True,False,rework
QEV-000000722,2026-03-14,2026-03-14T12:00:00,PLOT-00000406,FAC-MY,LINE-MY-01,PROD-N100,COMP-MEM,SUP-D,CLOT-D-MEM-20260314,DEF-MEM,test,1,True,False,True,scrap
QEV-000000723,2026-03-14,2026-03-14T12:00:00,PLOT-00000406,FAC-MY,LINE-MY-01,PROD-N100,COMP-STOR,SUP-E,CLOT-E-TOR-20260314,DEF-CONN,in_process,1,True,False,False,fail
QEV-000000724,2026-03-14,2026-03-14T12:00:00,PLOT-00000407,FAC-MY,LINE-MY-03,PROD-X200,COMP-COOL,SUP-E,CLOT-E-OOL-20260314,DEF-FUNC,test,1,True,False,False,fail
QEV-000000725,2026-03-14,2026-03-14T12:00:00,PLOT-00000407,FAC-MY,LINE-MY-03,PROD-X200,COMP-MAIN,SUP-A,CLOT-A-AIN-20260314,DEF-VOLT,test,1,True,False,True,scrap
QEV-000000726,2026-03-15,2026-03-15T12:00:00,PLOT-00000408,FAC-TW,LINE-TW-01,PROD-X100,COMP-MAIN,SUP-B,CLOT-B-AIN-20260315,DEF-ASSY,in_process,1,True,False,False,fail
QEV-000000727,2026-03-15,2026-03-15T12:00:00,PLOT-00000408,FAC-TW,LINE-TW-01,PROD-X100,COMP-PWR,SUP-F,CLOT-F-PWR-20260315,DEF-VOLT,test,1,True,False,True,scrap
QEV-000000728,2026-03-15,2026-03-15T12:00:00,PLOT-00000409,FAC-TW,LINE-TW-02,PROD-C100,COMP-PWR,SUP-B,CLOT-B-PWR-20260315,DEF-FUNC,test,1,True,True,False,rework
QEV-000000729,2026-03-15,2026-03-15T12:00:00,PLOT-00000410,FAC-MX,LINE-MX-01,PROD-S100,COMP-MAIN,SUP-C,CLOT-C-AIN-20260315,DEF-VOLT,test,1,True,True,False,rework
QEV-000000730,2026-03-15,2026-03-15T12:00:00,PLOT-00000410,FAC-MX,LINE-MX-01,PROD-S100,COMP-STOR,SUP-A,CLOT-A-TOR-20260315,DEF-ASSY,in_process,1,True,False,False,fail
QEV-000000731,2026-03-15,2026-03-15T12:00:00,PLOT-00000411,FAC-MX,LINE-MX-02,PROD-X200,COMP-COOL,SUP-H,CLOT-H-OOL-20260315,DEF-THERM,test,1,True,False,True,scrap
QEV-000000732,2026-03-15,2026-03-15T12:00:00,PLOT-00000412,FAC-MY,LINE-MY-01,PROD-C100,COMP-NET,SUP-F,CLOT-F-NET-20260315,DEF-CONN,in_process,1,True,True,False,rework
QEV-000000733,2026-03-15,2026-03-15T12:00:00,PLOT-00000412,FAC-MY,LINE-MY-01,PROD-C100,COMP-PWR,SUP-D,CLOT-D-PWR-20260315,DEF-VOLT,test,1,True,False,False,fail
QEV-000000734,2026-03-15,2026-03-15T12:00:00,PLOT-00000412,FAC-MY,LINE-MY-01,PROD-C100,COMP-STOR,SUP-B,CLOT-B-TOR-20260315,DEF-CONN,in_process,1,True,True,False,rework
QEV-000000735,2026-03-15,2026-03-15T12:00:00,PLOT-00000413,FAC-MY,LINE-MY-03,PROD-C100,COMP-COOL,SUP-B,CLOT-B-OOL-20260315,DEF-ASSY,in_process,1,True,True,False,rework
QEV-000000736,2026-03-15,2026-03-15T12:00:00,PLOT-00000413,FAC-MY,LINE-MY-03,PROD-C100,COMP-MEM,SUP-B,CLOT-B-MEM-20260315,DEF-MEM,test,1,True,False,False,fail
QEV-000000737,2026-03-15,2026-03-15T12:00:00,PLOT-00000413,FAC-MY,LINE-MY-03,PROD-C100,COMP-NET,SUP-C,CLOT-C-NET-20260315,DEF-ASSY,in_process,1,True,True,False,rework
QEV-000000738,2026-03-15,2026-03-15T12:00:00,PLOT-00000413,FAC-MY,LINE-MY-03,PROD-C100,COMP-PWR,SUP-B,CLOT-B-PWR-20260315,DEF-VOLT,test,2,True,True,False,rework
QEV-000000739,2026-03-15,2026-03-15T12:00:00,PLOT-00000413,FAC-MY,LINE-MY-03,PROD-C100,COMP-PWR,SUP-D,CLOT-D-PWR-20260315,DEF-VOLT,test,1,True,True,False,rework
QEV-000000740,2026-03-16,2026-03-16T12:00:00,PLOT-00000415,FAC-TW,LINE-TW-02,PROD-X200,COMP-PWR,SUP-B,CLOT-B-PWR-20260316,DEF-VOLT,test,1,True,True,False,rework
QEV-000000741,2026-03-16,2026-03-16T12:00:00,PLOT-00000416,FAC-MX,LINE-MX-01,PROD-S100,COMP-MAIN,SUP-E,CLOT-E-AIN-20260316,DEF-FUNC,test,1,True,False,False,fail
QEV-000000742,2026-03-16,2026-03-16T12:00:00,PLOT-00000416,FAC-MX,LINE-MX-01,PROD-S100,COMP-PWR,SUP-B,CLOT-B-PWR-20260316,DEF-VOLT,test,1,True,True,False,rework
QEV-000000743,2026-03-16,2026-03-16T12:00:00,PLOT-00000416,FAC-MX,LINE-MX-01,PROD-S100,COMP-PWR,SUP-C,CLOT-C-PWR-20260316,DEF-FUNC,test,1,True,False,False,fail
QEV-000000744,2026-03-16,2026-03-16T12:00:00,PLOT-00000417,FAC-MX,LINE-MX-02,PROD-X100,COMP-PWR,SUP-B,CLOT-B-PWR-20260316,DEF-VOLT,test,1,True,False,True,scrap
QEV-000000745,2026-03-16,2026-03-16T12:00:00,PLOT-00000418,FAC-MY,LINE-MY-01,PROD-X200,COMP-NET,SUP-E,CLOT-E-NET-20260316,DEF-ASSY,in_process,1,True,False,False,fail
QEV-000000746,2026-03-16,2026-03-16T12:00:00,PLOT-00000419,FAC-MY,LINE-MY-03,PROD-S100,COMP-COOL,SUP-B,CLOT-B-OOL-20260316,DEF-FUNC,test,1,True,False,False,fail
QEV-000000747,2026-03-16,2026-03-16T12:00:00,PLOT-00000419,FAC-MY,LINE-MY-03,PROD-S100,COMP-MAIN,SUP-A,CLOT-A-AIN-20260316,DEF-FUNC,test,1,True,True,False,rework
QEV-000000748,2026-03-16,2026-03-16T12:00:00,PLOT-00000419,FAC-MY,LINE-MY-03,PROD-S100,COMP-PWR,SUP-A,CLOT-A-PWR-20260316,DEF-VOLT,test,1,True,True,False,rework
QEV-000000749,2026-03-16,2026-03-16T12:00:00,PLOT-00000419,FAC-MY,LINE-MY-03,PROD-S100,COMP-PWR,SUP-F,CLOT-F-PWR-20260316,DEF-CONN,in_process,1,True,False,False,fail
QEV-000000750,2026-03-17,2026-03-17T12:00:00,PLOT-00000420,FAC-TW,LINE-TW-01,PROD-X200,COMP-COOL,SUP-B,CLOT-B-OOL-20260317,DEF-ASSY,in_process,1,True,False,False,fail
QEV-000000751,2026-03-17,2026-03-17T12:00:00,PLOT-00000422,FAC-MX,LINE-MX-01,PROD-N100,COMP-NET,SUP-C,CLOT-C-NET-20260317,DEF-FUNC,test,1,True,False,False,fail
QEV-000000752,2026-03-17,2026-03-17T12:00:00,PLOT-00000422,FAC-MX,LINE-MX-01,PROD-N100,COMP-PWR,SUP-H,CLOT-H-PWR-20260317,DEF-VOLT,test,1,True,True,False,rework
QEV-000000753,2026-03-17,2026-03-17T12:00:00,PLOT-00000423,FAC-MX,LINE-MX-02,PROD-X100,COMP-MAIN,SUP-F,CLOT-F-AIN-20260317,DEF-FUNC,test,1,True,True,False,rework
QEV-000000754,2026-03-17,2026-03-17T12:00:00,PLOT-00000424,FAC-MY,LINE-MY-01,PROD-X200,COMP-NET,SUP-C,CLOT-C-NET-20260317,DEF-CONN,in_process,1,True,False,False,fail
QEV-000000755,2026-03-17,2026-03-17T12:00:00,PLOT-00000424,FAC-MY,LINE-MY-01,PROD-X200,COMP-NET,SUP-D,CLOT-D-NET-20260317,DEF-FUNC,test,1,True,True,False,rework
QEV-000000756,2026-03-17,2026-03-17T12:00:00,PLOT-00000424,FAC-MY,LINE-MY-01,PROD-X200,COMP-PWR,SUP-F,CLOT-F-PWR-20260317,DEF-VOLT,test,1,True,True,False,rework
QEV-000000757,2026-03-17,2026-03-17T12:00:00,PLOT-00000424,FAC-MY,LINE-MY-01,PROD-X200,COMP-STOR,SUP-C,CLOT-C-TOR-20260317,DEF-FUNC,test,1,True,True,False,rework
QEV-000000758,2026-03-17,2026-03-17T12:00:00,PLOT-00000425,FAC-MY,LINE-MY-03,PROD-X100,COMP-MAIN,SUP-C,CLOT-C-AIN-20260317,DEF-FUNC,test,1,True,True,False,rework
QEV-000000759,2026-03-17,2026-03-17T12:00:00,PLOT-00000425,FAC-MY,LINE-MY-03,PROD-X100,COMP-PWR,SUP-C,CLOT-C-PWR-20260317,DEF-VOLT,test,1,True,False,True,scrap
QEV-000000760,2026-03-17,2026-03-17T12:00:00,PLOT-00000425,FAC-MY,LINE-MY-03,PROD-X100,COMP-STOR,SUP-A,CLOT-A-TOR-20260317,DEF-FUNC,test,1,True,False,True,scrap
QEV-000000761,2026-03-18,2026-03-18T12:00:00,PLOT-00000427,FAC-TW,LINE-TW-02,PROD-C100,COMP-STOR,SUP-A,CLOT-A-TOR-20260318,DEF-FUNC,test,1,True,False,False,fail
QEV-000000762,2026-03-18,2026-03-18T12:00:00,PLOT-00000428,FAC-MX,LINE-MX-01,PROD-X100,COMP-COOL,SUP-F,CLOT-F-OOL-20260318,DEF-THERM,test,1,True,False,False,fail
QEV-000000763,2026-03-18,2026-03-18T12:00:00,PLOT-00000428,FAC-MX,LINE-MX-01,PROD-X100,COMP-MEM,SUP-C,CLOT-C-MEM-20260318,DEF-MEM,test,1,True,True,False,rework
QEV-000000764,2026-03-18,2026-03-18T12:00:00,PLOT-00000429,FAC-MX,LINE-MX-02,PROD-X100,COMP-MAIN,SUP-A,CLOT-A-AIN-20260318,DEF-VOLT,test,1,True,False,False,fail
QEV-000000765,2026-03-18,2026-03-18T12:00:00,PLOT-00000430,FAC-MY,LINE-MY-01,PROD-N100,COMP-COOL,SUP-C,CLOT-C-OOL-20260318,DEF-THERM,test,1,True,True,False,rework
QEV-000000766,2026-03-18,2026-03-18T12:00:00,PLOT-00000430,FAC-MY,LINE-MY-01,PROD-N100,COMP-MEM,SUP-G,CLOT-G-MEM-20260318,DEF-MEM,test,1,True,False,False,fail
QEV-000000767,2026-03-18,2026-03-18T12:00:00,PLOT-00000430,FAC-MY,LINE-MY-01,PROD-N100,COMP-PWR,SUP-B,CLOT-B-PWR-20260318,DEF-FUNC,test,1,True,False,False,fail
QEV-000000768,2026-03-18,2026-03-18T12:00:00,PLOT-00000431,FAC-MY,LINE-MY-03,PROD-N100,COMP-MAIN,SUP-B,CLOT-B-AIN-20260318,DEF-FUNC,test,1,True,True,False,rework
QEV-000000769,2026-03-18,2026-03-18T12:00:00,PLOT-00000431,FAC-MY,LINE-MY-03,PROD-N100,COMP-MAIN,SUP-D,CLOT-D-AIN-20260318,DEF-FUNC,test,1,True,True,False,rework
QEV-000000770,2026-03-18,2026-03-18T12:00:00,PLOT-00000431,FAC-MY,LINE-MY-03,PROD-N100,COMP-MAIN,SUP-D,CLOT-D-AIN-20260318,DEF-VOLT,test,1,True,False,False,fail
QEV-000000771,2026-03-18,2026-03-18T12:00:00,PLOT-00000431,FAC-MY,LINE-MY-03,PROD-N100,COMP-MEM,SUP-D,CLOT-D-MEM-20260318,DEF-FUNC,test,1,True,True,False,rework
QEV-000000772,2026-03-19,2026-03-19T12:00:00,PLOT-00000432,FAC-TW,LINE-TW-01,PROD-X100,COMP-STOR,SUP-H,CLOT-H-TOR-20260319,DEF-FUNC,test,1,True,False,False,fail
QEV-000000773,2026-03-19,2026-03-19T12:00:00,PLOT-00000434,FAC-MX,LINE-MX-01,PROD-X100,COMP-COOL,SUP-F,CLOT-F-OOL-20260319,DEF-THERM,test,1,True,True,False,rework
QEV-000000774,2026-03-19,2026-03-19T12:00:00,PLOT-00000435,FAC-MX,LINE-MX-02,PROD-X100,COMP-PWR,SUP-B,CLOT-B-PWR-20260319,DEF-VOLT,test,1,True,True,False,rework
QEV-000000775,2026-03-19,2026-03-19T12:00:00,PLOT-00000436,FAC-MY,LINE-MY-01,PROD-N100,COMP-MAIN,SUP-A,CLOT-A-AIN-20260319,DEF-FUNC,test,1,True,True,False,rework
QEV-000000776,2026-03-19,2026-03-19T12:00:00,PLOT-00000436,FAC-MY,LINE-MY-01,PROD-N100,COMP-MAIN,SUP-H,CLOT-H-AIN-20260319,DEF-FUNC,test,1,True,False,True,scrap
QEV-000000777,2026-03-19,2026-03-19T12:00:00,PLOT-00000437,FAC-MY,LINE-MY-03,PROD-N100,COMP-MAIN,SUP-A,CLOT-A-AIN-20260319,DEF-FUNC,test,1,True,False,True,scrap
QEV-000000778,2026-03-19,2026-03-19T12:00:00,PLOT-00000437,FAC-MY,LINE-MY-03,PROD-N100,COMP-NET,SUP-B,CLOT-B-NET-20260319,DEF-FUNC,test,1,True,True,False,rework
QEV-000000779,2026-03-19,2026-03-19T12:00:00,PLOT-00000437,FAC-MY,LINE-MY-03,PROD-N100,COMP-PWR,SUP-F,CLOT-F-PWR-20260319,DEF-VOLT,test,1,True,True,False,rework
QEV-000000780,2026-03-20,2026-03-20T12:00:00,PLOT-00000438,FAC-TW,LINE-TW-01,PROD-C100,COMP-MEM,SUP-F,CLOT-F-MEM-20260320,DEF-CONN,in_process,1,True,False,False,fail
QEV-000000781,2026-03-20,2026-03-20T12:00:00,PLOT-00000439,FAC-TW,LINE-TW-02,PROD-X200,COMP-PWR,SUP-A,CLOT-A-PWR-20260320,DEF-FUNC,test,1,True,True,False,rework
QEV-000000782,2026-03-20,2026-03-20T12:00:00,PLOT-00000439,FAC-TW,LINE-TW-02,PROD-X200,COMP-PWR,SUP-B,CLOT-B-PWR-20260320,DEF-VOLT,test,1,True,False,False,fail
QEV-000000783,2026-03-20,2026-03-20T12:00:00,PLOT-00000439,FAC-TW,LINE-TW-02,PROD-X200,COMP-PWR,SUP-C,CLOT-C-PWR-20260320,DEF-CONN,in_process,1,True,True,False,rework
QEV-000000784,2026-03-20,2026-03-20T12:00:00,PLOT-00000440,FAC-MX,LINE-MX-01,PROD-S100,COMP-COOL,SUP-C,CLOT-C-OOL-20260320,DEF-THERM,test,1,True,True,False,rework
QEV-000000785,2026-03-20,2026-03-20T12:00:00,PLOT-00000441,FAC-MX,LINE-MX-02,PROD-X100,COMP-PWR,SUP-B,CLOT-B-PWR-20260320,DEF-VOLT,test,1,True,True,False,rework
QEV-000000786,2026-03-20,2026-03-20T12:00:00,PLOT-00000441,FAC-MX,LINE-MX-02,PROD-X100,COMP-PWR,SUP-E,CLOT-E-PWR-20260320,DEF-VOLT,test,1,True,True,False,rework
QEV-000000787,2026-03-20,2026-03-20T12:00:00,PLOT-00000442,FAC-MY,LINE-MY-01,PROD-N100,COMP-COOL,SUP-B,CLOT-B-OOL-20260320,DEF-FUNC,test,1,True,True,False,rework
QEV-000000788,2026-03-20,2026-03-20T12:00:00,PLOT-00000442,FAC-MY,LINE-MY-01,PROD-N100,COMP-MAIN,SUP-C,CLOT-C-AIN-20260320,DEF-ASSY,in_process,1,True,False,True,scrap
QEV-000000789,2026-03-20,2026-03-20T12:00:00,PLOT-00000442,FAC-MY,LINE-MY-01,PROD-N100,COMP-PWR,SUP-F,CLOT-F-PWR-20260320,DEF-VOLT,test,1,True,True,False,rework
QEV-000000790,2026-03-20,2026-03-20T12:00:00,PLOT-00000442,FAC-MY,LINE-MY-01,PROD-N100,COMP-STOR,SUP-D,CLOT-D-TOR-20260320,DEF-FUNC,test,1,True,False,False,fail
QEV-000000791,2026-03-20,2026-03-20T12:00:00,PLOT-00000443,FAC-MY,LINE-MY-03,PROD-C100,COMP-MAIN,SUP-A,CLOT-A-AIN-20260320,DEF-FUNC,test,1,True,True,False,rework
QEV-000000792,2026-03-20,2026-03-20T12:00:00,PLOT-00000443,FAC-MY,LINE-MY-03,PROD-C100,COMP-MAIN,SUP-E,CLOT-E-AIN-20260320,DEF-FUNC,test,1,True,False,False,fail
QEV-000000793,2026-03-20,2026-03-20T12:00:00,PLOT-00000443,FAC-MY,LINE-MY-03,PROD-C100,COMP-STOR,SUP-A,CLOT-A-TOR-20260320,DEF-FUNC,test,1,True,False,False,fail
QEV-000000794,2026-03-21,2026-03-21T12:00:00,PLOT-00000444,FAC-TW,LINE-TW-01,PROD-X200,COMP-COOL,SUP-H,CLOT-H-OOL-20260321,DEF-THERM,test,1,True,True,False,rework
QEV-000000795,2026-03-21,2026-03-21T12:00:00,PLOT-00000444,FAC-TW,LINE-TW-01,PROD-X200,COMP-MEM,SUP-F,CLOT-F-MEM-20260321,DEF-FUNC,test,1,True,False,False,fail
QEV-000000796,2026-03-21,2026-03-21T12:00:00,PLOT-00000444,FAC-TW,LINE-TW-01,PROD-X200,COMP-PWR,SUP-B,CLOT-B-PWR-20260321,DEF-VOLT,test,1,True,True,False,rework
QEV-000000797,2026-03-21,2026-03-21T12:00:00,PLOT-00000444,FAC-TW,LINE-TW-01,PROD-X200,COMP-STOR,SUP-B,CLOT-B-TOR-20260321,DEF-CONN,in_process,1,True,True,False,rework
QEV-000000798,2026-03-21,2026-03-21T12:00:00,PLOT-00000444,FAC-TW,LINE-TW-01,PROD-X200,COMP-STOR,SUP-C,CLOT-C-TOR-20260321,DEF-ASSY,in_process,1,True,False,False,fail
QEV-000000799,2026-03-21,2026-03-21T12:00:00,PLOT-00000445,FAC-TW,LINE-TW-02,PROD-X200,COMP-PWR,SUP-B,CLOT-B-PWR-20260321,DEF-CONN,in_process,1,True,True,False,rework
QEV-000000800,2026-03-21,2026-03-21T12:00:00,PLOT-00000445,FAC-TW,LINE-TW-02,PROD-X200,COMP-PWR,SUP-B,CLOT-B-PWR-20260321,DEF-VOLT,test,1,True,True,False,rework
QEV-000000801,2026-03-21,2026-03-21T12:00:00,PLOT-00000445,FAC-TW,LINE-TW-02,PROD-X200,COMP-PWR,SUP-C,CLOT-C-PWR-20260321,DEF-FUNC,test,1,True,True,False,rework
QEV-000000802,2026-03-21,2026-03-21T12:00:00,PLOT-00000446,FAC-MX,LINE-MX-01,PROD-S100,COMP-COOL,SUP-D,CLOT-D-OOL-20260321,DEF-THERM,test,1,True,False,False,fail
QEV-000000803,2026-03-21,2026-03-21T12:00:00,PLOT-00000446,FAC-MX,LINE-MX-01,PROD-S100,COMP-MAIN,SUP-A,CLOT-A-AIN-20260321,DEF-FUNC,test,1,True,False,False,fail
QEV-000000804,2026-03-21,2026-03-21T12:00:00,PLOT-00000446,FAC-MX,LINE-MX-01,PROD-S100,COMP-NET,SUP-B,CLOT-B-NET-20260321,DEF-FUNC,test,1,True,True,False,rework
QEV-000000805,2026-03-21,2026-03-21T12:00:00,PLOT-00000446,FAC-MX,LINE-MX-01,PROD-S100,COMP-STOR,SUP-A,CLOT-A-TOR-20260321,DEF-ASSY,in_process,1,True,False,False,fail
QEV-000000806,2026-03-21,2026-03-21T12:00:00,PLOT-00000447,FAC-MX,LINE-MX-02,PROD-X100,COMP-PWR,SUP-B,CLOT-B-PWR-20260321,DEF-VOLT,test,1,True,True,False,rework
QEV-000000807,2026-03-21,2026-03-21T12:00:00,PLOT-00000447,FAC-MX,LINE-MX-02,PROD-X100,COMP-PWR,SUP-D,CLOT-D-PWR-20260321,DEF-VOLT,test,1,True,False,False,fail
QEV-000000808,2026-03-21,2026-03-21T12:00:00,PLOT-00000448,FAC-MY,LINE-MY-01,PROD-X200,COMP-MAIN,SUP-E,CLOT-E-AIN-20260321,DEF-FUNC,test,1,True,True,False,rework
QEV-000000809,2026-03-21,2026-03-21T12:00:00,PLOT-00000448,FAC-MY,LINE-MY-01,PROD-X200,COMP-PWR,SUP-B,CLOT-B-PWR-20260321,DEF-CONN,in_process,1,True,False,True,scrap
QEV-000000810,2026-03-21,2026-03-21T12:00:00,PLOT-00000448,FAC-MY,LINE-MY-01,PROD-X200,COMP-PWR,SUP-B,CLOT-B-PWR-20260321,DEF-VOLT,test,1,True,True,False,rework
QEV-000000811,2026-03-21,2026-03-21T12:00:00,PLOT-00000449,FAC-MY,LINE-MY-03,PROD-C100,COMP-STOR,SUP-B,CLOT-B-TOR-20260321,DEF-FUNC,test,1,True,True,False,rework
QEV-000000812,2026-03-22,2026-03-22T12:00:00,PLOT-00000451,FAC-TW,LINE-TW-02,PROD-N100,COMP-COOL,SUP-D,CLOT-D-OOL-20260322,DEF-THERM,test,1,True,False,False,fail
QEV-000000813,2026-03-22,2026-03-22T12:00:00,PLOT-00000452,FAC-MX,LINE-MX-01,PROD-X100,COMP-STOR,SUP-H,CLOT-H-TOR-20260322,DEF-FUNC,test,1,True,False,False,fail
QEV-000000814,2026-03-22,2026-03-22T12:00:00,PLOT-00000453,FAC-MX,LINE-MX-02,PROD-X100,COMP-MAIN,SUP-F,CLOT-F-AIN-20260322,DEF-ASSY,in_process,1,True,False,True,scrap
QEV-000000815,2026-03-22,2026-03-22T12:00:00,PLOT-00000454,FAC-MY,LINE-MY-01,PROD-X200,COMP-COOL,SUP-A,CLOT-A-OOL-20260322,DEF-THERM,test,1,True,True,False,rework
QEV-000000816,2026-03-22,2026-03-22T12:00:00,PLOT-00000454,FAC-MY,LINE-MY-01,PROD-X200,COMP-COOL,SUP-F,CLOT-F-OOL-20260322,DEF-THERM,test,1,True,False,False,fail
QEV-000000817,2026-03-22,2026-03-22T12:00:00,PLOT-00000454,FAC-MY,LINE-MY-01,PROD-X200,COMP-PWR,SUP-B,CLOT-B-PWR-20260322,DEF-VOLT,test,1,True,True,False,rework
QEV-000000818,2026-03-22,2026-03-22T12:00:00,PLOT-00000455,FAC-MY,LINE-MY-03,PROD-S100,COMP-MAIN,SUP-B,CLOT-B-AIN-20260322,DEF-FUNC,test,1,True,False,False,fail
QEV-000000819,2026-03-23,2026-03-23T12:00:00,PLOT-00000456,FAC-TW,LINE-TW-01,PROD-S100,COMP-COOL,SUP-A,CLOT-A-OOL-20260323,DEF-FUNC,test,1,True,True,False,rework
QEV-000000820,2026-03-23,2026-03-23T12:00:00,PLOT-00000457,FAC-TW,LINE-TW-02,PROD-N100,COMP-MAIN,SUP-D,CLOT-D-AIN-20260323,DEF-VOLT,test,1,True,True,False,rework
QEV-000000821,2026-03-23,2026-03-23T12:00:00,PLOT-00000457,FAC-TW,LINE-TW-02,PROD-N100,COMP-STOR,SUP-E,CLOT-E-TOR-20260323,DEF-CONN,in_process,1,True,True,False,rework
QEV-000000822,2026-03-23,2026-03-23T12:00:00,PLOT-00000458,FAC-MX,LINE-MX-01,PROD-X200,COMP-MAIN,SUP-A,CLOT-A-AIN-20260323,DEF-FUNC,test,1,True,True,False,rework
QEV-000000823,2026-03-23,2026-03-23T12:00:00,PLOT-00000458,FAC-MX,LINE-MX-01,PROD-X200,COMP-MEM,SUP-G,CLOT-G-MEM-20260323,DEF-MEM,test,1,True,False,True,scrap
QEV-000000824,2026-03-23,2026-03-23T12:00:00,PLOT-00000458,FAC-MX,LINE-MX-01,PROD-X200,COMP-PWR,SUP-B,CLOT-B-PWR-20260323,DEF-CONN,in_process,1,True,True,False,rework
QEV-000000825,2026-03-23,2026-03-23T12:00:00,PLOT-00000458,FAC-MX,LINE-MX-01,PROD-X200,COMP-PWR,SUP-B,CLOT-B-PWR-20260323,DEF-VOLT,test,1,True,False,False,fail
QEV-000000826,2026-03-23,2026-03-23T12:00:00,PLOT-00000459,FAC-MX,LINE-MX-02,PROD-X100,COMP-MAIN,SUP-G,CLOT-G-AIN-20260323,DEF-FUNC,test,1,True,False,False,fail
QEV-000000827,2026-03-23,2026-03-23T12:00:00,PLOT-00000459,FAC-MX,LINE-MX-02,PROD-X100,COMP-MEM,SUP-H,CLOT-H-MEM-20260323,DEF-CONN,in_process,1,True,False,False,fail
QEV-000000828,2026-03-23,2026-03-23T12:00:00,PLOT-00000459,FAC-MX,LINE-MX-02,PROD-X100,COMP-NET,SUP-E,CLOT-E-NET-20260323,DEF-ASSY,in_process,1,True,False,False,fail
QEV-000000829,2026-03-23,2026-03-23T12:00:00,PLOT-00000460,FAC-MY,LINE-MY-01,PROD-X200,COMP-MAIN,SUP-B,CLOT-B-AIN-20260323,DEF-VOLT,test,1,True,True,False,rework
QEV-000000830,2026-03-23,2026-03-23T12:00:00,PLOT-00000460,FAC-MY,LINE-MY-01,PROD-X200,COMP-MEM,SUP-D,CLOT-D-MEM-20260323,DEF-MEM,test,1,True,True,False,rework
QEV-000000831,2026-03-23,2026-03-23T12:00:00,PLOT-00000461,FAC-MY,LINE-MY-03,PROD-S100,COMP-MAIN,SUP-A,CLOT-A-AIN-20260323,DEF-FUNC,test,1,True,False,False,fail
QEV-000000832,2026-03-23,2026-03-23T12:00:00,PLOT-00000461,FAC-MY,LINE-MY-03,PROD-S100,COMP-NET,SUP-A,CLOT-A-NET-20260323,DEF-CONN,in_process,1,True,True,False,rework
QEV-000000833,2026-03-23,2026-03-23T12:00:00,PLOT-00000461,FAC-MY,LINE-MY-03,PROD-S100,COMP-PWR,SUP-B,CLOT-B-PWR-20260323,DEF-VOLT,test,1,True,False,False,fail
QEV-000000834,2026-03-24,2026-03-24T12:00:00,PLOT-00000462,FAC-TW,LINE-TW-01,PROD-C100,COMP-PWR,SUP-B,CLOT-B-PWR-20260324,DEF-VOLT,test,1,True,True,False,rework
QEV-000000835,2026-03-24,2026-03-24T12:00:00,PLOT-00000463,FAC-TW,LINE-TW-02,PROD-N100,COMP-COOL,SUP-H,CLOT-H-OOL-20260324,DEF-THERM,test,1,True,False,False,fail
QEV-000000836,2026-03-24,2026-03-24T12:00:00,PLOT-00000464,FAC-MX,LINE-MX-01,PROD-X100,COMP-PWR,SUP-A,CLOT-A-PWR-20260324,DEF-VOLT,test,1,True,False,False,fail
QEV-000000837,2026-03-24,2026-03-24T12:00:00,PLOT-00000464,FAC-MX,LINE-MX-01,PROD-X100,COMP-PWR,SUP-G,CLOT-G-PWR-20260324,DEF-FUNC,test,1,True,True,False,rework
QEV-000000838,2026-03-24,2026-03-24T12:00:00,PLOT-00000465,FAC-MX,LINE-MX-02,PROD-C100,COMP-STOR,SUP-A,CLOT-A-TOR-20260324,DEF-FUNC,test,1,True,True,False,rework
QEV-000000839,2026-03-24,2026-03-24T12:00:00,PLOT-00000466,FAC-MY,LINE-MY-01,PROD-X200,COMP-MEM,SUP-G,CLOT-G-MEM-20260324,DEF-MEM,test,1,True,False,False,fail
QEV-000000840,2026-03-24,2026-03-24T12:00:00,PLOT-00000466,FAC-MY,LINE-MY-01,PROD-X200,COMP-STOR,SUP-H,CLOT-H-TOR-20260324,DEF-CONN,in_process,1,True,True,False,rework
QEV-000000841,2026-03-24,2026-03-24T12:00:00,PLOT-00000467,FAC-MY,LINE-MY-03,PROD-S100,COMP-COOL,SUP-A,CLOT-A-OOL-20260324,DEF-THERM,test,1,True,True,False,rework
QEV-000000842,2026-03-24,2026-03-24T12:00:00,PLOT-00000467,FAC-MY,LINE-MY-03,PROD-S100,COMP-MAIN,SUP-C,CLOT-C-AIN-20260324,DEF-VOLT,test,1,True,False,False,fail
QEV-000000843,2026-03-24,2026-03-24T12:00:00,PLOT-00000467,FAC-MY,LINE-MY-03,PROD-S100,COMP-STOR,SUP-F,CLOT-F-TOR-20260324,DEF-CONN,in_process,1,True,True,False,rework
QEV-000000844,2026-03-25,2026-03-25T12:00:00,PLOT-00000468,FAC-TW,LINE-TW-01,PROD-S100,COMP-MAIN,SUP-C,CLOT-C-AIN-20260325,DEF-ASSY,in_process,1,True,False,False,fail
QEV-000000845,2026-03-25,2026-03-25T12:00:00,PLOT-00000468,FAC-TW,LINE-TW-01,PROD-S100,COMP-PWR,SUP-B,CLOT-B-PWR-20260325,DEF-CONN,in_process,1,True,True,False,rework
QEV-000000846,2026-03-25,2026-03-25T12:00:00,PLOT-00000469,FAC-TW,LINE-TW-02,PROD-X200,COMP-MAIN,SUP-B,CLOT-B-AIN-20260325,DEF-FUNC,test,1,True,True,False,rework
QEV-000000847,2026-03-25,2026-03-25T12:00:00,PLOT-00000469,FAC-TW,LINE-TW-02,PROD-X200,COMP-PWR,SUP-B,CLOT-B-PWR-20260325,DEF-VOLT,test,1,True,True,False,rework
QEV-000000848,2026-03-25,2026-03-25T12:00:00,PLOT-00000469,FAC-TW,LINE-TW-02,PROD-X200,COMP-STOR,SUP-A,CLOT-A-TOR-20260325,DEF-CONN,in_process,1,True,False,False,fail
QEV-000000849,2026-03-25,2026-03-25T12:00:00,PLOT-00000470,FAC-MX,LINE-MX-01,PROD-X100,COMP-MEM,SUP-A,CLOT-A-MEM-20260325,DEF-MEM,test,1,True,True,False,rework
QEV-000000850,2026-03-25,2026-03-25T12:00:00,PLOT-00000470,FAC-MX,LINE-MX-01,PROD-X100,COMP-MEM,SUP-B,CLOT-B-MEM-20260325,DEF-MEM,test,1,True,True,False,rework
QEV-000000851,2026-03-25,2026-03-25T12:00:00,PLOT-00000471,FAC-MX,LINE-MX-02,PROD-N100,COMP-PWR,SUP-C,CLOT-C-PWR-20260325,DEF-CONN,in_process,1,True,False,False,fail
QEV-000000852,2026-03-25,2026-03-25T12:00:00,PLOT-00000471,FAC-MX,LINE-MX-02,PROD-N100,COMP-STOR,SUP-A,CLOT-A-TOR-20260325,DEF-FUNC,test,1,True,False,False,fail
QEV-000000853,2026-03-25,2026-03-25T12:00:00,PLOT-00000472,FAC-MY,LINE-MY-01,PROD-X100,COMP-COOL,SUP-E,CLOT-E-OOL-20260325,DEF-THERM,test,1,True,False,False,fail
QEV-000000854,2026-03-25,2026-03-25T12:00:00,PLOT-00000472,FAC-MY,LINE-MY-01,PROD-X100,COMP-STOR,SUP-B,CLOT-B-TOR-20260325,DEF-FUNC,test,1,True,False,True,scrap
QEV-000000855,2026-03-25,2026-03-25T12:00:00,PLOT-00000472,FAC-MY,LINE-MY-01,PROD-X100,COMP-STOR,SUP-G,CLOT-G-TOR-20260325,DEF-CONN,in_process,1,True,True,False,rework
QEV-000000856,2026-03-25,2026-03-25T12:00:00,PLOT-00000473,FAC-MY,LINE-MY-03,PROD-X100,COMP-MAIN,SUP-D,CLOT-D-AIN-20260325,DEF-ASSY,in_process,1,True,False,False,fail
QEV-000000857,2026-03-25,2026-03-25T12:00:00,PLOT-00000473,FAC-MY,LINE-MY-03,PROD-X100,COMP-MEM,SUP-B,CLOT-B-MEM-20260325,DEF-CONN,in_process,1,True,True,False,rework
QEV-000000858,2026-03-26,2026-03-26T12:00:00,PLOT-00000474,FAC-TW,LINE-TW-01,PROD-X200,COMP-MAIN,SUP-E,CLOT-E-AIN-20260326,DEF-ASSY,in_process,1,True,True,False,rework
QEV-000000859,2026-03-26,2026-03-26T12:00:00,PLOT-00000475,FAC-TW,LINE-TW-02,PROD-S100,COMP-PWR,SUP-B,CLOT-B-PWR-20260326,DEF-FUNC,test,1,True,False,True,scrap
QEV-000000860,2026-03-26,2026-03-26T12:00:00,PLOT-00000476,FAC-MX,LINE-MX-01,PROD-X100,COMP-STOR,SUP-F,CLOT-F-TOR-20260326,DEF-CONN,in_process,1,True,True,False,rework
QEV-000000861,2026-03-26,2026-03-26T12:00:00,PLOT-00000477,FAC-MX,LINE-MX-02,PROD-X100,COMP-MAIN,SUP-F,CLOT-F-AIN-20260326,DEF-ASSY,in_process,1,True,True,False,rework
QEV-000000862,2026-03-26,2026-03-26T12:00:00,PLOT-00000477,FAC-MX,LINE-MX-02,PROD-X100,COMP-MEM,SUP-G,CLOT-G-MEM-20260326,DEF-MEM,test,1,True,True,False,rework
QEV-000000863,2026-03-26,2026-03-26T12:00:00,PLOT-00000477,FAC-MX,LINE-MX-02,PROD-X100,COMP-NET,SUP-C,CLOT-C-NET-20260326,DEF-FUNC,test,1,True,True,False,rework
QEV-000000864,2026-03-26,2026-03-26T12:00:00,PLOT-00000477,FAC-MX,LINE-MX-02,PROD-X100,COMP-PWR,SUP-B,CLOT-B-PWR-20260326,DEF-CONN,in_process,1,True,False,True,scrap
QEV-000000865,2026-03-26,2026-03-26T12:00:00,PLOT-00000477,FAC-MX,LINE-MX-02,PROD-X100,COMP-PWR,SUP-B,CLOT-B-PWR-20260326,DEF-VOLT,test,1,True,True,False,rework
QEV-000000866,2026-03-26,2026-03-26T12:00:00,PLOT-00000478,FAC-MY,LINE-MY-01,PROD-N100,COMP-NET,SUP-A,CLOT-A-NET-20260326,DEF-FUNC,test,1,True,True,False,rework
QEV-000000867,2026-03-26,2026-03-26T12:00:00,PLOT-00000478,FAC-MY,LINE-MY-01,PROD-N100,COMP-NET,SUP-B,CLOT-B-NET-20260326,DEF-FUNC,test,1,True,True,False,rework
QEV-000000868,2026-03-26,2026-03-26T12:00:00,PLOT-00000479,FAC-MY,LINE-MY-03,PROD-S100,COMP-MEM,SUP-C,CLOT-C-MEM-20260326,DEF-MEM,test,1,True,True,False,rework
QEV-000000869,2026-03-26,2026-03-26T12:00:00,PLOT-00000479,FAC-MY,LINE-MY-03,PROD-S100,COMP-STOR,SUP-H,CLOT-H-TOR-20260326,DEF-ASSY,in_process,1,True,True,False,rework
QEV-000000870,2026-03-27,2026-03-27T12:00:00,PLOT-00000480,FAC-TW,LINE-TW-01,PROD-X200,COMP-NET,SUP-G,CLOT-G-NET-20260327,DEF-FUNC,test,1,True,True,False,rework
QEV-000000871,2026-03-27,2026-03-27T12:00:00,PLOT-00000481,FAC-TW,LINE-TW-02,PROD-C100,COMP-MAIN,SUP-G,CLOT-G-AIN-20260327,DEF-FUNC,test,1,True,True,False,rework
QEV-000000872,2026-03-27,2026-03-27T12:00:00,PLOT-00000482,FAC-MX,LINE-MX-01,PROD-N100,COMP-MEM,SUP-D,CLOT-D-MEM-20260327,DEF-MEM,test,1,True,True,False,rework
QEV-000000873,2026-03-27,2026-03-27T12:00:00,PLOT-00000482,FAC-MX,LINE-MX-01,PROD-N100,COMP-PWR,SUP-B,CLOT-B-PWR-20260327,DEF-VOLT,test,1,True,False,False,fail
QEV-000000874,2026-03-27,2026-03-27T12:00:00,PLOT-00000483,FAC-MX,LINE-MX-02,PROD-X200,COMP-PWR,SUP-F,CLOT-F-PWR-20260327,DEF-CONN,in_process,1,True,True,False,rework
QEV-000000875,2026-03-27,2026-03-27T12:00:00,PLOT-00000484,FAC-MY,LINE-MY-01,PROD-N100,COMP-NET,SUP-B,CLOT-B-NET-20260327,DEF-CONN,in_process,1,True,True,False,rework
QEV-000000876,2026-03-27,2026-03-27T12:00:00,PLOT-00000485,FAC-MY,LINE-MY-03,PROD-S100,COMP-PWR,SUP-D,CLOT-D-PWR-20260327,DEF-VOLT,test,1,True,True,False,rework
QEV-000000877,2026-03-28,2026-03-28T12:00:00,PLOT-00000486,FAC-TW,LINE-TW-01,PROD-X200,COMP-MAIN,SUP-A,CLOT-A-AIN-20260328,DEF-FUNC,test,1,True,True,False,rework
QEV-000000878,2026-03-28,2026-03-28T12:00:00,PLOT-00000486,FAC-TW,LINE-TW-01,PROD-X200,COMP-MAIN,SUP-B,CLOT-B-AIN-20260328,DEF-FUNC,test,1,True,False,False,fail
QEV-000000879,2026-03-28,2026-03-28T12:00:00,PLOT-00000486,FAC-TW,LINE-TW-01,PROD-X200,COMP-MAIN,SUP-E,CLOT-E-AIN-20260328,DEF-FUNC,test,1,True,False,False,fail
QEV-000000880,2026-03-28,2026-03-28T12:00:00,PLOT-00000486,FAC-TW,LINE-TW-01,PROD-X200,COMP-STOR,SUP-C,CLOT-C-TOR-20260328,DEF-FUNC,test,1,True,False,False,fail
QEV-000000881,2026-03-28,2026-03-28T12:00:00,PLOT-00000487,FAC-TW,LINE-TW-02,PROD-N100,COMP-NET,SUP-C,CLOT-C-NET-20260328,DEF-ASSY,in_process,1,True,False,False,fail
QEV-000000882,2026-03-28,2026-03-28T12:00:00,PLOT-00000488,FAC-MX,LINE-MX-01,PROD-X100,COMP-MAIN,SUP-C,CLOT-C-AIN-20260328,DEF-ASSY,in_process,1,True,True,False,rework
QEV-000000883,2026-03-28,2026-03-28T12:00:00,PLOT-00000489,FAC-MX,LINE-MX-02,PROD-S100,COMP-MEM,SUP-E,CLOT-E-MEM-20260328,DEF-MEM,test,1,True,False,False,fail
QEV-000000884,2026-03-28,2026-03-28T12:00:00,PLOT-00000489,FAC-MX,LINE-MX-02,PROD-S100,COMP-PWR,SUP-D,CLOT-D-PWR-20260328,DEF-VOLT,test,1,True,False,True,scrap
QEV-000000885,2026-03-28,2026-03-28T12:00:00,PLOT-00000490,FAC-MY,LINE-MY-01,PROD-X200,COMP-COOL,SUP-C,CLOT-C-OOL-20260328,DEF-THERM,test,1,True,True,False,rework
QEV-000000886,2026-03-28,2026-03-28T12:00:00,PLOT-00000491,FAC-MY,LINE-MY-03,PROD-X200,COMP-COOL,SUP-B,CLOT-B-OOL-20260328,DEF-THERM,test,1,True,True,False,rework
QEV-000000887,2026-03-28,2026-03-28T12:00:00,PLOT-00000491,FAC-MY,LINE-MY-03,PROD-X200,COMP-PWR,SUP-B,CLOT-B-PWR-20260328,DEF-VOLT,test,1,True,True,False,rework
QEV-000000888,2026-03-28,2026-03-28T12:00:00,PLOT-00000491,FAC-MY,LINE-MY-03,PROD-X200,COMP-STOR,SUP-D,CLOT-D-TOR-20260328,DEF-FUNC,test,2,True,True,False,rework
QEV-000000889,2026-03-29,2026-03-29T12:00:00,PLOT-00000492,FAC-TW,LINE-TW-01,PROD-X200,COMP-COOL,SUP-A,CLOT-A-OOL-20260329,DEF-FUNC,test,1,True,False,False,fail
QEV-000000890,2026-03-29,2026-03-29T12:00:00,PLOT-00000492,FAC-TW,LINE-TW-01,PROD-X200,COMP-MEM,SUP-D,CLOT-D-MEM-20260329,DEF-MEM,test,1,True,True,False,rework
QEV-000000891,2026-03-29,2026-03-29T12:00:00,PLOT-00000493,FAC-TW,LINE-TW-02,PROD-X200,COMP-COOL,SUP-A,CLOT-A-OOL-20260329,DEF-THERM,test,1,True,True,False,rework
QEV-000000892,2026-03-29,2026-03-29T12:00:00,PLOT-00000493,FAC-TW,LINE-TW-02,PROD-X200,COMP-PWR,SUP-B,CLOT-B-PWR-20260329,DEF-VOLT,test,1,True,True,False,rework
QEV-000000893,2026-03-29,2026-03-29T12:00:00,PLOT-00000493,FAC-TW,LINE-TW-02,PROD-X200,COMP-PWR,SUP-H,CLOT-H-PWR-20260329,DEF-FUNC,test,1,True,True,False,rework
QEV-000000894,2026-03-29,2026-03-29T12:00:00,PLOT-00000494,FAC-MX,LINE-MX-01,PROD-C100,COMP-COOL,SUP-B,CLOT-B-OOL-20260329,DEF-THERM,test,1,True,False,True,scrap
QEV-000000895,2026-03-29,2026-03-29T12:00:00,PLOT-00000494,FAC-MX,LINE-MX-01,PROD-C100,COMP-COOL,SUP-D,CLOT-D-OOL-20260329,DEF-FUNC,test,1,True,True,False,rework
QEV-000000896,2026-03-29,2026-03-29T12:00:00,PLOT-00000496,FAC-MY,LINE-MY-01,PROD-N100,COMP-COOL,SUP-A,CLOT-A-OOL-20260329,DEF-THERM,test,1,True,False,False,fail
QEV-000000897,2026-03-29,2026-03-29T12:00:00,PLOT-00000497,FAC-MY,LINE-MY-03,PROD-N100,COMP-MAIN,SUP-H,CLOT-H-AIN-20260329,DEF-FUNC,test,1,True,True,False,rework
QEV-000000898,2026-03-29,2026-03-29T12:00:00,PLOT-00000497,FAC-MY,LINE-MY-03,PROD-N100,COMP-PWR,SUP-B,CLOT-B-PWR-20260329,DEF-FUNC,test,1,True,False,False,fail
QEV-000000899,2026-03-29,2026-03-29T12:00:00,PLOT-00000497,FAC-MY,LINE-MY-03,PROD-N100,COMP-PWR,SUP-C,CLOT-C-PWR-20260329,DEF-VOLT,test,1,True,True,False,rework
QEV-000000900,2026-03-30,2026-03-30T12:00:00,PLOT-00000498,FAC-TW,LINE-TW-01,PROD-X200,COMP-MEM,SUP-G,CLOT-G-MEM-20260330,DEF-MEM,test,1,True,True,False,rework
QEV-000000901,2026-03-30,2026-03-30T12:00:00,PLOT-00000499,FAC-TW,LINE-TW-02,PROD-X100,COMP-NET,SUP-A,CLOT-A-NET-20260330,DEF-ASSY,in_process,1,True,True,False,rework
QEV-000000902,2026-03-30,2026-03-30T12:00:00,PLOT-00000500,FAC-MX,LINE-MX-01,PROD-X200,COMP-PWR,SUP-A,CLOT-A-PWR-20260330,DEF-FUNC,test,1,True,True,False,rework
QEV-000000903,2026-03-30,2026-03-30T12:00:00,PLOT-00000500,FAC-MX,LINE-MX-01,PROD-X200,COMP-PWR,SUP-G,CLOT-G-PWR-20260330,DEF-CONN,in_process,1,True,True,False,rework
QEV-000000904,2026-03-30,2026-03-30T12:00:00,PLOT-00000502,FAC-MY,LINE-MY-01,PROD-S100,COMP-COOL,SUP-C,CLOT-C-OOL-20260330,DEF-ASSY,in_process,1,True,False,False,fail
QEV-000000905,2026-03-30,2026-03-30T12:00:00,PLOT-00000502,FAC-MY,LINE-MY-01,PROD-S100,COMP-COOL,SUP-C,CLOT-C-OOL-20260330,DEF-FUNC,test,1,True,True,False,rework
QEV-000000906,2026-03-30,2026-03-30T12:00:00,PLOT-00000502,FAC-MY,LINE-MY-01,PROD-S100,COMP-COOL,SUP-E,CLOT-E-OOL-20260330,DEF-THERM,test,1,True,True,False,rework
QEV-000000907,2026-03-30,2026-03-30T12:00:00,PLOT-00000503,FAC-MY,LINE-MY-03,PROD-S100,COMP-COOL,SUP-E,CLOT-E-OOL-20260330,DEF-THERM,test,1,True,False,False,fail
QEV-000000908,2026-03-30,2026-03-30T12:00:00,PLOT-00000503,FAC-MY,LINE-MY-03,PROD-S100,COMP-COOL,SUP-H,CLOT-H-OOL-20260330,DEF-THERM,test,1,True,True,False,rework
QEV-000000909,2026-03-30,2026-03-30T12:00:00,PLOT-00000503,FAC-MY,LINE-MY-03,PROD-S100,COMP-MAIN,SUP-A,CLOT-A-AIN-20260330,DEF-ASSY,in_process,1,True,False,True,scrap
QEV-000000910,2026-03-30,2026-03-30T12:00:00,PLOT-00000503,FAC-MY,LINE-MY-03,PROD-S100,COMP-MAIN,SUP-E,CLOT-E-AIN-20260330,DEF-VOLT,test,1,True,True,False,rework
QEV-000000911,2026-03-30,2026-03-30T12:00:00,PLOT-00000503,FAC-MY,LINE-MY-03,PROD-S100,COMP-MEM,SUP-C,CLOT-C-MEM-20260330,DEF-MEM,test,1,True,True,False,rework
QEV-000000912,2026-03-30,2026-03-30T12:00:00,PLOT-00000503,FAC-MY,LINE-MY-03,PROD-S100,COMP-MEM,SUP-F,CLOT-F-MEM-20260330,DEF-MEM,test,1,True,False,False,fail
QEV-000000913,2026-03-30,2026-03-30T12:00:00,PLOT-00000503,FAC-MY,LINE-MY-03,PROD-S100,COMP-MEM,SUP-F,CLOT-F-MEM-20260330,DEF-MEM,test,1,True,True,False,rework
QEV-000000914,2026-03-30,2026-03-30T12:00:00,PLOT-00000503,FAC-MY,LINE-MY-03,PROD-S100,COMP-MEM,SUP-H,CLOT-H-MEM-20260330,DEF-CONN,in_process,1,True,False,True,scrap
QEV-000000915,2026-03-30,2026-03-30T12:00:00,PLOT-00000503,FAC-MY,LINE-MY-03,PROD-S100,COMP-NET,SUP-D,CLOT-D-NET-20260330,DEF-ASSY,in_process,1,True,True,False,rework
QEV-000000916,2026-03-30,2026-03-30T12:00:00,PLOT-00000503,FAC-MY,LINE-MY-03,PROD-S100,COMP-PWR,SUP-E,CLOT-E-PWR-20260330,DEF-FUNC,test,1,True,True,False,rework
QEV-000000917,2026-03-31,2026-03-31T12:00:00,PLOT-00000504,FAC-TW,LINE-TW-01,PROD-X100,COMP-PWR,SUP-B,CLOT-B-PWR-20260331,DEF-FUNC,test,1,True,False,True,scrap
QEV-000000918,2026-03-31,2026-03-31T12:00:00,PLOT-00000505,FAC-TW,LINE-TW-02,PROD-S100,COMP-MAIN,SUP-F,CLOT-F-AIN-20260331,DEF-FUNC,test,1,True,True,False,rework
QEV-000000919,2026-03-31,2026-03-31T12:00:00,PLOT-00000506,FAC-MX,LINE-MX-01,PROD-X100,COMP-COOL,SUP-A,CLOT-A-OOL-20260331,DEF-THERM,test,1,True,False,False,fail
QEV-000000920,2026-03-31,2026-03-31T12:00:00,PLOT-00000506,FAC-MX,LINE-MX-01,PROD-X100,COMP-MEM,SUP-E,CLOT-E-MEM-20260331,DEF-MEM,test,1,True,True,False,rework
QEV-000000921,2026-03-31,2026-03-31T12:00:00,PLOT-00000506,FAC-MX,LINE-MX-01,PROD-X100,COMP-NET,SUP-C,CLOT-C-NET-20260331,DEF-FUNC,test,1,True,False,True,scrap
QEV-000000922,2026-03-31,2026-03-31T12:00:00,PLOT-00000506,FAC-MX,LINE-MX-01,PROD-X100,COMP-NET,SUP-E,CLOT-E-NET-20260331,DEF-FUNC,test,1,True,False,False,fail
QEV-000000923,2026-03-31,2026-03-31T12:00:00,PLOT-00000507,FAC-MX,LINE-MX-02,PROD-C100,COMP-COOL,SUP-F,CLOT-F-OOL-20260331,DEF-ASSY,in_process,1,True,False,True,scrap
QEV-000000924,2026-03-31,2026-03-31T12:00:00,PLOT-00000507,FAC-MX,LINE-MX-02,PROD-C100,COMP-MAIN,SUP-E,CLOT-E-AIN-20260331,DEF-VOLT,test,1,True,True,False,rework
QEV-000000925,2026-03-31,2026-03-31T12:00:00,PLOT-00000509,FAC-MY,LINE-MY-03,PROD-S100,COMP-COOL,SUP-H,CLOT-H-OOL-20260331,DEF-THERM,test,1,True,True,False,rework
QEV-000000926,2026-03-31,2026-03-31T12:00:00,PLOT-00000509,FAC-MY,LINE-MY-03,PROD-S100,COMP-MAIN,SUP-E,CLOT-E-AIN-20260331,DEF-FUNC,test,1,True,True,False,rework
QEV-000000927,2026-03-31,2026-03-31T12:00:00,PLOT-00000509,FAC-MY,LINE-MY-03,PROD-S100,COMP-MEM,SUP-A,CLOT-A-MEM-20260331,DEF-FUNC,test,1,True,True,False,rework
QEV-000000928,2026-03-31,2026-03-31T12:00:00,PLOT-00000509,FAC-MY,LINE-MY-03,PROD-S100,COMP-MEM,SUP-D,CLOT-D-MEM-20260331,DEF-CONN,in_process,1,True,True,False,rework
QEV-000000929,2026-03-31,2026-03-31T12:00:00,PLOT-00000509,FAC-MY,LINE-MY-03,PROD-S100,COMP-MEM,SUP-G,CLOT-G-MEM-20260331,DEF-CONN,in_process,1,True,False,False,fail
QEV-000000930,2026-03-31,2026-03-31T12:00:00,PLOT-00000509,FAC-MY,LINE-MY-03,PROD-S100,COMP-NET,SUP-A,CLOT-A-NET-20260331,DEF-FUNC,test,1,True,True,False,rework
QEV-000000931,2026-03-31,2026-03-31T12:00:00,PLOT-00000509,FAC-MY,LINE-MY-03,PROD-S100,COMP-PWR,SUP-G,CLOT-G-PWR-20260331,DEF-VOLT,test,1,True,True,False,rework
QEV-000000932,2026-03-31,2026-03-31T12:00:00,PLOT-00000509,FAC-MY,LINE-MY-03,PROD-S100,COMP-STOR,SUP-F,CLOT-F-TOR-20260331,DEF-FUNC,test,1,True,False,False,fail
QEV-000000933,2026-04-01,2026-04-01T12:00:00,PLOT-00000510,FAC-TW,LINE-TW-01,PROD-X100,COMP-MEM,SUP-G,CLOT-G-MEM-20260401,DEF-MEM,test,1,True,False,False,fail
QEV-000000934,2026-04-01,2026-04-01T12:00:00,PLOT-00000511,FAC-TW,LINE-TW-02,PROD-C100,COMP-PWR,SUP-C,CLOT-C-PWR-20260401,DEF-FUNC,test,1,True,False,False,fail
QEV-000000935,2026-04-01,2026-04-01T12:00:00,PLOT-00000511,FAC-TW,LINE-TW-02,PROD-C100,COMP-PWR,SUP-F,CLOT-F-PWR-20260401,DEF-VOLT,test,1,True,True,False,rework
QEV-000000936,2026-04-01,2026-04-01T12:00:00,PLOT-00000514,FAC-MY,LINE-MY-01,PROD-X200,COMP-STOR,SUP-D,CLOT-D-TOR-20260401,DEF-FUNC,test,1,True,False,False,fail
QEV-000000937,2026-04-01,2026-04-01T12:00:00,PLOT-00000514,FAC-MY,LINE-MY-01,PROD-X200,COMP-STOR,SUP-G,CLOT-G-TOR-20260401,DEF-FUNC,test,1,True,True,False,rework
QEV-000000938,2026-04-01,2026-04-01T12:00:00,PLOT-00000515,FAC-MY,LINE-MY-03,PROD-S100,COMP-STOR,SUP-B,CLOT-B-TOR-20260401,DEF-FUNC,test,1,True,True,False,rework
QEV-000000939,2026-04-02,2026-04-02T12:00:00,PLOT-00000517,FAC-TW,LINE-TW-02,PROD-N100,COMP-STOR,SUP-A,CLOT-A-TOR-20260402,DEF-FUNC,test,1,True,True,False,rework
QEV-000000940,2026-04-02,2026-04-02T12:00:00,PLOT-00000518,FAC-MX,LINE-MX-01,PROD-C100,COMP-NET,SUP-B,CLOT-B-NET-20260402,DEF-FUNC,test,1,True,True,False,rework
QEV-000000941,2026-04-02,2026-04-02T12:00:00,PLOT-00000518,FAC-MX,LINE-MX-01,PROD-C100,COMP-PWR,SUP-D,CLOT-D-PWR-20260402,DEF-VOLT,test,1,True,False,True,scrap
QEV-000000942,2026-04-02,2026-04-02T12:00:00,PLOT-00000518,FAC-MX,LINE-MX-01,PROD-C100,COMP-STOR,SUP-F,CLOT-F-TOR-20260402,DEF-CONN,in_process,1,True,True,False,rework
QEV-000000943,2026-04-02,2026-04-02T12:00:00,PLOT-00000519,FAC-MX,LINE-MX-02,PROD-X200,COMP-MEM,SUP-B,CLOT-B-MEM-20260402,DEF-MEM,test,1,True,True,False,rework
QEV-000000944,2026-04-02,2026-04-02T12:00:00,PLOT-00000519,FAC-MX,LINE-MX-02,PROD-X200,COMP-MEM,SUP-E,CLOT-E-MEM-20260402,DEF-FUNC,test,1,True,False,False,fail
QEV-000000945,2026-04-02,2026-04-02T12:00:00,PLOT-00000519,FAC-MX,LINE-MX-02,PROD-X200,COMP-PWR,SUP-H,CLOT-H-PWR-20260402,DEF-VOLT,test,1,True,True,False,rework
QEV-000000946,2026-04-02,2026-04-02T12:00:00,PLOT-00000520,FAC-MY,LINE-MY-01,PROD-X100,COMP-NET,SUP-H,CLOT-H-NET-20260402,DEF-ASSY,in_process,1,True,True,False,rework
QEV-000000947,2026-04-02,2026-04-02T12:00:00,PLOT-00000520,FAC-MY,LINE-MY-01,PROD-X100,COMP-PWR,SUP-B,CLOT-B-PWR-20260402,DEF-VOLT,test,1,True,False,False,fail
QEV-000000948,2026-04-02,2026-04-02T12:00:00,PLOT-00000520,FAC-MY,LINE-MY-01,PROD-X100,COMP-PWR,SUP-B,CLOT-B-PWR-20260402,DEF-VOLT,test,1,True,True,False,rework
QEV-000000949,2026-04-02,2026-04-02T12:00:00,PLOT-00000520,FAC-MY,LINE-MY-01,PROD-X100,COMP-STOR,SUP-F,CLOT-F-TOR-20260402,DEF-FUNC,test,1,True,False,True,scrap
QEV-000000950,2026-04-02,2026-04-02T12:00:00,PLOT-00000520,FAC-MY,LINE-MY-01,PROD-X100,COMP-STOR,SUP-H,CLOT-H-TOR-20260402,DEF-FUNC,test,1,True,False,False,fail
QEV-000000951,2026-04-02,2026-04-02T12:00:00,PLOT-00000521,FAC-MY,LINE-MY-03,PROD-N100,COMP-MEM,SUP-A,CLOT-A-MEM-20260402,DEF-MEM,test,1,True,False,False,fail
QEV-000000952,2026-04-02,2026-04-02T12:00:00,PLOT-00000521,FAC-MY,LINE-MY-03,PROD-N100,COMP-STOR,SUP-D,CLOT-D-TOR-20260402,DEF-FUNC,test,1,True,True,False,rework
QEV-000000953,2026-04-03,2026-04-03T12:00:00,PLOT-00000522,FAC-TW,LINE-TW-01,PROD-C100,COMP-PWR,SUP-B,CLOT-B-PWR-20260403,DEF-VOLT,test,1,True,False,False,fail
QEV-000000954,2026-04-03,2026-04-03T12:00:00,PLOT-00000522,FAC-TW,LINE-TW-01,PROD-C100,COMP-PWR,SUP-B,CLOT-B-PWR-20260403,DEF-VOLT,test,1,True,True,False,rework
QEV-000000955,2026-04-03,2026-04-03T12:00:00,PLOT-00000522,FAC-TW,LINE-TW-01,PROD-C100,COMP-STOR,SUP-F,CLOT-F-TOR-20260403,DEF-FUNC,test,1,True,True,False,rework
QEV-000000956,2026-04-03,2026-04-03T12:00:00,PLOT-00000525,FAC-MX,LINE-MX-02,PROD-X200,COMP-COOL,SUP-A,CLOT-A-OOL-20260403,DEF-THERM,test,1,True,False,False,fail
QEV-000000957,2026-04-03,2026-04-03T12:00:00,PLOT-00000525,FAC-MX,LINE-MX-02,PROD-X200,COMP-NET,SUP-F,CLOT-F-NET-20260403,DEF-FUNC,test,1,True,False,True,scrap
QEV-000000958,2026-04-03,2026-04-03T12:00:00,PLOT-00000525,FAC-MX,LINE-MX-02,PROD-X200,COMP-PWR,SUP-F,CLOT-F-PWR-20260403,DEF-CONN,in_process,1,True,True,False,rework
QEV-000000959,2026-04-03,2026-04-03T12:00:00,PLOT-00000526,FAC-MY,LINE-MY-01,PROD-X100,COMP-PWR,SUP-B,CLOT-B-PWR-20260403,DEF-VOLT,test,1,True,False,True,scrap
QEV-000000960,2026-04-03,2026-04-03T12:00:00,PLOT-00000526,FAC-MY,LINE-MY-01,PROD-X100,COMP-PWR,SUP-F,CLOT-F-PWR-20260403,DEF-CONN,in_process,1,True,True,False,rework
QEV-000000961,2026-04-03,2026-04-03T12:00:00,PLOT-00000527,FAC-MY,LINE-MY-03,PROD-X200,COMP-MAIN,SUP-A,CLOT-A-AIN-20260403,DEF-FUNC,test,1,True,True,False,rework
QEV-000000962,2026-04-03,2026-04-03T12:00:00,PLOT-00000527,FAC-MY,LINE-MY-03,PROD-X200,COMP-MAIN,SUP-H,CLOT-H-AIN-20260403,DEF-FUNC,test,1,True,True,False,rework
QEV-000000963,2026-04-03,2026-04-03T12:00:00,PLOT-00000527,FAC-MY,LINE-MY-03,PROD-X200,COMP-MEM,SUP-D,CLOT-D-MEM-20260403,DEF-CONN,in_process,1,True,True,False,rework
QEV-000000964,2026-04-03,2026-04-03T12:00:00,PLOT-00000527,FAC-MY,LINE-MY-03,PROD-X200,COMP-PWR,SUP-F,CLOT-F-PWR-20260403,DEF-CONN,in_process,1,True,True,False,rework
QEV-000000965,2026-04-04,2026-04-04T12:00:00,PLOT-00000529,FAC-TW,LINE-TW-02,PROD-N100,COMP-PWR,SUP-C,CLOT-C-PWR-20260404,DEF-FUNC,test,1,True,True,False,rework
QEV-000000966,2026-04-04,2026-04-04T12:00:00,PLOT-00000530,FAC-MX,LINE-MX-01,PROD-X200,COMP-MEM,SUP-A,CLOT-A-MEM-20260404,DEF-MEM,test,1,True,False,False,fail
QEV-000000967,2026-04-04,2026-04-04T12:00:00,PLOT-00000530,FAC-MX,LINE-MX-01,PROD-X200,COMP-NET,SUP-B,CLOT-B-NET-20260404,DEF-CONN,in_process,1,True,True,False,rework
QEV-000000968,2026-04-04,2026-04-04T12:00:00,PLOT-00000530,FAC-MX,LINE-MX-01,PROD-X200,COMP-PWR,SUP-A,CLOT-A-PWR-20260404,DEF-VOLT,test,1,True,True,False,rework
QEV-000000969,2026-04-04,2026-04-04T12:00:00,PLOT-00000530,FAC-MX,LINE-MX-01,PROD-X200,COMP-PWR,SUP-B,CLOT-B-PWR-20260404,DEF-VOLT,test,1,True,True,False,rework
QEV-000000970,2026-04-04,2026-04-04T12:00:00,PLOT-00000531,FAC-MX,LINE-MX-02,PROD-N100,COMP-PWR,SUP-H,CLOT-H-PWR-20260404,DEF-VOLT,test,1,True,True,False,rework
QEV-000000971,2026-04-04,2026-04-04T12:00:00,PLOT-00000532,FAC-MY,LINE-MY-01,PROD-S100,COMP-MAIN,SUP-A,CLOT-A-AIN-20260404,DEF-FUNC,test,1,True,True,False,rework
QEV-000000972,2026-04-04,2026-04-04T12:00:00,PLOT-00000532,FAC-MY,LINE-MY-01,PROD-S100,COMP-STOR,SUP-C,CLOT-C-TOR-20260404,DEF-FUNC,test,1,True,False,False,fail
QEV-000000973,2026-04-04,2026-04-04T12:00:00,PLOT-00000532,FAC-MY,LINE-MY-01,PROD-S100,COMP-STOR,SUP-G,CLOT-G-TOR-20260404,DEF-FUNC,test,1,True,False,False,fail
QEV-000000974,2026-04-04,2026-04-04T12:00:00,PLOT-00000533,FAC-MY,LINE-MY-03,PROD-S100,COMP-COOL,SUP-B,CLOT-B-OOL-20260404,DEF-THERM,test,1,True,True,False,rework
QEV-000000975,2026-04-04,2026-04-04T12:00:00,PLOT-00000533,FAC-MY,LINE-MY-03,PROD-S100,COMP-MEM,SUP-D,CLOT-D-MEM-20260404,DEF-FUNC,test,1,True,False,False,fail
QEV-000000976,2026-04-04,2026-04-04T12:00:00,PLOT-00000533,FAC-MY,LINE-MY-03,PROD-S100,COMP-NET,SUP-E,CLOT-E-NET-20260404,DEF-ASSY,in_process,1,True,False,False,fail
QEV-000000977,2026-04-04,2026-04-04T12:00:00,PLOT-00000533,FAC-MY,LINE-MY-03,PROD-S100,COMP-NET,SUP-G,CLOT-G-NET-20260404,DEF-FUNC,test,1,True,False,False,fail
QEV-000000978,2026-04-05,2026-04-05T12:00:00,PLOT-00000534,FAC-TW,LINE-TW-01,PROD-C100,COMP-COOL,SUP-D,CLOT-D-OOL-20260405,DEF-THERM,test,1,True,False,False,fail
QEV-000000979,2026-04-05,2026-04-05T12:00:00,PLOT-00000534,FAC-TW,LINE-TW-01,PROD-C100,COMP-COOL,SUP-G,CLOT-G-OOL-20260405,DEF-THERM,test,1,True,False,False,fail
QEV-000000980,2026-04-05,2026-04-05T12:00:00,PLOT-00000535,FAC-TW,LINE-TW-02,PROD-N100,COMP-PWR,SUP-B,CLOT-B-PWR-20260405,DEF-FUNC,test,1,True,True,False,rework
QEV-000000981,2026-04-05,2026-04-05T12:00:00,PLOT-00000536,FAC-MX,LINE-MX-01,PROD-S100,COMP-PWR,SUP-A,CLOT-A-PWR-20260405,DEF-VOLT,test,1,True,True,False,rework
QEV-000000982,2026-04-05,2026-04-05T12:00:00,PLOT-00000536,FAC-MX,LINE-MX-01,PROD-S100,COMP-PWR,SUP-B,CLOT-B-PWR-20260405,DEF-VOLT,test,1,True,True,False,rework
QEV-000000983,2026-04-05,2026-04-05T12:00:00,PLOT-00000536,FAC-MX,LINE-MX-01,PROD-S100,COMP-PWR,SUP-C,CLOT-C-PWR-20260405,DEF-VOLT,test,1,True,False,True,scrap
QEV-000000984,2026-04-05,2026-04-05T12:00:00,PLOT-00000537,FAC-MX,LINE-MX-02,PROD-C100,COMP-MEM,SUP-F,CLOT-F-MEM-20260405,DEF-FUNC,test,1,True,False,False,fail
QEV-000000985,2026-04-05,2026-04-05T12:00:00,PLOT-00000538,FAC-MY,LINE-MY-01,PROD-S100,COMP-MEM,SUP-F,CLOT-F-MEM-20260405,DEF-MEM,test,1,True,True,False,rework
QEV-000000986,2026-04-05,2026-04-05T12:00:00,PLOT-00000538,FAC-MY,LINE-MY-01,PROD-S100,COMP-PWR,SUP-B,CLOT-B-PWR-20260405,DEF-VOLT,test,1,True,True,False,rework
QEV-000000987,2026-04-05,2026-04-05T12:00:00,PLOT-00000538,FAC-MY,LINE-MY-01,PROD-S100,COMP-PWR,SUP-H,CLOT-H-PWR-20260405,DEF-VOLT,test,1,True,True,False,rework
QEV-000000988,2026-04-05,2026-04-05T12:00:00,PLOT-00000539,FAC-MY,LINE-MY-03,PROD-S100,COMP-NET,SUP-C,CLOT-C-NET-20260405,DEF-FUNC,test,1,True,True,False,rework
QEV-000000989,2026-04-05,2026-04-05T12:00:00,PLOT-00000539,FAC-MY,LINE-MY-03,PROD-S100,COMP-PWR,SUP-H,CLOT-H-PWR-20260405,DEF-FUNC,test,1,True,True,False,rework
QEV-000000990,2026-04-05,2026-04-05T12:00:00,PLOT-00000539,FAC-MY,LINE-MY-03,PROD-S100,COMP-STOR,SUP-G,CLOT-G-TOR-20260405,DEF-FUNC,test,1,True,False,True,scrap
QEV-000000991,2026-04-06,2026-04-06T12:00:00,PLOT-00000540,FAC-TW,LINE-TW-01,PROD-X200,COMP-NET,SUP-E,CLOT-E-NET-20260406,DEF-CONN,in_process,1,True,True,False,rework
QEV-000000992,2026-04-06,2026-04-06T12:00:00,PLOT-00000541,FAC-TW,LINE-TW-02,PROD-X100,COMP-MEM,SUP-A,CLOT-A-MEM-20260406,DEF-MEM,test,1,True,True,False,rework
QEV-000000993,2026-04-06,2026-04-06T12:00:00,PLOT-00000541,FAC-TW,LINE-TW-02,PROD-X100,COMP-PWR,SUP-B,CLOT-B-PWR-20260406,DEF-VOLT,test,1,True,False,False,fail
QEV-000000994,2026-04-06,2026-04-06T12:00:00,PLOT-00000542,FAC-MX,LINE-MX-01,PROD-X100,COMP-COOL,SUP-E,CLOT-E-OOL-20260406,DEF-THERM,test,1,True,False,False,fail
QEV-000000995,2026-04-06,2026-04-06T12:00:00,PLOT-00000542,FAC-MX,LINE-MX-01,PROD-X100,COMP-PWR,SUP-B,CLOT-B-PWR-20260406,DEF-VOLT,test,1,True,True,False,rework
QEV-000000996,2026-04-06,2026-04-06T12:00:00,PLOT-00000543,FAC-MX,LINE-MX-02,PROD-X200,COMP-COOL,SUP-D,CLOT-D-OOL-20260406,DEF-THERM,test,1,True,True,False,rework
QEV-000000997,2026-04-06,2026-04-06T12:00:00,PLOT-00000543,FAC-MX,LINE-MX-02,PROD-X200,COMP-MAIN,SUP-F,CLOT-F-AIN-20260406,DEF-FUNC,test,1,True,False,False,fail
QEV-000000998,2026-04-06,2026-04-06T12:00:00,PLOT-00000543,FAC-MX,LINE-MX-02,PROD-X200,COMP-MEM,SUP-C,CLOT-C-MEM-20260406,DEF-MEM,test,1,True,False,True,scrap
QEV-000000999,2026-04-06,2026-04-06T12:00:00,PLOT-00000543,FAC-MX,LINE-MX-02,PROD-X200,COMP-PWR,SUP-G,CLOT-G-PWR-20260406,DEF-VOLT,test,1,True,False,False,fail
QEV-000001000,2026-04-06,2026-04-06T12:00:00,PLOT-00000544,FAC-MY,LINE-MY-01,PROD-N100,COMP-MAIN,SUP-G,CLOT-G-AIN-20260406,DEF-FUNC,test,1,True,False,True,scrap
QEV-000001001,2026-04-06,2026-04-06T12:00:00,PLOT-00000544,FAC-MY,LINE-MY-01,PROD-N100,COMP-PWR,SUP-B,CLOT-B-PWR-20260406,DEF-CONN,in_process,1,True,False,False,fail
QEV-000001002,2026-04-06,2026-04-06T12:00:00,PLOT-00000544,FAC-MY,LINE-MY-01,PROD-N100,COMP-STOR,SUP-B,CLOT-B-TOR-20260406,DEF-FUNC,test,1,True,True,False,rework
QEV-000001003,2026-04-06,2026-04-06T12:00:00,PLOT-00000545,FAC-MY,LINE-MY-03,PROD-S100,COMP-COOL,SUP-C,CLOT-C-OOL-20260406,DEF-THERM,test,1,True,True,False,rework
QEV-000001004,2026-04-06,2026-04-06T12:00:00,PLOT-00000545,FAC-MY,LINE-MY-03,PROD-S100,COMP-COOL,SUP-G,CLOT-G-OOL-20260406,DEF-THERM,test,1,True,False,True,scrap
QEV-000001005,2026-04-06,2026-04-06T12:00:00,PLOT-00000545,FAC-MY,LINE-MY-03,PROD-S100,COMP-MAIN,SUP-C,CLOT-C-AIN-20260406,DEF-FUNC,test,1,True,False,False,fail
QEV-000001006,2026-04-06,2026-04-06T12:00:00,PLOT-00000545,FAC-MY,LINE-MY-03,PROD-S100,COMP-MAIN,SUP-G,CLOT-G-AIN-20260406,DEF-ASSY,in_process,1,True,True,False,rework
QEV-000001007,2026-04-07,2026-04-07T12:00:00,PLOT-00000546,FAC-TW,LINE-TW-01,PROD-C100,COMP-COOL,SUP-A,CLOT-A-OOL-20260407,DEF-FUNC,test,1,True,False,False,fail
QEV-000001008,2026-04-07,2026-04-07T12:00:00,PLOT-00000546,FAC-TW,LINE-TW-01,PROD-C100,COMP-MAIN,SUP-G,CLOT-G-AIN-20260407,DEF-ASSY,in_process,1,True,True,False,rework
QEV-000001009,2026-04-07,2026-04-07T12:00:00,PLOT-00000546,FAC-TW,LINE-TW-01,PROD-C100,COMP-NET,SUP-A,CLOT-A-NET-20260407,DEF-FUNC,test,1,True,False,False,fail
QEV-000001010,2026-04-07,2026-04-07T12:00:00,PLOT-00000546,FAC-TW,LINE-TW-01,PROD-C100,COMP-NET,SUP-F,CLOT-F-NET-20260407,DEF-ASSY,in_process,1,True,True,False,rework
QEV-000001011,2026-04-07,2026-04-07T12:00:00,PLOT-00000548,FAC-MX,LINE-MX-01,PROD-X100,COMP-MAIN,SUP-D,CLOT-D-AIN-20260407,DEF-VOLT,test,1,True,False,False,fail
QEV-000001012,2026-04-07,2026-04-07T12:00:00,PLOT-00000549,FAC-MX,LINE-MX-02,PROD-X100,COMP-MEM,SUP-F,CLOT-F-MEM-20260407,DEF-MEM,test,1,True,True,False,rework
QEV-000001013,2026-04-07,2026-04-07T12:00:00,PLOT-00000550,FAC-MY,LINE-MY-01,PROD-N100,COMP-COOL,SUP-D,CLOT-D-OOL-20260407,DEF-FUNC,test,1,True,True,False,rework
QEV-000001014,2026-04-07,2026-04-07T12:00:00,PLOT-00000550,FAC-MY,LINE-MY-01,PROD-N100,COMP-MAIN,SUP-B,CLOT-B-AIN-20260407,DEF-FUNC,test,1,True,False,False,fail
QEV-000001015,2026-04-07,2026-04-07T12:00:00,PLOT-00000551,FAC-MY,LINE-MY-03,PROD-S100,COMP-MAIN,SUP-G,CLOT-G-AIN-20260407,DEF-FUNC,test,1,True,False,True,scrap
QEV-000001016,2026-04-07,2026-04-07T12:00:00,PLOT-00000551,FAC-MY,LINE-MY-03,PROD-S100,COMP-MAIN,SUP-H,CLOT-H-AIN-20260407,DEF-FUNC,test,1,True,False,False,fail
QEV-000001017,2026-04-08,2026-04-08T12:00:00,PLOT-00000552,FAC-TW,LINE-TW-01,PROD-C100,COMP-MAIN,SUP-C,CLOT-C-AIN-20260408,DEF-FUNC,test,1,True,False,True,scrap
QEV-000001018,2026-04-08,2026-04-08T12:00:00,PLOT-00000552,FAC-TW,LINE-TW-01,PROD-C100,COMP-MEM,SUP-G,CLOT-G-MEM-20260408,DEF-CONN,in_process,1,True,False,False,fail
QEV-000001019,2026-04-08,2026-04-08T12:00:00,PLOT-00000552,FAC-TW,LINE-TW-01,PROD-C100,COMP-STOR,SUP-C,CLOT-C-TOR-20260408,DEF-ASSY,in_process,1,True,False,False,fail
QEV-000001020,2026-04-08,2026-04-08T12:00:00,PLOT-00000554,FAC-MX,LINE-MX-01,PROD-X100,COMP-PWR,SUP-B,CLOT-B-PWR-20260408,DEF-VOLT,test,1,True,True,False,rework
QEV-000001021,2026-04-08,2026-04-08T12:00:00,PLOT-00000555,FAC-MX,LINE-MX-02,PROD-X100,COMP-COOL,SUP-A,CLOT-A-OOL-20260408,DEF-THERM,test,1,True,False,False,fail
QEV-000001022,2026-04-08,2026-04-08T12:00:00,PLOT-00000555,FAC-MX,LINE-MX-02,PROD-X100,COMP-MAIN,SUP-B,CLOT-B-AIN-20260408,DEF-FUNC,test,1,True,False,False,fail
QEV-000001023,2026-04-08,2026-04-08T12:00:00,PLOT-00000555,FAC-MX,LINE-MX-02,PROD-X100,COMP-STOR,SUP-G,CLOT-G-TOR-20260408,DEF-FUNC,test,1,True,False,True,scrap
QEV-000001024,2026-04-08,2026-04-08T12:00:00,PLOT-00000557,FAC-MY,LINE-MY-03,PROD-X200,COMP-COOL,SUP-A,CLOT-A-OOL-20260408,DEF-THERM,test,1,True,False,True,scrap
QEV-000001025,2026-04-08,2026-04-08T12:00:00,PLOT-00000557,FAC-MY,LINE-MY-03,PROD-X200,COMP-COOL,SUP-B,CLOT-B-OOL-20260408,DEF-THERM,test,1,True,True,False,rework
QEV-000001026,2026-04-08,2026-04-08T12:00:00,PLOT-00000557,FAC-MY,LINE-MY-03,PROD-X200,COMP-COOL,SUP-D,CLOT-D-OOL-20260408,DEF-FUNC,test,1,True,False,False,fail
QEV-000001027,2026-04-08,2026-04-08T12:00:00,PLOT-00000557,FAC-MY,LINE-MY-03,PROD-X200,COMP-MAIN,SUP-A,CLOT-A-AIN-20260408,DEF-FUNC,test,1,True,True,False,rework
QEV-000001028,2026-04-09,2026-04-09T12:00:00,PLOT-00000558,FAC-TW,LINE-TW-01,PROD-C100,COMP-PWR,SUP-B,CLOT-B-PWR-20260409,DEF-VOLT,test,1,True,True,False,rework
QEV-000001029,2026-04-09,2026-04-09T12:00:00,PLOT-00000559,FAC-TW,LINE-TW-02,PROD-X200,COMP-STOR,SUP-B,CLOT-B-TOR-20260409,DEF-FUNC,test,1,True,False,False,fail
QEV-000001030,2026-04-09,2026-04-09T12:00:00,PLOT-00000560,FAC-MX,LINE-MX-01,PROD-N100,COMP-MAIN,SUP-A,CLOT-A-AIN-20260409,DEF-FUNC,test,1,True,True,False,rework
QEV-000001031,2026-04-09,2026-04-09T12:00:00,PLOT-00000560,FAC-MX,LINE-MX-01,PROD-N100,COMP-MEM,SUP-D,CLOT-D-MEM-20260409,DEF-MEM,test,1,True,False,True,scrap
QEV-000001032,2026-04-09,2026-04-09T12:00:00,PLOT-00000560,FAC-MX,LINE-MX-01,PROD-N100,COMP-MEM,SUP-G,CLOT-G-MEM-20260409,DEF-MEM,test,1,True,True,False,rework
QEV-000001033,2026-04-09,2026-04-09T12:00:00,PLOT-00000561,FAC-MX,LINE-MX-02,PROD-X100,COMP-MEM,SUP-B,CLOT-B-MEM-20260409,DEF-MEM,test,1,True,False,True,scrap
QEV-000001034,2026-04-09,2026-04-09T12:00:00,PLOT-00000562,FAC-MY,LINE-MY-01,PROD-N100,COMP-MAIN,SUP-G,CLOT-G-AIN-20260409,DEF-ASSY,in_process,1,True,False,False,fail
QEV-000001035,2026-04-09,2026-04-09T12:00:00,PLOT-00000563,FAC-MY,LINE-MY-03,PROD-X100,COMP-PWR,SUP-B,CLOT-B-PWR-20260409,DEF-VOLT,test,1,True,False,False,fail
QEV-000001036,2026-04-09,2026-04-09T12:00:00,PLOT-00000563,FAC-MY,LINE-MY-03,PROD-X100,COMP-STOR,SUP-A,CLOT-A-TOR-20260409,DEF-FUNC,test,1,True,True,False,rework
QEV-000001037,2026-04-10,2026-04-10T12:00:00,PLOT-00000564,FAC-TW,LINE-TW-01,PROD-X100,COMP-MEM,SUP-E,CLOT-E-MEM-20260410,DEF-FUNC,test,1,True,True,False,rework
QEV-000001038,2026-04-10,2026-04-10T12:00:00,PLOT-00000565,FAC-TW,LINE-TW-02,PROD-S100,COMP-COOL,SUP-D,CLOT-D-OOL-20260410,DEF-ASSY,in_process,1,True,False,False,fail
QEV-000001039,2026-04-10,2026-04-10T12:00:00,PLOT-00000566,FAC-MX,LINE-MX-01,PROD-X100,COMP-STOR,SUP-B,CLOT-B-TOR-20260410,DEF-FUNC,test,1,True,True,False,rework
QEV-000001040,2026-04-10,2026-04-10T12:00:00,PLOT-00000566,FAC-MX,LINE-MX-01,PROD-X100,COMP-STOR,SUP-G,CLOT-G-TOR-20260410,DEF-FUNC,test,1,True,True,False,rework
QEV-000001041,2026-04-10,2026-04-10T12:00:00,PLOT-00000567,FAC-MX,LINE-MX-02,PROD-X200,COMP-MEM,SUP-D,CLOT-D-MEM-20260410,DEF-FUNC,test,1,True,False,False,fail
QEV-000001042,2026-04-10,2026-04-10T12:00:00,PLOT-00000567,FAC-MX,LINE-MX-02,PROD-X200,COMP-NET,SUP-C,CLOT-C-NET-20260410,DEF-FUNC,test,1,True,True,False,rework
QEV-000001043,2026-04-10,2026-04-10T12:00:00,PLOT-00000567,FAC-MX,LINE-MX-02,PROD-X200,COMP-PWR,SUP-B,CLOT-B-PWR-20260410,DEF-VOLT,test,1,True,False,False,fail
QEV-000001044,2026-04-10,2026-04-10T12:00:00,PLOT-00000567,FAC-MX,LINE-MX-02,PROD-X200,COMP-STOR,SUP-C,CLOT-C-TOR-20260410,DEF-FUNC,test,1,True,True,False,rework
QEV-000001045,2026-04-10,2026-04-10T12:00:00,PLOT-00000568,FAC-MY,LINE-MY-01,PROD-X200,COMP-COOL,SUP-H,CLOT-H-OOL-20260410,DEF-THERM,test,1,True,False,True,scrap
QEV-000001046,2026-04-10,2026-04-10T12:00:00,PLOT-00000568,FAC-MY,LINE-MY-01,PROD-X200,COMP-MAIN,SUP-H,CLOT-H-AIN-20260410,DEF-ASSY,in_process,1,True,True,False,rework
QEV-000001047,2026-04-10,2026-04-10T12:00:00,PLOT-00000568,FAC-MY,LINE-MY-01,PROD-X200,COMP-PWR,SUP-E,CLOT-E-PWR-20260410,DEF-VOLT,test,1,True,True,False,rework
QEV-000001048,2026-04-10,2026-04-10T12:00:00,PLOT-00000568,FAC-MY,LINE-MY-01,PROD-X200,COMP-STOR,SUP-C,CLOT-C-TOR-20260410,DEF-FUNC,test,1,True,True,False,rework
QEV-000001049,2026-04-10,2026-04-10T12:00:00,PLOT-00000569,FAC-MY,LINE-MY-03,PROD-X200,COMP-STOR,SUP-E,CLOT-E-TOR-20260410,DEF-CONN,in_process,1,True,False,False,fail
QEV-000001050,2026-04-11,2026-04-11T12:00:00,PLOT-00000570,FAC-TW,LINE-TW-01,PROD-S100,COMP-PWR,SUP-A,CLOT-A-PWR-20260411,DEF-VOLT,test,1,True,False,True,scrap
QEV-000001051,2026-04-11,2026-04-11T12:00:00,PLOT-00000571,FAC-TW,LINE-TW-02,PROD-X100,COMP-MEM,SUP-E,CLOT-E-MEM-20260411,DEF-MEM,test,1,True,False,False,fail
QEV-000001052,2026-04-11,2026-04-11T12:00:00,PLOT-00000571,FAC-TW,LINE-TW-02,PROD-X100,COMP-PWR,SUP-B,CLOT-B-PWR-20260411,DEF-VOLT,test,1,True,False,True,scrap
QEV-000001053,2026-04-11,2026-04-11T12:00:00,PLOT-00000572,FAC-MX,LINE-MX-01,PROD-X200,COMP-COOL,SUP-E,CLOT-E-OOL-20260411,DEF-THERM,test,1,True,True,False,rework
QEV-000001054,2026-04-11,2026-04-11T12:00:00,PLOT-00000572,FAC-MX,LINE-MX-01,PROD-X200,COMP-MEM,SUP-C,CLOT-C-MEM-20260411,DEF-FUNC,test,1,True,True,False,rework
QEV-000001055,2026-04-11,2026-04-11T12:00:00,PLOT-00000572,FAC-MX,LINE-MX-01,PROD-X200,COMP-MEM,SUP-D,CLOT-D-MEM-20260411,DEF-MEM,test,1,True,False,False,fail
QEV-000001056,2026-04-11,2026-04-11T12:00:00,PLOT-00000572,FAC-MX,LINE-MX-01,PROD-X200,COMP-NET,SUP-E,CLOT-E-NET-20260411,DEF-FUNC,test,1,True,False,False,fail
QEV-000001057,2026-04-11,2026-04-11T12:00:00,PLOT-00000572,FAC-MX,LINE-MX-01,PROD-X200,COMP-PWR,SUP-B,CLOT-B-PWR-20260411,DEF-VOLT,test,1,True,True,False,rework
QEV-000001058,2026-04-11,2026-04-11T12:00:00,PLOT-00000574,FAC-MY,LINE-MY-01,PROD-S100,COMP-NET,SUP-A,CLOT-A-NET-20260411,DEF-FUNC,test,1,True,True,False,rework
QEV-000001059,2026-04-11,2026-04-11T12:00:00,PLOT-00000574,FAC-MY,LINE-MY-01,PROD-S100,COMP-STOR,SUP-B,CLOT-B-TOR-20260411,DEF-CONN,in_process,1,True,True,False,rework
QEV-000001060,2026-04-11,2026-04-11T12:00:00,PLOT-00000575,FAC-MY,LINE-MY-03,PROD-S100,COMP-COOL,SUP-A,CLOT-A-OOL-20260411,DEF-THERM,test,1,True,False,True,scrap
QEV-000001061,2026-04-11,2026-04-11T12:00:00,PLOT-00000575,FAC-MY,LINE-MY-03,PROD-S100,COMP-COOL,SUP-E,CLOT-E-OOL-20260411,DEF-THERM,test,1,True,False,False,fail
QEV-000001062,2026-04-11,2026-04-11T12:00:00,PLOT-00000575,FAC-MY,LINE-MY-03,PROD-S100,COMP-PWR,SUP-A,CLOT-A-PWR-20260411,DEF-CONN,in_process,1,True,False,True,scrap
QEV-000001063,2026-04-11,2026-04-11T12:00:00,PLOT-00000575,FAC-MY,LINE-MY-03,PROD-S100,COMP-STOR,SUP-E,CLOT-E-TOR-20260411,DEF-CONN,in_process,1,True,False,False,fail
QEV-000001064,2026-04-12,2026-04-12T12:00:00,PLOT-00000577,FAC-TW,LINE-TW-02,PROD-X100,COMP-MEM,SUP-B,CLOT-B-MEM-20260412,DEF-MEM,test,1,True,True,False,rework
QEV-000001065,2026-04-12,2026-04-12T12:00:00,PLOT-00000578,FAC-MX,LINE-MX-01,PROD-N100,COMP-MAIN,SUP-F,CLOT-F-AIN-20260412,DEF-FUNC,test,1,True,True,False,rework
QEV-000001066,2026-04-12,2026-04-12T12:00:00,PLOT-00000578,FAC-MX,LINE-MX-01,PROD-N100,COMP-NET,SUP-F,CLOT-F-NET-20260412,DEF-FUNC,test,1,True,False,False,fail
QEV-000001067,2026-04-12,2026-04-12T12:00:00,PLOT-00000579,FAC-MX,LINE-MX-02,PROD-X100,COMP-NET,SUP-G,CLOT-G-NET-20260412,DEF-FUNC,test,1,True,True,False,rework
QEV-000001068,2026-04-12,2026-04-12T12:00:00,PLOT-00000580,FAC-MY,LINE-MY-01,PROD-S100,COMP-MEM,SUP-C,CLOT-C-MEM-20260412,DEF-MEM,test,1,True,False,True,scrap
QEV-000001069,2026-04-12,2026-04-12T12:00:00,PLOT-00000580,FAC-MY,LINE-MY-01,PROD-S100,COMP-MEM,SUP-E,CLOT-E-MEM-20260412,DEF-MEM,test,1,True,False,False,fail
QEV-000001070,2026-04-12,2026-04-12T12:00:00,PLOT-00000581,FAC-MY,LINE-MY-03,PROD-X100,COMP-COOL,SUP-A,CLOT-A-OOL-20260412,DEF-THERM,test,1,True,False,True,scrap
QEV-000001071,2026-04-12,2026-04-12T12:00:00,PLOT-00000581,FAC-MY,LINE-MY-03,PROD-X100,COMP-COOL,SUP-H,CLOT-H-OOL-20260412,DEF-ASSY,in_process,1,True,False,False,fail
QEV-000001072,2026-04-12,2026-04-12T12:00:00,PLOT-00000581,FAC-MY,LINE-MY-03,PROD-X100,COMP-MEM,SUP-D,CLOT-D-MEM-20260412,DEF-MEM,test,1,True,True,False,rework
QEV-000001073,2026-04-12,2026-04-12T12:00:00,PLOT-00000581,FAC-MY,LINE-MY-03,PROD-X100,COMP-NET,SUP-B,CLOT-B-NET-20260412,DEF-ASSY,in_process,1,True,True,False,rework
QEV-000001074,2026-04-12,2026-04-12T12:00:00,PLOT-00000581,FAC-MY,LINE-MY-03,PROD-X100,COMP-NET,SUP-C,CLOT-C-NET-20260412,DEF-ASSY,in_process,1,True,False,True,scrap
QEV-000001075,2026-04-12,2026-04-12T12:00:00,PLOT-00000581,FAC-MY,LINE-MY-03,PROD-X100,COMP-STOR,SUP-C,CLOT-C-TOR-20260412,DEF-CONN,in_process,1,True,False,True,scrap
QEV-000001076,2026-04-13,2026-04-13T12:00:00,PLOT-00000582,FAC-TW,LINE-TW-01,PROD-S100,COMP-NET,SUP-D,CLOT-D-NET-20260413,DEF-CONN,in_process,1,True,False,True,scrap
QEV-000001077,2026-04-13,2026-04-13T12:00:00,PLOT-00000585,FAC-MX,LINE-MX-02,PROD-X100,COMP-COOL,SUP-B,CLOT-B-OOL-20260413,DEF-THERM,test,1,True,False,False,fail
QEV-000001078,2026-04-13,2026-04-13T12:00:00,PLOT-00000586,FAC-MY,LINE-MY-01,PROD-S100,COMP-STOR,SUP-B,CLOT-B-TOR-20260413,DEF-FUNC,test,1,True,False,True,scrap
QEV-000001079,2026-04-13,2026-04-13T12:00:00,PLOT-00000587,FAC-MY,LINE-MY-03,PROD-N100,COMP-MAIN,SUP-D,CLOT-D-AIN-20260413,DEF-FUNC,test,1,True,True,False,rework
QEV-000001080,2026-04-13,2026-04-13T12:00:00,PLOT-00000587,FAC-MY,LINE-MY-03,PROD-N100,COMP-STOR,SUP-C,CLOT-C-TOR-20260413,DEF-CONN,in_process,1,True,True,False,rework
QEV-000001081,2026-04-14,2026-04-14T12:00:00,PLOT-00000588,FAC-TW,LINE-TW-01,PROD-X100,COMP-PWR,SUP-A,CLOT-A-PWR-20260414,DEF-VOLT,test,1,True,False,False,fail
QEV-000001082,2026-04-14,2026-04-14T12:00:00,PLOT-00000588,FAC-TW,LINE-TW-01,PROD-X100,COMP-STOR,SUP-G,CLOT-G-TOR-20260414,DEF-FUNC,test,1,True,True,False,rework
QEV-000001083,2026-04-14,2026-04-14T12:00:00,PLOT-00000590,FAC-MX,LINE-MX-01,PROD-X200,COMP-COOL,SUP-G,CLOT-G-OOL-20260414,DEF-THERM,test,1,True,True,False,rework
QEV-000001084,2026-04-14,2026-04-14T12:00:00,PLOT-00000590,FAC-MX,LINE-MX-01,PROD-X200,COMP-STOR,SUP-C,CLOT-C-TOR-20260414,DEF-FUNC,test,1,True,True,False,rework
QEV-000001085,2026-04-14,2026-04-14T12:00:00,PLOT-00000591,FAC-MX,LINE-MX-02,PROD-X100,COMP-PWR,SUP-D,CLOT-D-PWR-20260414,DEF-VOLT,test,1,True,False,False,fail
QEV-000001086,2026-04-14,2026-04-14T12:00:00,PLOT-00000592,FAC-MY,LINE-MY-01,PROD-C100,COMP-COOL,SUP-H,CLOT-H-OOL-20260414,DEF-FUNC,test,1,True,True,False,rework
QEV-000001087,2026-04-14,2026-04-14T12:00:00,PLOT-00000593,FAC-MY,LINE-MY-03,PROD-C100,COMP-COOL,SUP-D,CLOT-D-OOL-20260414,DEF-THERM,test,1,True,True,False,rework
QEV-000001088,2026-04-14,2026-04-14T12:00:00,PLOT-00000593,FAC-MY,LINE-MY-03,PROD-C100,COMP-MAIN,SUP-E,CLOT-E-AIN-20260414,DEF-ASSY,in_process,1,True,False,False,fail
QEV-000001089,2026-04-14,2026-04-14T12:00:00,PLOT-00000593,FAC-MY,LINE-MY-03,PROD-C100,COMP-MAIN,SUP-E,CLOT-E-AIN-20260414,DEF-VOLT,test,1,True,True,False,rework
QEV-000001090,2026-04-14,2026-04-14T12:00:00,PLOT-00000593,FAC-MY,LINE-MY-03,PROD-C100,COMP-MAIN,SUP-F,CLOT-F-AIN-20260414,DEF-VOLT,test,1,True,False,False,fail
QEV-000001091,2026-04-14,2026-04-14T12:00:00,PLOT-00000593,FAC-MY,LINE-MY-03,PROD-C100,COMP-MEM,SUP-D,CLOT-D-MEM-20260414,DEF-CONN,in_process,1,True,True,False,rework
QEV-000001092,2026-04-14,2026-04-14T12:00:00,PLOT-00000593,FAC-MY,LINE-MY-03,PROD-C100,COMP-NET,SUP-G,CLOT-G-NET-20260414,DEF-CONN,in_process,1,True,False,False,fail
QEV-000001093,2026-04-14,2026-04-14T12:00:00,PLOT-00000593,FAC-MY,LINE-MY-03,PROD-C100,COMP-STOR,SUP-H,CLOT-H-TOR-20260414,DEF-FUNC,test,1,True,True,False,rework
QEV-000001094,2026-04-15,2026-04-15T12:00:00,PLOT-00000595,FAC-TW,LINE-TW-02,PROD-C100,COMP-MAIN,SUP-A,CLOT-A-AIN-20260415,DEF-FUNC,test,1,True,True,False,rework
QEV-000001095,2026-04-15,2026-04-15T12:00:00,PLOT-00000596,FAC-MX,LINE-MX-01,PROD-X100,COMP-COOL,SUP-C,CLOT-C-OOL-20260415,DEF-THERM,test,1,True,True,False,rework
QEV-000001096,2026-04-15,2026-04-15T12:00:00,PLOT-00000596,FAC-MX,LINE-MX-01,PROD-X100,COMP-MEM,SUP-D,CLOT-D-MEM-20260415,DEF-MEM,test,1,True,False,True,scrap
QEV-000001097,2026-04-15,2026-04-15T12:00:00,PLOT-00000597,FAC-MX,LINE-MX-02,PROD-S100,COMP-PWR,,CLOT-B-PWR-20260415,DEF-VOLT,test,1,True,True,False,rework
QEV-000001098,2026-04-15,2026-04-15T12:00:00,PLOT-00000597,FAC-MX,LINE-MX-02,PROD-S100,COMP-PWR,,CLOT-C-MEM-20260415,DEF-VOLT,test,1,True,True,False,rework
QEV-000001099,2026-04-15,2026-04-15T12:00:00,PLOT-00000597,FAC-MX,LINE-MX-02,PROD-S100,COMP-PWR,,CLOT-G-OOL-20260415,DEF-VOLT,test,1,True,True,False,rework
QEV-000001100,2026-04-15,2026-04-15T12:00:00,PLOT-00000597,FAC-MX,LINE-MX-02,PROD-S100,COMP-PWR,,CLOT-H-OOL-20260415,DEF-VOLT,test,1,True,False,False,fail
QEV-000001101,2026-04-15,2026-04-15T12:00:00,PLOT-00000599,FAC-MY,LINE-MY-03,PROD-C100,COMP-COOL,SUP-A,CLOT-A-OOL-20260415,DEF-THERM,test,1,True,True,False,rework
QEV-000001102,2026-04-15,2026-04-15T12:00:00,PLOT-00000599,FAC-MY,LINE-MY-03,PROD-C100,COMP-COOL,SUP-F,CLOT-F-OOL-20260415,DEF-FUNC,test,1,True,True,False,rework
QEV-000001103,2026-04-15,2026-04-15T12:00:00,PLOT-00000599,FAC-MY,LINE-MY-03,PROD-C100,COMP-PWR,SUP-H,CLOT-H-PWR-20260415,DEF-VOLT,test,1,True,False,False,fail
QEV-000001104,2026-04-16,2026-04-16T12:00:00,PLOT-00000600,FAC-TW,LINE-TW-01,PROD-X200,COMP-MEM,SUP-D,CLOT-D-MEM-20260416,DEF-MEM,test,1,True,True,False,rework
QEV-000001105,2026-04-16,2026-04-16T12:00:00,PLOT-00000602,FAC-MX,LINE-MX-01,PROD-X100,COMP-MEM,SUP-F,CLOT-F-MEM-20260416,DEF-MEM,test,1,True,True,False,rework
QEV-000001106,2026-04-16,2026-04-16T12:00:00,PLOT-00000602,FAC-MX,LINE-MX-01,PROD-X100,COMP-PWR,SUP-B,CLOT-B-PWR-20260416,DEF-CONN,in_process,1,True,True,False,rework
QEV-000001107,2026-04-16,2026-04-16T12:00:00,PLOT-00000602,FAC-MX,LINE-MX-01,PROD-X100,COMP-PWR,SUP-D,CLOT-D-PWR-20260416,DEF-VOLT,test,1,True,False,False,fail
QEV-000001108,2026-04-16,2026-04-16T12:00:00,PLOT-00000603,FAC-MX,LINE-MX-02,PROD-X100,COMP-PWR,,CLOT-C-NET-20260416,DEF-VOLT,test,1,True,True,False,rework
QEV-000001109,2026-04-16,2026-04-16T12:00:00,PLOT-00000603,FAC-MX,LINE-MX-02,PROD-X100,COMP-PWR,,CLOT-D-OOL-20260416,DEF-VOLT,test,1,True,False,False,fail
QEV-000001110,2026-04-16,2026-04-16T12:00:00,PLOT-00000603,FAC-MX,LINE-MX-02,PROD-X100,COMP-PWR,,CLOT-E-PWR-20260416,DEF-VOLT,test,1,True,True,False,rework
QEV-000001111,2026-04-16,2026-04-16T12:00:00,PLOT-00000603,FAC-MX,LINE-MX-02,PROD-X100,COMP-PWR,,CLOT-G-NET-20260416,DEF-VOLT,test,1,True,True,False,rework
QEV-000001112,2026-04-16,2026-04-16T12:00:00,PLOT-00000604,FAC-MY,LINE-MY-01,PROD-N100,COMP-MAIN,SUP-A,CLOT-A-AIN-20260416,DEF-FUNC,test,1,True,False,False,fail
QEV-000001113,2026-04-16,2026-04-16T12:00:00,PLOT-00000604,FAC-MY,LINE-MY-01,PROD-N100,COMP-MAIN,SUP-C,CLOT-C-AIN-20260416,DEF-ASSY,in_process,1,True,False,False,fail
QEV-000001114,2026-04-16,2026-04-16T12:00:00,PLOT-00000604,FAC-MY,LINE-MY-01,PROD-N100,COMP-NET,SUP-E,CLOT-E-NET-20260416,DEF-CONN,in_process,1,True,True,False,rework
QEV-000001115,2026-04-16,2026-04-16T12:00:00,PLOT-00000605,FAC-MY,LINE-MY-03,PROD-C100,COMP-COOL,SUP-D,CLOT-D-OOL-20260416,DEF-THERM,test,1,True,False,True,scrap
QEV-000001116,2026-04-16,2026-04-16T12:00:00,PLOT-00000605,FAC-MY,LINE-MY-03,PROD-C100,COMP-NET,SUP-G,CLOT-G-NET-20260416,DEF-CONN,in_process,1,True,False,True,scrap
QEV-000001117,2026-04-17,2026-04-17T12:00:00,PLOT-00000606,FAC-TW,LINE-TW-01,PROD-X200,COMP-COOL,SUP-A,CLOT-A-OOL-20260417,DEF-FUNC,test,1,True,True,False,rework
QEV-000001118,2026-04-17,2026-04-17T12:00:00,PLOT-00000606,FAC-TW,LINE-TW-01,PROD-X200,COMP-MAIN,SUP-A,CLOT-A-AIN-20260417,DEF-FUNC,test,1,True,True,False,rework
QEV-000001119,2026-04-17,2026-04-17T12:00:00,PLOT-00000606,FAC-TW,LINE-TW-01,PROD-X200,COMP-NET,SUP-H,CLOT-H-NET-20260417,DEF-FUNC,test,1,True,True,False,rework
QEV-000001120,2026-04-17,2026-04-17T12:00:00,PLOT-00000608,FAC-MX,LINE-MX-01,PROD-X200,COMP-MAIN,SUP-B,CLOT-B-AIN-20260417,DEF-VOLT,test,1,True,False,False,fail
QEV-000001121,2026-04-17,2026-04-17T12:00:00,PLOT-00000608,FAC-MX,LINE-MX-01,PROD-X200,COMP-STOR,SUP-E,CLOT-E-TOR-20260417,DEF-CONN,in_process,1,True,False,False,fail
QEV-000001122,2026-04-17,2026-04-17T12:00:00,PLOT-00000609,FAC-MX,LINE-MX-02,PROD-X100,COMP-PWR,,CLOT-A-AIN-20260417,DEF-VOLT,test,1,True,True,False,rework
QEV-000001123,2026-04-17,2026-04-17T12:00:00,PLOT-00000609,FAC-MX,LINE-MX-02,PROD-X100,COMP-PWR,,CLOT-A-PWR-20260417,DEF-VOLT,test,1,True,True,False,rework
QEV-000001124,2026-04-17,2026-04-17T12:00:00,PLOT-00000609,FAC-MX,LINE-MX-02,PROD-X100,COMP-PWR,,CLOT-E-PWR-20260417,DEF-VOLT,test,1,True,False,False,fail
QEV-000001125,2026-04-17,2026-04-17T12:00:00,PLOT-00000609,FAC-MX,LINE-MX-02,PROD-X100,COMP-PWR,,CLOT-E-TOR-20260417,DEF-VOLT,test,1,True,True,False,rework
QEV-000001126,2026-04-17,2026-04-17T12:00:00,PLOT-00000609,FAC-MX,LINE-MX-02,PROD-X100,COMP-PWR,,CLOT-H-OOL-20260417,DEF-VOLT,test,1,True,True,False,rework
QEV-000001127,2026-04-17,2026-04-17T12:00:00,PLOT-00000611,FAC-MY,LINE-MY-03,PROD-S100,COMP-MAIN,SUP-B,CLOT-B-AIN-20260417,DEF-VOLT,test,1,True,False,True,scrap
QEV-000001128,2026-04-17,2026-04-17T12:00:00,PLOT-00000611,FAC-MY,LINE-MY-03,PROD-S100,COMP-MEM,SUP-E,CLOT-E-MEM-20260417,DEF-FUNC,test,1,True,True,False,rework
QEV-000001129,2026-04-17,2026-04-17T12:00:00,PLOT-00000611,FAC-MY,LINE-MY-03,PROD-S100,COMP-NET,SUP-C,CLOT-C-NET-20260417,DEF-FUNC,test,1,True,False,False,fail
QEV-000001130,2026-04-17,2026-04-17T12:00:00,PLOT-00000611,FAC-MY,LINE-MY-03,PROD-S100,COMP-PWR,SUP-E,CLOT-E-PWR-20260417,DEF-VOLT,test,1,True,False,False,fail
QEV-000001131,2026-04-17,2026-04-17T12:00:00,PLOT-00000611,FAC-MY,LINE-MY-03,PROD-S100,COMP-PWR,SUP-H,CLOT-H-PWR-20260417,DEF-VOLT,test,1,True,True,False,rework
QEV-000001132,2026-04-18,2026-04-18T12:00:00,PLOT-00000612,FAC-TW,LINE-TW-01,PROD-C100,COMP-COOL,SUP-B,CLOT-B-OOL-20260418,DEF-THERM,test,1,True,True,False,rework
QEV-000001133,2026-04-18,2026-04-18T12:00:00,PLOT-00000613,FAC-TW,LINE-TW-02,PROD-X200,COMP-COOL,SUP-E,CLOT-E-OOL-20260418,DEF-THERM,test,1,True,False,False,fail
QEV-000001134,2026-04-18,2026-04-18T12:00:00,PLOT-00000613,FAC-TW,LINE-TW-02,PROD-X200,COMP-NET,SUP-A,CLOT-A-NET-20260418,DEF-CONN,in_process,1,True,True,False,rework
QEV-000001135,2026-04-18,2026-04-18T12:00:00,PLOT-00000613,FAC-TW,LINE-TW-02,PROD-X200,COMP-PWR,SUP-G,CLOT-G-PWR-20260418,DEF-CONN,in_process,1,True,True,False,rework
QEV-000001136,2026-04-18,2026-04-18T12:00:00,PLOT-00000613,FAC-TW,LINE-TW-02,PROD-X200,COMP-STOR,SUP-B,CLOT-B-TOR-20260418,DEF-FUNC,test,1,True,False,False,fail
QEV-000001137,2026-04-18,2026-04-18T12:00:00,PLOT-00000614,FAC-MX,LINE-MX-01,PROD-X100,COMP-MEM,SUP-D,CLOT-D-MEM-20260418,DEF-MEM,test,1,True,False,False,fail
QEV-000001138,2026-04-18,2026-04-18T12:00:00,PLOT-00000614,FAC-MX,LINE-MX-01,PROD-X100,COMP-MEM,SUP-G,CLOT-G-MEM-20260418,DEF-MEM,test,1,True,True,False,rework
QEV-000001139,2026-04-18,2026-04-18T12:00:00,PLOT-00000614,FAC-MX,LINE-MX-01,PROD-X100,COMP-NET,SUP-D,CLOT-D-NET-20260418,DEF-FUNC,test,1,True,True,False,rework
QEV-000001140,2026-04-18,2026-04-18T12:00:00,PLOT-00000615,FAC-MX,LINE-MX-02,PROD-X100,COMP-PWR,,CLOT-A-MEM-20260418,DEF-VOLT,test,1,True,False,True,scrap
QEV-000001141,2026-04-18,2026-04-18T12:00:00,PLOT-00000615,FAC-MX,LINE-MX-02,PROD-X100,COMP-PWR,,CLOT-A-NET-20260418,DEF-VOLT,test,1,True,False,True,scrap
QEV-000001142,2026-04-18,2026-04-18T12:00:00,PLOT-00000615,FAC-MX,LINE-MX-02,PROD-X100,COMP-PWR,,CLOT-A-PWR-20260418,DEF-VOLT,test,1,True,True,False,rework
QEV-000001143,2026-04-18,2026-04-18T12:00:00,PLOT-00000615,FAC-MX,LINE-MX-02,PROD-X100,COMP-PWR,,CLOT-B-OOL-20260418,DEF-VOLT,test,1,True,False,False,fail
QEV-000001144,2026-04-18,2026-04-18T12:00:00,PLOT-00000615,FAC-MX,LINE-MX-02,PROD-X100,COMP-PWR,,CLOT-C-OOL-20260418,DEF-VOLT,test,1,True,True,False,rework
QEV-000001145,2026-04-18,2026-04-18T12:00:00,PLOT-00000615,FAC-MX,LINE-MX-02,PROD-X100,COMP-PWR,,CLOT-C-PWR-20260418,DEF-VOLT,test,1,True,True,False,rework
QEV-000001146,2026-04-18,2026-04-18T12:00:00,PLOT-00000615,FAC-MX,LINE-MX-02,PROD-X100,COMP-PWR,,CLOT-D-AIN-20260418,DEF-VOLT,test,1,True,False,False,fail
QEV-000001147,2026-04-18,2026-04-18T12:00:00,PLOT-00000615,FAC-MX,LINE-MX-02,PROD-X100,COMP-PWR,,CLOT-E-MEM-20260418,DEF-VOLT,test,1,True,False,True,scrap
QEV-000001148,2026-04-18,2026-04-18T12:00:00,PLOT-00000615,FAC-MX,LINE-MX-02,PROD-X100,COMP-PWR,,CLOT-G-AIN-20260418,DEF-VOLT,test,1,True,True,False,rework
QEV-000001149,2026-04-18,2026-04-18T12:00:00,PLOT-00000615,FAC-MX,LINE-MX-02,PROD-X100,COMP-PWR,,CLOT-G-TOR-20260418,DEF-VOLT,test,1,True,False,False,fail
QEV-000001150,2026-04-18,2026-04-18T12:00:00,PLOT-00000615,FAC-MX,LINE-MX-02,PROD-X100,COMP-PWR,,CLOT-H-AIN-20260418,DEF-VOLT,test,1,True,True,False,rework
QEV-000001151,2026-04-18,2026-04-18T12:00:00,PLOT-00000616,FAC-MY,LINE-MY-01,PROD-X200,COMP-MAIN,SUP-G,CLOT-G-AIN-20260418,DEF-VOLT,test,1,True,True,False,rework
QEV-000001152,2026-04-18,2026-04-18T12:00:00,PLOT-00000617,FAC-MY,LINE-MY-03,PROD-N100,COMP-MEM,SUP-C,CLOT-C-MEM-20260418,DEF-MEM,test,1,True,True,False,rework
QEV-000001153,2026-04-18,2026-04-18T12:00:00,PLOT-00000617,FAC-MY,LINE-MY-03,PROD-N100,COMP-MEM,SUP-G,CLOT-G-MEM-20260418,DEF-FUNC,test,1,True,False,False,fail
QEV-000001154,2026-04-19,2026-04-19T12:00:00,PLOT-00000618,FAC-TW,LINE-TW-01,PROD-S100,COMP-COOL,SUP-B,CLOT-B-OOL-20260419,DEF-ASSY,in_process,1,True,True,False,rework
QEV-000001155,2026-04-19,2026-04-19T12:00:00,PLOT-00000618,FAC-TW,LINE-TW-01,PROD-S100,COMP-MAIN,SUP-E,CLOT-E-AIN-20260419,DEF-VOLT,test,1,True,True,False,rework
QEV-000001156,2026-04-19,2026-04-19T12:00:00,PLOT-00000618,FAC-TW,LINE-TW-01,PROD-S100,COMP-PWR,SUP-A,CLOT-A-PWR-20260419,DEF-FUNC,test,1,True,False,False,fail
QEV-000001157,2026-04-19,2026-04-19T12:00:00,PLOT-00000620,FAC-MX,LINE-MX-01,PROD-X100,COMP-MEM,SUP-F,CLOT-F-MEM-20260419,DEF-FUNC,test,1,True,True,False,rework
QEV-000001158,2026-04-19,2026-04-19T12:00:00,PLOT-00000620,FAC-MX,LINE-MX-01,PROD-X100,COMP-PWR,SUP-A,CLOT-A-PWR-20260419,DEF-CONN,in_process,1,True,False,True,scrap
QEV-000001159,2026-04-19,2026-04-19T12:00:00,PLOT-00000621,FAC-MX,LINE-MX-02,PROD-C100,COMP-PWR,,CLOT-B-OOL-20260419,DEF-VOLT,test,1,True,False,False,fail
QEV-000001160,2026-04-19,2026-04-19T12:00:00,PLOT-00000621,FAC-MX,LINE-MX-02,PROD-C100,COMP-PWR,,CLOT-B-TOR-20260419,DEF-VOLT,test,1,True,True,False,rework
QEV-000001161,2026-04-19,2026-04-19T12:00:00,PLOT-00000621,FAC-MX,LINE-MX-02,PROD-C100,COMP-PWR,,CLOT-E-MEM-20260419,DEF-VOLT,test,1,True,True,False,rework
QEV-000001162,2026-04-19,2026-04-19T12:00:00,PLOT-00000621,FAC-MX,LINE-MX-02,PROD-C100,COMP-PWR,,CLOT-F-AIN-20260419,DEF-VOLT,test,1,True,False,False,fail
QEV-000001163,2026-04-19,2026-04-19T12:00:00,PLOT-00000623,FAC-MY,LINE-MY-03,PROD-X100,COMP-COOL,SUP-G,CLOT-G-OOL-20260419,DEF-FUNC,test,1,True,False,False,fail
QEV-000001164,2026-04-20,2026-04-20T12:00:00,PLOT-00000624,FAC-TW,LINE-TW-01,PROD-C100,COMP-MAIN,SUP-C,CLOT-C-AIN-20260420,DEF-VOLT,test,1,True,True,False,rework
QEV-000001165,2026-04-20,2026-04-20T12:00:00,PLOT-00000626,FAC-MX,LINE-MX-01,PROD-N100,COMP-PWR,SUP-G,CLOT-G-PWR-20260420,DEF-VOLT,test,1,True,True,False,rework
QEV-000001166,2026-04-20,2026-04-20T12:00:00,PLOT-00000627,FAC-MX,LINE-MX-02,PROD-S100,COMP-PWR,,CLOT-B-PWR-20260420,DEF-VOLT,test,1,True,False,False,fail
QEV-000001167,2026-04-20,2026-04-20T12:00:00,PLOT-00000627,FAC-MX,LINE-MX-02,PROD-S100,COMP-PWR,,CLOT-D-MEM-20260420,DEF-VOLT,test,1,True,True,False,rework
QEV-000001168,2026-04-20,2026-04-20T12:00:00,PLOT-00000627,FAC-MX,LINE-MX-02,PROD-S100,COMP-PWR,,CLOT-E-AIN-20260420,DEF-VOLT,test,1,True,False,False,fail
QEV-000001169,2026-04-20,2026-04-20T12:00:00,PLOT-00000627,FAC-MX,LINE-MX-02,PROD-S100,COMP-PWR,,CLOT-E-TOR-20260420,DEF-VOLT,test,2,True,True,False,rework
QEV-000001170,2026-04-20,2026-04-20T12:00:00,PLOT-00000627,FAC-MX,LINE-MX-02,PROD-S100,COMP-PWR,,CLOT-G-OOL-20260420,DEF-VOLT,test,2,True,True,False,rework
QEV-000001171,2026-04-20,2026-04-20T12:00:00,PLOT-00000627,FAC-MX,LINE-MX-02,PROD-S100,COMP-PWR,,CLOT-H-MEM-20260420,DEF-VOLT,test,1,True,False,True,scrap
QEV-000001172,2026-04-20,2026-04-20T12:00:00,PLOT-00000628,FAC-MY,LINE-MY-01,PROD-X200,COMP-MAIN,SUP-C,CLOT-C-AIN-20260420,DEF-FUNC,test,1,True,True,False,rework
QEV-000001173,2026-04-21,2026-04-21T12:00:00,PLOT-00000630,FAC-TW,LINE-TW-01,PROD-X100,COMP-COOL,SUP-C,CLOT-C-OOL-20260421,DEF-FUNC,test,1,True,True,False,rework
QEV-000001174,2026-04-21,2026-04-21T12:00:00,PLOT-00000630,FAC-TW,LINE-TW-01,PROD-X100,COMP-NET,SUP-H,CLOT-H-NET-20260421,DEF-CONN,in_process,1,True,True,False,rework
QEV-000001175,2026-04-21,2026-04-21T12:00:00,PLOT-00000630,FAC-TW,LINE-TW-01,PROD-X100,COMP-PWR,SUP-D,CLOT-D-PWR-20260421,DEF-VOLT,test,1,True,False,False,fail
QEV-000001176,2026-04-21,2026-04-21T12:00:00,PLOT-00000631,FAC-TW,LINE-TW-02,PROD-X100,COMP-STOR,SUP-A,CLOT-A-TOR-20260421,DEF-FUNC,test,1,True,False,True,scrap
QEV-000001177,2026-04-21,2026-04-21T12:00:00,PLOT-00000632,FAC-MX,LINE-MX-01,PROD-X100,COMP-COOL,SUP-H,CLOT-H-OOL-20260421,DEF-THERM,test,1,True,True,False,rework
QEV-000001178,2026-04-21,2026-04-21T12:00:00,PLOT-00000633,FAC-MX,LINE-MX-02,PROD-X100,COMP-PWR,,CLOT-A-OOL-20260421,DEF-VOLT,test,1,True,True,False,rework
QEV-000001179,2026-04-21,2026-04-21T12:00:00,PLOT-00000633,FAC-MX,LINE-MX-02,PROD-X100,COMP-PWR,,CLOT-G-MEM-20260421,DEF-VOLT,test,1,True,True,False,rework
QEV-000001180,2026-04-21,2026-04-21T12:00:00,PLOT-00000633,FAC-MX,LINE-MX-02,PROD-X100,COMP-PWR,,CLOT-H-TOR-20260421,DEF-VOLT,test,1,True,False,False,fail
QEV-000001181,2026-04-21,2026-04-21T12:00:00,PLOT-00000634,FAC-MY,LINE-MY-01,PROD-C100,COMP-MAIN,SUP-H,CLOT-H-AIN-20260421,DEF-VOLT,test,1,True,False,False,fail
QEV-000001182,2026-04-21,2026-04-21T12:00:00,PLOT-00000634,FAC-MY,LINE-MY-01,PROD-C100,COMP-PWR,SUP-C,CLOT-C-PWR-20260421,DEF-FUNC,test,1,True,False,False,fail
QEV-000001183,2026-04-21,2026-04-21T12:00:00,PLOT-00000634,FAC-MY,LINE-MY-01,PROD-C100,COMP-PWR,SUP-C,CLOT-C-PWR-20260421,DEF-VOLT,test,1,True,True,False,rework
QEV-000001184,2026-04-21,2026-04-21T12:00:00,PLOT-00000635,FAC-MY,LINE-MY-03,PROD-S100,COMP-MEM,SUP-B,CLOT-B-MEM-20260421,DEF-MEM,test,1,True,True,False,rework
QEV-000001185,2026-04-21,2026-04-21T12:00:00,PLOT-00000635,FAC-MY,LINE-MY-03,PROD-S100,COMP-MEM,SUP-C,CLOT-C-MEM-20260421,DEF-CONN,in_process,1,True,False,False,fail
QEV-000001186,2026-04-21,2026-04-21T12:00:00,PLOT-00000635,FAC-MY,LINE-MY-03,PROD-S100,COMP-NET,SUP-E,CLOT-E-NET-20260421,DEF-FUNC,test,1,True,True,False,rework
QEV-000001187,2026-04-22,2026-04-22T12:00:00,PLOT-00000636,FAC-TW,LINE-TW-01,PROD-C100,COMP-STOR,SUP-C,CLOT-C-TOR-20260422,DEF-FUNC,test,1,True,False,True,scrap
QEV-000001188,2026-04-22,2026-04-22T12:00:00,PLOT-00000637,FAC-TW,LINE-TW-02,PROD-C100,COMP-MAIN,SUP-D,CLOT-D-AIN-20260422,DEF-FUNC,test,1,True,False,True,scrap
QEV-000001189,2026-04-22,2026-04-22T12:00:00,PLOT-00000638,FAC-MX,LINE-MX-01,PROD-S100,COMP-COOL,SUP-B,CLOT-B-OOL-20260422,DEF-THERM,test,1,True,False,False,fail
QEV-000001190,2026-04-22,2026-04-22T12:00:00,PLOT-00000638,FAC-MX,LINE-MX-01,PROD-S100,COMP-MAIN,SUP-A,CLOT-A-AIN-20260422,DEF-FUNC,test,1,True,True,False,rework
QEV-000001191,2026-04-22,2026-04-22T12:00:00,PLOT-00000639,FAC-MX,LINE-MX-02,PROD-X100,COMP-PWR,,CLOT-A-MEM-20260422,DEF-VOLT,test,1,True,True,False,rework
QEV-000001192,2026-04-22,2026-04-22T12:00:00,PLOT-00000639,FAC-MX,LINE-MX-02,PROD-X100,COMP-PWR,,CLOT-A-TOR-20260422,DEF-VOLT,test,1,True,True,False,rework
QEV-000001193,2026-04-22,2026-04-22T12:00:00,PLOT-00000639,FAC-MX,LINE-MX-02,PROD-X100,COMP-PWR,,CLOT-C-AIN-20260422,DEF-VOLT,test,1,True,True,False,rework
QEV-000001194,2026-04-22,2026-04-22T12:00:00,PLOT-00000639,FAC-MX,LINE-MX-02,PROD-X100,COMP-PWR,,CLOT-D-OOL-20260422,DEF-VOLT,test,1,True,True,False,rework
QEV-000001195,2026-04-22,2026-04-22T12:00:00,PLOT-00000639,FAC-MX,LINE-MX-02,PROD-X100,COMP-PWR,,CLOT-D-TOR-20260422,DEF-VOLT,test,1,True,True,False,rework
QEV-000001196,2026-04-22,2026-04-22T12:00:00,PLOT-00000639,FAC-MX,LINE-MX-02,PROD-X100,COMP-PWR,,CLOT-E-NET-20260422,DEF-VOLT,test,1,True,False,True,scrap
QEV-000001197,2026-04-22,2026-04-22T12:00:00,PLOT-00000639,FAC-MX,LINE-MX-02,PROD-X100,COMP-PWR,,CLOT-E-NET-20260422,DEF-VOLT,test,1,True,True,False,rework
QEV-000001198,2026-04-22,2026-04-22T12:00:00,PLOT-00000639,FAC-MX,LINE-MX-02,PROD-X100,COMP-PWR,,CLOT-F-NET-20260422,DEF-VOLT,test,1,True,False,False,fail
QEV-000001199,2026-04-22,2026-04-22T12:00:00,PLOT-00000639,FAC-MX,LINE-MX-02,PROD-X100,COMP-PWR,,CLOT-G-AIN-20260422,DEF-VOLT,test,1,True,True,False,rework
QEV-000001200,2026-04-22,2026-04-22T12:00:00,PLOT-00000640,FAC-MY,LINE-MY-01,PROD-N100,COMP-MEM,SUP-G,CLOT-G-MEM-20260422,DEF-CONN,in_process,1,True,True,False,rework
QEV-000001201,2026-04-22,2026-04-22T12:00:00,PLOT-00000641,FAC-MY,LINE-MY-03,PROD-S100,COMP-COOL,SUP-B,CLOT-B-OOL-20260422,DEF-FUNC,test,1,True,True,False,rework
QEV-000001202,2026-04-22,2026-04-22T12:00:00,PLOT-00000641,FAC-MY,LINE-MY-03,PROD-S100,COMP-MAIN,SUP-E,CLOT-E-AIN-20260422,DEF-ASSY,in_process,1,True,False,False,fail
QEV-000001203,2026-04-22,2026-04-22T12:00:00,PLOT-00000641,FAC-MY,LINE-MY-03,PROD-S100,COMP-MAIN,SUP-E,CLOT-E-AIN-20260422,DEF-FUNC,test,1,True,True,False,rework
QEV-000001204,2026-04-23,2026-04-23T12:00:00,PLOT-00000642,FAC-TW,LINE-TW-01,PROD-X100,COMP-STOR,SUP-H,CLOT-H-TOR-20260423,DEF-ASSY,in_process,1,True,False,False,fail
QEV-000001205,2026-04-23,2026-04-23T12:00:00,PLOT-00000643,FAC-TW,LINE-TW-02,PROD-C100,COMP-COOL,SUP-B,CLOT-B-OOL-20260423,DEF-THERM,test,1,True,True,False,rework
QEV-000001206,2026-04-23,2026-04-23T12:00:00,PLOT-00000643,FAC-TW,LINE-TW-02,PROD-C100,COMP-MEM,SUP-C,CLOT-C-MEM-20260423,DEF-CONN,in_process,1,True,False,True,scrap
QEV-000001207,2026-04-23,2026-04-23T12:00:00,PLOT-00000643,FAC-TW,LINE-TW-02,PROD-C100,COMP-PWR,SUP-H,CLOT-H-PWR-20260423,DEF-VOLT,test,1,True,False,True,scrap
QEV-000001208,2026-04-23,2026-04-23T12:00:00,PLOT-00000643,FAC-TW,LINE-TW-02,PROD-C100,COMP-STOR,SUP-A,CLOT-A-TOR-20260423,DEF-FUNC,test,1,True,True,False,rework
QEV-000001209,2026-04-23,2026-04-23T12:00:00,PLOT-00000645,FAC-MX,LINE-MX-02,PROD-S100,COMP-PWR,,CLOT-A-MEM-20260423,DEF-VOLT,test,1,True,False,True,scrap
QEV-000001210,2026-04-23,2026-04-23T12:00:00,PLOT-00000645,FAC-MX,LINE-MX-02,PROD-S100,COMP-PWR,,CLOT-B-MEM-20260423,DEF-VOLT,test,1,True,True,False,rework
QEV-000001211,2026-04-23,2026-04-23T12:00:00,PLOT-00000645,FAC-MX,LINE-MX-02,PROD-S100,COMP-PWR,,CLOT-B-PWR-20260423,DEF-VOLT,test,1,True,True,False,rework
QEV-000001212,2026-04-23,2026-04-23T12:00:00,PLOT-00000645,FAC-MX,LINE-MX-02,PROD-S100,COMP-PWR,,CLOT-G-TOR-20260423,DEF-VOLT,test,1,True,False,False,fail
QEV-000001213,2026-04-23,2026-04-23T12:00:00,PLOT-00000645,FAC-MX,LINE-MX-02,PROD-S100,COMP-PWR,,CLOT-H-AIN-20260423,DEF-VOLT,test,1,True,True,False,rework
QEV-000001214,2026-04-23,2026-04-23T12:00:00,PLOT-00000646,FAC-MY,LINE-MY-01,PROD-N100,COMP-MEM,SUP-E,CLOT-E-MEM-20260423,DEF-MEM,test,1,True,True,False,rework
QEV-000001215,2026-04-23,2026-04-23T12:00:00,PLOT-00000646,FAC-MY,LINE-MY-01,PROD-N100,COMP-NET,SUP-D,CLOT-D-NET-20260423,DEF-FUNC,test,1,True,True,False,rework
QEV-000001216,2026-04-23,2026-04-23T12:00:00,PLOT-00000646,FAC-MY,LINE-MY-01,PROD-N100,COMP-PWR,SUP-B,CLOT-B-PWR-20260423,DEF-FUNC,test,1,True,False,False,fail
QEV-000001217,2026-04-23,2026-04-23T12:00:00,PLOT-00000646,FAC-MY,LINE-MY-01,PROD-N100,COMP-STOR,SUP-B,CLOT-B-TOR-20260423,DEF-CONN,in_process,1,True,False,False,fail
QEV-000001218,2026-04-23,2026-04-23T12:00:00,PLOT-00000647,FAC-MY,LINE-MY-03,PROD-X200,COMP-MAIN,SUP-C,CLOT-C-AIN-20260423,DEF-FUNC,test,1,True,True,False,rework
QEV-000001219,2026-04-23,2026-04-23T12:00:00,PLOT-00000647,FAC-MY,LINE-MY-03,PROD-X200,COMP-MEM,SUP-C,CLOT-C-MEM-20260423,DEF-CONN,in_process,1,True,True,False,rework
QEV-000001220,2026-04-23,2026-04-23T12:00:00,PLOT-00000647,FAC-MY,LINE-MY-03,PROD-X200,COMP-MEM,SUP-F,CLOT-F-MEM-20260423,DEF-MEM,test,1,True,True,False,rework
QEV-000001221,2026-04-23,2026-04-23T12:00:00,PLOT-00000647,FAC-MY,LINE-MY-03,PROD-X200,COMP-PWR,SUP-G,CLOT-G-PWR-20260423,DEF-CONN,in_process,1,True,False,True,scrap
QEV-000001222,2026-04-24,2026-04-24T12:00:00,PLOT-00000648,FAC-TW,LINE-TW-01,PROD-X100,COMP-MEM,SUP-H,CLOT-H-MEM-20260424,DEF-CONN,in_process,1,True,False,False,fail
QEV-000001223,2026-04-24,2026-04-24T12:00:00,PLOT-00000648,FAC-TW,LINE-TW-01,PROD-X100,COMP-PWR,SUP-E,CLOT-E-PWR-20260424,DEF-VOLT,test,1,True,True,False,rework
QEV-000001224,2026-04-24,2026-04-24T12:00:00,PLOT-00000649,FAC-TW,LINE-TW-02,PROD-X100,COMP-MAIN,SUP-E,CLOT-E-AIN-20260424,DEF-VOLT,test,1,True,True,False,rework
QEV-000001225,2026-04-24,2026-04-24T12:00:00,PLOT-00000649,FAC-TW,LINE-TW-02,PROD-X100,COMP-MEM,SUP-C,CLOT-C-MEM-20260424,DEF-MEM,test,1,True,True,False,rework
QEV-000001226,2026-04-24,2026-04-24T12:00:00,PLOT-00000650,FAC-MX,LINE-MX-01,PROD-C100,COMP-MAIN,SUP-C,CLOT-C-AIN-20260424,DEF-VOLT,test,1,True,False,False,fail
QEV-000001227,2026-04-24,2026-04-24T12:00:00,PLOT-00000651,FAC-MX,LINE-MX-02,PROD-X200,COMP-PWR,,CLOT-B-NET-20260424,DEF-VOLT,test,1,True,True,False,rework
QEV-000001228,2026-04-24,2026-04-24T12:00:00,PLOT-00000651,FAC-MX,LINE-MX-02,PROD-X200,COMP-PWR,,CLOT-B-TOR-20260424,DEF-VOLT,test,2,True,True,False,rework
QEV-000001229,2026-04-24,2026-04-24T12:00:00,PLOT-00000651,FAC-MX,LINE-MX-02,PROD-X200,COMP-PWR,,CLOT-D-TOR-20260424,DEF-VOLT,test,1,True,False,False,fail
QEV-000001230,2026-04-24,2026-04-24T12:00:00,PLOT-00000651,FAC-MX,LINE-MX-02,PROD-X200,COMP-PWR,,CLOT-F-PWR-20260424,DEF-VOLT,test,1,True,True,False,rework
QEV-000001231,2026-04-24,2026-04-24T12:00:00,PLOT-00000651,FAC-MX,LINE-MX-02,PROD-X200,COMP-PWR,,CLOT-H-MEM-20260424,DEF-VOLT,test,1,True,True,False,rework
QEV-000001232,2026-04-24,2026-04-24T12:00:00,PLOT-00000652,FAC-MY,LINE-MY-01,PROD-X100,COMP-MAIN,SUP-B,CLOT-B-AIN-20260424,DEF-FUNC,test,1,True,False,False,fail
QEV-000001233,2026-04-24,2026-04-24T12:00:00,PLOT-00000652,FAC-MY,LINE-MY-01,PROD-X100,COMP-MAIN,SUP-G,CLOT-G-AIN-20260424,DEF-ASSY,in_process,1,True,True,False,rework
QEV-000001234,2026-04-24,2026-04-24T12:00:00,PLOT-00000653,FAC-MY,LINE-MY-03,PROD-X100,COMP-COOL,SUP-A,CLOT-A-OOL-20260424,DEF-THERM,test,1,True,True,False,rework
QEV-000001235,2026-04-25,2026-04-25T12:00:00,PLOT-00000654,FAC-TW,LINE-TW-01,PROD-X100,COMP-NET,SUP-B,CLOT-B-NET-20260425,DEF-FUNC,test,1,True,False,False,fail
QEV-000001236,2026-04-25,2026-04-25T12:00:00,PLOT-00000654,FAC-TW,LINE-TW-01,PROD-X100,COMP-PWR,SUP-C,CLOT-C-PWR-20260425,DEF-CONN,in_process,1,True,False,True,scrap
QEV-000001237,2026-04-25,2026-04-25T12:00:00,PLOT-00000656,FAC-MX,LINE-MX-01,PROD-X100,COMP-MAIN,SUP-D,CLOT-D-AIN-20260425,DEF-VOLT,test,1,True,False,True,scrap
QEV-000001238,2026-04-25,2026-04-25T12:00:00,PLOT-00000656,FAC-MX,LINE-MX-01,PROD-X100,COMP-MAIN,SUP-G,CLOT-G-AIN-20260425,DEF-VOLT,test,1,True,True,False,rework
QEV-000001239,2026-04-25,2026-04-25T12:00:00,PLOT-00000656,FAC-MX,LINE-MX-01,PROD-X100,COMP-MEM,SUP-B,CLOT-B-MEM-20260425,DEF-MEM,test,1,True,True,False,rework
QEV-000001240,2026-04-25,2026-04-25T12:00:00,PLOT-00000656,FAC-MX,LINE-MX-01,PROD-X100,COMP-MEM,SUP-C,CLOT-C-MEM-20260425,DEF-FUNC,test,1,True,True,False,rework
QEV-000001241,2026-04-25,2026-04-25T12:00:00,PLOT-00000656,FAC-MX,LINE-MX-01,PROD-X100,COMP-PWR,SUP-A,CLOT-A-PWR-20260425,DEF-CONN,in_process,1,True,True,False,rework
QEV-000001242,2026-04-25,2026-04-25T12:00:00,PLOT-00000656,FAC-MX,LINE-MX-01,PROD-X100,COMP-STOR,SUP-A,CLOT-A-TOR-20260425,DEF-FUNC,test,1,True,True,False,rework
QEV-000001243,2026-04-25,2026-04-25T12:00:00,PLOT-00000657,FAC-MX,LINE-MX-02,PROD-C100,COMP-PWR,,CLOT-A-NET-20260425,DEF-VOLT,test,1,True,True,False,rework
QEV-000001244,2026-04-25,2026-04-25T12:00:00,PLOT-00000657,FAC-MX,LINE-MX-02,PROD-C100,COMP-PWR,,CLOT-A-PWR-20260425,DEF-VOLT,test,1,True,True,False,rework
QEV-000001245,2026-04-25,2026-04-25T12:00:00,PLOT-00000657,FAC-MX,LINE-MX-02,PROD-C100,COMP-PWR,,CLOT-C-PWR-20260425,DEF-VOLT,test,1,True,False,False,fail
QEV-000001246,2026-04-25,2026-04-25T12:00:00,PLOT-00000657,FAC-MX,LINE-MX-02,PROD-C100,COMP-PWR,,CLOT-D-AIN-20260425,DEF-VOLT,test,1,True,False,False,fail
QEV-000001247,2026-04-25,2026-04-25T12:00:00,PLOT-00000659,FAC-MY,LINE-MY-03,PROD-X200,COMP-MAIN,SUP-D,CLOT-D-AIN-20260425,DEF-FUNC,test,1,True,True,False,rework
QEV-000001248,2026-04-25,2026-04-25T12:00:00,PLOT-00000659,FAC-MY,LINE-MY-03,PROD-X200,COMP-MEM,SUP-B,CLOT-B-MEM-20260425,DEF-MEM,test,1,True,False,False,fail
QEV-000001249,2026-04-25,2026-04-25T12:00:00,PLOT-00000659,FAC-MY,LINE-MY-03,PROD-X200,COMP-PWR,SUP-B,CLOT-B-PWR-20260425,DEF-VOLT,test,1,True,False,True,scrap
QEV-000001250,2026-04-25,2026-04-25T12:00:00,PLOT-00000659,FAC-MY,LINE-MY-03,PROD-X200,COMP-PWR,SUP-C,CLOT-C-PWR-20260425,DEF-FUNC,test,1,True,False,False,fail
QEV-000001251,2026-04-26,2026-04-26T12:00:00,PLOT-00000660,FAC-TW,LINE-TW-01,PROD-X200,COMP-NET,SUP-D,CLOT-D-NET-20260426,DEF-FUNC,test,1,True,True,False,rework
QEV-000001252,2026-04-26,2026-04-26T12:00:00,PLOT-00000660,FAC-TW,LINE-TW-01,PROD-X200,COMP-STOR,SUP-A,CLOT-A-TOR-20260426,DEF-FUNC,test,1,True,False,False,fail
QEV-000001253,2026-04-26,2026-04-26T12:00:00,PLOT-00000660,FAC-TW,LINE-TW-01,PROD-X200,COMP-STOR,SUP-B,CLOT-B-TOR-20260426,DEF-CONN,in_process,1,True,True,False,rework
QEV-000001254,2026-04-26,2026-04-26T12:00:00,PLOT-00000662,FAC-MX,LINE-MX-01,PROD-S100,COMP-COOL,SUP-F,CLOT-F-OOL-20260426,DEF-THERM,test,1,True,True,False,rework
QEV-000001255,2026-04-26,2026-04-26T12:00:00,PLOT-00000662,FAC-MX,LINE-MX-01,PROD-S100,COMP-MAIN,SUP-C,CLOT-C-AIN-20260426,DEF-ASSY,in_process,1,True,True,False,rework
QEV-000001256,2026-04-26,2026-04-26T12:00:00,PLOT-00000662,FAC-MX,LINE-MX-01,PROD-S100,COMP-NET,SUP-G,CLOT-G-NET-20260426,DEF-CONN,in_process,1,True,True,False,rework
QEV-000001257,2026-04-26,2026-04-26T12:00:00,PLOT-00000663,FAC-MX,LINE-MX-02,PROD-X100,COMP-PWR,,CLOT-B-PWR-20260426,DEF-VOLT,test,1,True,False,False,fail
QEV-000001258,2026-04-26,2026-04-26T12:00:00,PLOT-00000663,FAC-MX,LINE-MX-02,PROD-X100,COMP-PWR,,CLOT-C-AIN-20260426,DEF-VOLT,test,1,True,False,False,fail
QEV-000001259,2026-04-26,2026-04-26T12:00:00,PLOT-00000663,FAC-MX,LINE-MX-02,PROD-X100,COMP-PWR,,CLOT-C-AIN-20260426,DEF-VOLT,test,1,True,True,False,rework
QEV-000001260,2026-04-26,2026-04-26T12:00:00,PLOT-00000663,FAC-MX,LINE-MX-02,PROD-X100,COMP-PWR,,CLOT-C-NET-20260426,DEF-VOLT,test,1,True,True,False,rework
QEV-000001261,2026-04-26,2026-04-26T12:00:00,PLOT-00000663,FAC-MX,LINE-MX-02,PROD-X100,COMP-PWR,,CLOT-D-OOL-20260426,DEF-VOLT,test,1,True,False,False,fail
QEV-000001262,2026-04-26,2026-04-26T12:00:00,PLOT-00000663,FAC-MX,LINE-MX-02,PROD-X100,COMP-PWR,,CLOT-E-TOR-20260426,DEF-VOLT,test,1,True,True,False,rework
QEV-000001263,2026-04-26,2026-04-26T12:00:00,PLOT-00000663,FAC-MX,LINE-MX-02,PROD-X100,COMP-PWR,,CLOT-G-AIN-20260426,DEF-VOLT,test,1,True,True,False,rework
QEV-000001264,2026-04-26,2026-04-26T12:00:00,PLOT-00000663,FAC-MX,LINE-MX-02,PROD-X100,COMP-PWR,,CLOT-G-PWR-20260426,DEF-VOLT,test,1,True,True,False,rework
QEV-000001265,2026-04-26,2026-04-26T12:00:00,PLOT-00000663,FAC-MX,LINE-MX-02,PROD-X100,COMP-PWR,,CLOT-H-AIN-20260426,DEF-VOLT,test,1,True,False,True,scrap
QEV-000001266,2026-04-26,2026-04-26T12:00:00,PLOT-00000663,FAC-MX,LINE-MX-02,PROD-X100,COMP-PWR,,CLOT-H-PWR-20260426,DEF-VOLT,test,1,True,True,False,rework
QEV-000001267,2026-04-26,2026-04-26T12:00:00,PLOT-00000665,FAC-MY,LINE-MY-03,PROD-N100,COMP-COOL,SUP-F,CLOT-F-OOL-20260426,DEF-THERM,test,1,True,False,True,scrap
QEV-000001268,2026-04-26,2026-04-26T12:00:00,PLOT-00000665,FAC-MY,LINE-MY-03,PROD-N100,COMP-COOL,SUP-G,CLOT-G-OOL-20260426,DEF-THERM,test,1,True,False,False,fail
QEV-000001269,2026-04-26,2026-04-26T12:00:00,PLOT-00000665,FAC-MY,LINE-MY-03,PROD-N100,COMP-MEM,SUP-D,CLOT-D-MEM-20260426,DEF-MEM,test,1,True,False,True,scrap
QEV-000001270,2026-04-26,2026-04-26T12:00:00,PLOT-00000665,FAC-MY,LINE-MY-03,PROD-N100,COMP-STOR,SUP-A,CLOT-A-TOR-20260426,DEF-CONN,in_process,1,True,True,False,rework
QEV-000001271,2026-04-26,2026-04-26T12:00:00,PLOT-00000665,FAC-MY,LINE-MY-03,PROD-N100,COMP-STOR,SUP-C,CLOT-C-TOR-20260426,DEF-CONN,in_process,1,True,False,False,fail
QEV-000001272,2026-04-26,2026-04-26T12:00:00,PLOT-00000665,FAC-MY,LINE-MY-03,PROD-N100,COMP-STOR,SUP-C,CLOT-C-TOR-20260426,DEF-CONN,in_process,1,True,True,False,rework
QEV-000001273,2026-04-27,2026-04-27T12:00:00,PLOT-00000666,FAC-TW,LINE-TW-01,PROD-X100,COMP-MEM,SUP-H,CLOT-H-MEM-20260427,DEF-FUNC,test,1,True,False,False,fail
QEV-000001274,2026-04-27,2026-04-27T12:00:00,PLOT-00000667,FAC-TW,LINE-TW-02,PROD-X200,COMP-COOL,SUP-D,CLOT-D-OOL-20260427,DEF-THERM,test,1,True,True,False,rework
QEV-000001275,2026-04-27,2026-04-27T12:00:00,PLOT-00000668,FAC-MX,LINE-MX-01,PROD-X100,COMP-NET,SUP-F,CLOT-F-NET-20260427,DEF-FUNC,test,1,True,False,False,fail
QEV-000001276,2026-04-27,2026-04-27T12:00:00,PLOT-00000669,FAC-MX,LINE-MX-02,PROD-X200,COMP-PWR,,CLOT-A-AIN-20260427,DEF-VOLT,test,1,True,False,False,fail
QEV-000001277,2026-04-27,2026-04-27T12:00:00,PLOT-00000669,FAC-MX,LINE-MX-02,PROD-X200,COMP-PWR,,CLOT-A-PWR-20260427,DEF-VOLT,test,1,True,False,False,fail
QEV-000001278,2026-04-27,2026-04-27T12:00:00,PLOT-00000669,FAC-MX,LINE-MX-02,PROD-X200,COMP-PWR,,CLOT-B-PWR-20260427,DEF-VOLT,test,1,True,False,False,fail
QEV-000001279,2026-04-27,2026-04-27T12:00:00,PLOT-00000669,FAC-MX,LINE-MX-02,PROD-X200,COMP-PWR,,CLOT-C-AIN-20260427,DEF-VOLT,test,1,True,True,False,rework
QEV-000001280,2026-04-27,2026-04-27T12:00:00,PLOT-00000669,FAC-MX,LINE-MX-02,PROD-X200,COMP-PWR,,CLOT-D-NET-20260427,DEF-VOLT,test,1,True,False,False,fail
QEV-000001281,2026-04-27,2026-04-27T12:00:00,PLOT-00000670,FAC-MY,LINE-MY-01,PROD-C100,COMP-MAIN,SUP-C,CLOT-C-AIN-20260427,DEF-ASSY,in_process,1,True,True,False,rework
QEV-000001282,2026-04-27,2026-04-27T12:00:00,PLOT-00000671,FAC-MY,LINE-MY-03,PROD-X100,COMP-PWR,SUP-A,CLOT-A-PWR-20260427,DEF-VOLT,test,1,True,True,False,rework
QEV-000001283,2026-04-27,2026-04-27T12:00:00,PLOT-00000671,FAC-MY,LINE-MY-03,PROD-X100,COMP-PWR,SUP-C,CLOT-C-PWR-20260427,DEF-CONN,in_process,1,True,False,False,fail
QEV-000001284,2026-04-27,2026-04-27T12:00:00,PLOT-00000671,FAC-MY,LINE-MY-03,PROD-X100,COMP-STOR,SUP-B,CLOT-B-TOR-20260427,DEF-FUNC,test,1,True,True,False,rework
QEV-000001285,2026-04-27,2026-04-27T12:00:00,PLOT-00000671,FAC-MY,LINE-MY-03,PROD-X100,COMP-STOR,SUP-E,CLOT-E-TOR-20260427,DEF-FUNC,test,1,True,True,False,rework
QEV-000001286,2026-04-28,2026-04-28T12:00:00,PLOT-00000672,FAC-TW,LINE-TW-01,PROD-X200,COMP-STOR,SUP-C,CLOT-C-TOR-20260428,DEF-FUNC,test,1,True,False,True,scrap
QEV-000001287,2026-04-28,2026-04-28T12:00:00,PLOT-00000673,FAC-TW,LINE-TW-02,PROD-S100,COMP-MEM,SUP-E,CLOT-E-MEM-20260428,DEF-MEM,test,1,True,True,False,rework
QEV-000001288,2026-04-28,2026-04-28T12:00:00,PLOT-00000673,FAC-TW,LINE-TW-02,PROD-S100,COMP-NET,SUP-H,CLOT-H-NET-20260428,DEF-CONN,in_process,1,True,True,False,rework
QEV-000001289,2026-04-28,2026-04-28T12:00:00,PLOT-00000675,FAC-MX,LINE-MX-02,PROD-X100,COMP-PWR,,CLOT-A-NET-20260428,DEF-VOLT,test,1,True,False,False,fail
QEV-000001290,2026-04-28,2026-04-28T12:00:00,PLOT-00000675,FAC-MX,LINE-MX-02,PROD-X100,COMP-PWR,,CLOT-A-TOR-20260428,DEF-VOLT,test,1,True,True,False,rework
QEV-000001291,2026-04-28,2026-04-28T12:00:00,PLOT-00000675,FAC-MX,LINE-MX-02,PROD-X100,COMP-PWR,,CLOT-B-PWR-20260428,DEF-VOLT,test,1,True,True,False,rework
QEV-000001292,2026-04-28,2026-04-28T12:00:00,PLOT-00000675,FAC-MX,LINE-MX-02,PROD-X100,COMP-PWR,,CLOT-C-NET-20260428,DEF-VOLT,test,1,True,False,False,fail
QEV-000001293,2026-04-28,2026-04-28T12:00:00,PLOT-00000675,FAC-MX,LINE-MX-02,PROD-X100,COMP-PWR,,CLOT-G-PWR-20260428,DEF-VOLT,test,1,True,False,True,scrap
QEV-000001294,2026-04-28,2026-04-28T12:00:00,PLOT-00000675,FAC-MX,LINE-MX-02,PROD-X100,COMP-PWR,,CLOT-H-MEM-20260428,DEF-VOLT,test,2,True,True,False,rework
QEV-000001295,2026-04-28,2026-04-28T12:00:00,PLOT-00000676,FAC-MY,LINE-MY-01,PROD-C100,COMP-MAIN,SUP-E,CLOT-E-AIN-20260428,DEF-ASSY,in_process,1,True,False,False,fail
QEV-000001296,2026-04-28,2026-04-28T12:00:00,PLOT-00000676,FAC-MY,LINE-MY-01,PROD-C100,COMP-NET,SUP-E,CLOT-E-NET-20260428,DEF-CONN,in_process,1,True,False,False,fail
QEV-000001297,2026-04-28,2026-04-28T12:00:00,PLOT-00000677,FAC-MY,LINE-MY-03,PROD-C100,COMP-PWR,SUP-B,CLOT-B-PWR-20260428,DEF-FUNC,test,1,True,True,False,rework
QEV-000001298,2026-04-29,2026-04-29T12:00:00,PLOT-00000680,FAC-MX,LINE-MX-01,PROD-X100,COMP-MAIN,SUP-F,CLOT-F-AIN-20260429,DEF-FUNC,test,1,True,True,False,rework
QEV-000001299,2026-04-29,2026-04-29T12:00:00,PLOT-00000680,FAC-MX,LINE-MX-01,PROD-X100,COMP-STOR,SUP-E,CLOT-E-TOR-20260429,DEF-FUNC,test,1,True,False,False,fail
QEV-000001300,2026-04-29,2026-04-29T12:00:00,PLOT-00000681,FAC-MX,LINE-MX-02,PROD-X100,COMP-PWR,,CLOT-A-PWR-20260429,DEF-VOLT,test,1,True,True,False,rework
QEV-000001301,2026-04-29,2026-04-29T12:00:00,PLOT-00000681,FAC-MX,LINE-MX-02,PROD-X100,COMP-PWR,,CLOT-C-AIN-20260429,DEF-VOLT,test,1,True,False,False,fail
QEV-000001302,2026-04-29,2026-04-29T12:00:00,PLOT-00000681,FAC-MX,LINE-MX-02,PROD-X100,COMP-PWR,,CLOT-C-AIN-20260429,DEF-VOLT,test,1,True,False,True,scrap
QEV-000001303,2026-04-29,2026-04-29T12:00:00,PLOT-00000681,FAC-MX,LINE-MX-02,PROD-X100,COMP-PWR,,CLOT-C-MEM-20260429,DEF-VOLT,test,1,True,True,False,rework
QEV-000001304,2026-04-29,2026-04-29T12:00:00,PLOT-00000681,FAC-MX,LINE-MX-02,PROD-X100,COMP-PWR,,CLOT-D-TOR-20260429,DEF-VOLT,test,1,True,False,False,fail
QEV-000001305,2026-04-29,2026-04-29T12:00:00,PLOT-00000681,FAC-MX,LINE-MX-02,PROD-X100,COMP-PWR,,CLOT-F-NET-20260429,DEF-VOLT,test,1,True,False,False,fail
QEV-000001306,2026-04-29,2026-04-29T12:00:00,PLOT-00000681,FAC-MX,LINE-MX-02,PROD-X100,COMP-PWR,,CLOT-G-PWR-20260429,DEF-VOLT,test,1,True,False,True,scrap
QEV-000001307,2026-04-29,2026-04-29T12:00:00,PLOT-00000682,FAC-MY,LINE-MY-01,PROD-C100,COMP-COOL,SUP-F,CLOT-F-OOL-20260429,DEF-THERM,test,1,True,True,False,rework
QEV-000001308,2026-04-29,2026-04-29T12:00:00,PLOT-00000683,FAC-MY,LINE-MY-03,PROD-X200,COMP-MEM,SUP-H,CLOT-H-MEM-20260429,DEF-MEM,test,1,True,True,False,rework
QEV-000001309,2026-04-29,2026-04-29T12:00:00,PLOT-00000683,FAC-MY,LINE-MY-03,PROD-X200,COMP-NET,SUP-C,CLOT-C-NET-20260429,DEF-CONN,in_process,1,True,True,False,rework
QEV-000001310,2026-04-30,2026-04-30T12:00:00,PLOT-00000685,FAC-TW,LINE-TW-02,PROD-X100,COMP-NET,SUP-B,CLOT-B-NET-20260430,DEF-FUNC,test,1,True,True,False,rework
QEV-000001311,2026-04-30,2026-04-30T12:00:00,PLOT-00000686,FAC-MX,LINE-MX-01,PROD-X100,COMP-COOL,SUP-B,CLOT-B-OOL-20260430,DEF-THERM,test,1,True,True,False,rework
QEV-000001312,2026-04-30,2026-04-30T12:00:00,PLOT-00000687,FAC-MX,LINE-MX-02,PROD-X100,COMP-PWR,,CLOT-B-MEM-20260430,DEF-VOLT,test,1,True,True,False,rework
QEV-000001313,2026-04-30,2026-04-30T12:00:00,PLOT-00000687,FAC-MX,LINE-MX-02,PROD-X100,COMP-PWR,,CLOT-C-AIN-20260430,DEF-VOLT,test,1,True,True,False,rework
QEV-000001314,2026-04-30,2026-04-30T12:00:00,PLOT-00000687,FAC-MX,LINE-MX-02,PROD-X100,COMP-PWR,,CLOT-C-NET-20260430,DEF-VOLT,test,1,True,True,False,rework
QEV-000001315,2026-04-30,2026-04-30T12:00:00,PLOT-00000687,FAC-MX,LINE-MX-02,PROD-X100,COMP-PWR,,CLOT-C-TOR-20260430,DEF-VOLT,test,1,True,False,True,scrap
QEV-000001316,2026-04-30,2026-04-30T12:00:00,PLOT-00000687,FAC-MX,LINE-MX-02,PROD-X100,COMP-PWR,,CLOT-D-PWR-20260430,DEF-VOLT,test,1,True,False,False,fail
QEV-000001317,2026-04-30,2026-04-30T12:00:00,PLOT-00000687,FAC-MX,LINE-MX-02,PROD-X100,COMP-PWR,,CLOT-E-AIN-20260430,DEF-VOLT,test,1,True,False,True,scrap
QEV-000001318,2026-04-30,2026-04-30T12:00:00,PLOT-00000687,FAC-MX,LINE-MX-02,PROD-X100,COMP-PWR,,CLOT-G-MEM-20260430,DEF-VOLT,test,1,True,True,False,rework
QEV-000001319,2026-04-30,2026-04-30T12:00:00,PLOT-00000687,FAC-MX,LINE-MX-02,PROD-X100,COMP-PWR,,CLOT-H-NET-20260430,DEF-VOLT,test,1,True,True,False,rework
QEV-000001320,2026-04-30,2026-04-30T12:00:00,PLOT-00000687,FAC-MX,LINE-MX-02,PROD-X100,COMP-PWR,,CLOT-H-TOR-20260430,DEF-VOLT,test,1,True,False,True,scrap
QEV-000001321,2026-04-30,2026-04-30T12:00:00,PLOT-00000688,FAC-MY,LINE-MY-01,PROD-X100,COMP-PWR,SUP-A,CLOT-A-PWR-20260430,DEF-FUNC,test,1,True,False,False,fail
QEV-000001322,2026-04-30,2026-04-30T12:00:00,PLOT-00000688,FAC-MY,LINE-MY-01,PROD-X100,COMP-PWR,SUP-A,CLOT-A-PWR-20260430,DEF-VOLT,test,1,True,True,False,rework
QEV-000001323,2026-04-30,2026-04-30T12:00:00,PLOT-00000689,FAC-MY,LINE-MY-03,PROD-X200,COMP-MAIN,SUP-A,CLOT-A-AIN-20260430,DEF-FUNC,test,1,True,True,False,rework
QEV-000001324,2026-04-30,2026-04-30T12:00:00,PLOT-00000689,FAC-MY,LINE-MY-03,PROD-X200,COMP-MAIN,SUP-C,CLOT-C-AIN-20260430,DEF-FUNC,test,1,True,False,False,fail
QEV-000001325,2026-04-30,2026-04-30T12:00:00,PLOT-00000689,FAC-MY,LINE-MY-03,PROD-X200,COMP-PWR,SUP-B,CLOT-B-PWR-20260430,DEF-VOLT,test,1,True,True,False,rework
QEV-000001326,2026-04-30,2026-04-30T12:00:00,PLOT-00000689,FAC-MY,LINE-MY-03,PROD-X200,COMP-STOR,SUP-E,CLOT-E-TOR-20260430,DEF-CONN,in_process,1,True,True,False,rework
QEV-000001327,2026-04-30,2026-04-30T12:00:00,PLOT-00000689,FAC-MY,LINE-MY-03,PROD-X200,COMP-STOR,SUP-E,CLOT-E-TOR-20260430,DEF-FUNC,test,1,True,True,False,rework
QEV-000001328,2026-05-01,2026-05-01T12:00:00,PLOT-00000690,FAC-TW,LINE-TW-01,PROD-N100,COMP-MAIN,SUP-A,CLOT-A-AIN-20260501,DEF-FUNC,test,1,True,False,False,fail
QEV-000001329,2026-05-01,2026-05-01T12:00:00,PLOT-00000692,FAC-MX,LINE-MX-01,PROD-X100,COMP-MAIN,SUP-H,CLOT-H-AIN-20260501,DEF-FUNC,test,1,True,True,False,rework
QEV-000001330,2026-05-01,2026-05-01T12:00:00,PLOT-00000692,FAC-MX,LINE-MX-01,PROD-X100,COMP-NET,SUP-E,CLOT-E-NET-20260501,DEF-FUNC,test,1,True,True,False,rework
QEV-000001331,2026-05-01,2026-05-01T12:00:00,PLOT-00000693,FAC-MX,LINE-MX-02,PROD-X100,COMP-PWR,,CLOT-B-NET-20260501,DEF-VOLT,test,2,True,False,False,fail
QEV-000001332,2026-05-01,2026-05-01T12:00:00,PLOT-00000693,FAC-MX,LINE-MX-02,PROD-X100,COMP-PWR,,CLOT-B-TOR-20260501,DEF-VOLT,test,1,True,True,False,rework
QEV-000001333,2026-05-01,2026-05-01T12:00:00,PLOT-00000693,FAC-MX,LINE-MX-02,PROD-X100,COMP-PWR,,CLOT-C-AIN-20260501,DEF-VOLT,test,1,True,False,False,fail
QEV-000001334,2026-05-01,2026-05-01T12:00:00,PLOT-00000693,FAC-MX,LINE-MX-02,PROD-X100,COMP-PWR,,CLOT-E-TOR-20260501,DEF-VOLT,test,1,True,True,False,rework
QEV-000001335,2026-05-01,2026-05-01T12:00:00,PLOT-00000693,FAC-MX,LINE-MX-02,PROD-X100,COMP-PWR,,CLOT-F-MEM-20260501,DEF-VOLT,test,1,True,False,False,fail
QEV-000001336,2026-05-01,2026-05-01T12:00:00,PLOT-00000693,FAC-MX,LINE-MX-02,PROD-X100,COMP-PWR,,CLOT-F-TOR-20260501,DEF-VOLT,test,1,True,False,False,fail
QEV-000001337,2026-05-01,2026-05-01T12:00:00,PLOT-00000693,FAC-MX,LINE-MX-02,PROD-X100,COMP-PWR,,CLOT-G-TOR-20260501,DEF-VOLT,test,1,True,True,False,rework
QEV-000001338,2026-05-01,2026-05-01T12:00:00,PLOT-00000693,FAC-MX,LINE-MX-02,PROD-X100,COMP-PWR,,CLOT-H-AIN-20260501,DEF-VOLT,test,1,True,True,False,rework
QEV-000001339,2026-05-01,2026-05-01T12:00:00,PLOT-00000694,FAC-MY,LINE-MY-01,PROD-X100,COMP-STOR,SUP-F,CLOT-F-TOR-20260501,DEF-ASSY,in_process,1,True,True,False,rework
QEV-000001340,2026-05-01,2026-05-01T12:00:00,PLOT-00000695,FAC-MY,LINE-MY-03,PROD-C100,COMP-COOL,SUP-E,CLOT-E-OOL-20260501,DEF-ASSY,in_process,1,True,False,False,fail
QEV-000001341,2026-05-01,2026-05-01T12:00:00,PLOT-00000695,FAC-MY,LINE-MY-03,PROD-C100,COMP-MAIN,SUP-G,CLOT-G-AIN-20260501,DEF-FUNC,test,1,True,False,True,scrap
QEV-000001342,2026-05-01,2026-05-01T12:00:00,PLOT-00000695,FAC-MY,LINE-MY-03,PROD-C100,COMP-MAIN,SUP-H,CLOT-H-AIN-20260501,DEF-FUNC,test,1,True,True,False,rework
QEV-000001343,2026-05-02,2026-05-02T12:00:00,PLOT-00000696,FAC-TW,LINE-TW-01,PROD-N100,COMP-STOR,SUP-G,CLOT-G-TOR-20260502,DEF-ASSY,in_process,1,True,False,False,fail
QEV-000001344,2026-05-02,2026-05-02T12:00:00,PLOT-00000697,FAC-TW,LINE-TW-02,PROD-C100,COMP-MAIN,SUP-B,CLOT-B-AIN-20260502,DEF-FUNC,test,1,True,False,False,fail
QEV-000001345,2026-05-02,2026-05-02T12:00:00,PLOT-00000698,FAC-MX,LINE-MX-01,PROD-X200,COMP-MAIN,SUP-C,CLOT-C-AIN-20260502,DEF-FUNC,test,1,True,False,False,fail
QEV-000001346,2026-05-02,2026-05-02T12:00:00,PLOT-00000698,FAC-MX,LINE-MX-01,PROD-X200,COMP-MEM,SUP-G,CLOT-G-MEM-20260502,DEF-MEM,test,1,True,False,False,fail
QEV-000001347,2026-05-02,2026-05-02T12:00:00,PLOT-00000698,FAC-MX,LINE-MX-01,PROD-X200,COMP-PWR,SUP-C,CLOT-C-PWR-20260502,DEF-FUNC,test,1,True,False,False,fail
QEV-000001348,2026-05-02,2026-05-02T12:00:00,PLOT-00000699,FAC-MX,LINE-MX-02,PROD-X100,COMP-PWR,,CLOT-A-NET-20260502,DEF-VOLT,test,1,True,False,False,fail
QEV-000001349,2026-05-02,2026-05-02T12:00:00,PLOT-00000699,FAC-MX,LINE-MX-02,PROD-X100,COMP-PWR,,CLOT-C-MEM-20260502,DEF-VOLT,test,1,True,True,False,rework
QEV-000001350,2026-05-02,2026-05-02T12:00:00,PLOT-00000699,FAC-MX,LINE-MX-02,PROD-X100,COMP-PWR,,CLOT-C-TOR-20260502,DEF-VOLT,test,1,True,False,True,scrap
QEV-000001351,2026-05-02,2026-05-02T12:00:00,PLOT-00000699,FAC-MX,LINE-MX-02,PROD-X100,COMP-PWR,,CLOT-F-AIN-20260502,DEF-VOLT,test,1,True,True,False,rework
QEV-000001352,2026-05-02,2026-05-02T12:00:00,PLOT-00000699,FAC-MX,LINE-MX-02,PROD-X100,COMP-PWR,,CLOT-F-MEM-20260502,DEF-VOLT,test,1,True,False,False,fail
QEV-000001353,2026-05-02,2026-05-02T12:00:00,PLOT-00000699,FAC-MX,LINE-MX-02,PROD-X100,COMP-PWR,,CLOT-F-NET-20260502,DEF-VOLT,test,1,True,True,False,rework
QEV-000001354,2026-05-02,2026-05-02T12:00:00,PLOT-00000699,FAC-MX,LINE-MX-02,PROD-X100,COMP-PWR,,CLOT-G-OOL-20260502,DEF-VOLT,test,1,True,False,True,scrap
QEV-000001355,2026-05-02,2026-05-02T12:00:00,PLOT-00000699,FAC-MX,LINE-MX-02,PROD-X100,COMP-PWR,,CLOT-G-PWR-20260502,DEF-VOLT,test,1,True,True,False,rework
QEV-000001356,2026-05-02,2026-05-02T12:00:00,PLOT-00000699,FAC-MX,LINE-MX-02,PROD-X100,COMP-PWR,,CLOT-H-NET-20260502,DEF-VOLT,test,1,True,False,False,fail
QEV-000001357,2026-05-02,2026-05-02T12:00:00,PLOT-00000699,FAC-MX,LINE-MX-02,PROD-X100,COMP-PWR,,CLOT-H-TOR-20260502,DEF-VOLT,test,1,True,False,False,fail
QEV-000001358,2026-05-02,2026-05-02T12:00:00,PLOT-00000700,FAC-MY,LINE-MY-01,PROD-X200,COMP-COOL,SUP-C,CLOT-C-OOL-20260502,DEF-ASSY,in_process,1,True,False,True,scrap
QEV-000001359,2026-05-02,2026-05-02T12:00:00,PLOT-00000701,FAC-MY,LINE-MY-03,PROD-X100,COMP-MAIN,SUP-A,CLOT-A-AIN-20260502,DEF-FUNC,test,1,True,True,False,rework
QEV-000001360,2026-05-03,2026-05-03T12:00:00,PLOT-00000702,FAC-TW,LINE-TW-01,PROD-C100,COMP-MEM,SUP-D,CLOT-D-MEM-20260503,DEF-MEM,test,1,True,True,False,rework
QEV-000001361,2026-05-03,2026-05-03T12:00:00,PLOT-00000702,FAC-TW,LINE-TW-01,PROD-C100,COMP-PWR,SUP-E,CLOT-E-PWR-20260503,DEF-VOLT,test,1,True,True,False,rework
QEV-000001362,2026-05-03,2026-05-03T12:00:00,PLOT-00000704,FAC-MX,LINE-MX-01,PROD-X200,COMP-COOL,SUP-E,CLOT-E-OOL-20260503,DEF-FUNC,test,1,True,True,False,rework
QEV-000001363,2026-05-03,2026-05-03T12:00:00,PLOT-00000705,FAC-MX,LINE-MX-02,PROD-X100,COMP-PWR,,CLOT-H-MEM-20260503,DEF-VOLT,test,1,True,True,False,rework
QEV-000001364,2026-05-03,2026-05-03T12:00:00,PLOT-00000706,FAC-MY,LINE-MY-01,PROD-X100,COMP-MEM,SUP-A,CLOT-A-MEM-20260503,DEF-FUNC,test,1,True,False,True,scrap
QEV-000001365,2026-05-03,2026-05-03T12:00:00,PLOT-00000707,FAC-MY,LINE-MY-03,PROD-X100,COMP-STOR,SUP-D,CLOT-D-TOR-20260503,DEF-FUNC,test,1,True,True,False,rework
QEV-000001366,2026-05-04,2026-05-04T12:00:00,PLOT-00000708,FAC-TW,LINE-TW-01,PROD-C100,COMP-MEM,SUP-F,CLOT-F-MEM-20260504,DEF-MEM,test,1,True,False,False,fail
QEV-000001367,2026-05-04,2026-05-04T12:00:00,PLOT-00000709,FAC-TW,LINE-TW-02,PROD-X200,COMP-MEM,SUP-A,CLOT-A-MEM-20260504,DEF-FUNC,test,1,True,False,False,fail
QEV-000001368,2026-05-04,2026-05-04T12:00:00,PLOT-00000709,FAC-TW,LINE-TW-02,PROD-X200,COMP-MEM,SUP-F,CLOT-F-MEM-20260504,DEF-MEM,test,1,True,True,False,rework
QEV-000001369,2026-05-04,2026-05-04T12:00:00,PLOT-00000709,FAC-TW,LINE-TW-02,PROD-X200,COMP-PWR,SUP-D,CLOT-D-PWR-20260504,DEF-VOLT,test,1,True,True,False,rework
QEV-000001370,2026-05-04,2026-05-04T12:00:00,PLOT-00000709,FAC-TW,LINE-TW-02,PROD-X200,COMP-PWR,SUP-E,CLOT-E-PWR-20260504,DEF-FUNC,test,1,True,False,False,fail
QEV-000001371,2026-05-04,2026-05-04T12:00:00,PLOT-00000710,FAC-MX,LINE-MX-01,PROD-X200,COMP-COOL,SUP-A,CLOT-A-OOL-20260504,DEF-FUNC,test,1,True,True,False,rework
QEV-000001372,2026-05-04,2026-05-04T12:00:00,PLOT-00000710,FAC-MX,LINE-MX-01,PROD-X200,COMP-MAIN,SUP-B,CLOT-B-AIN-20260504,DEF-ASSY,in_process,1,True,False,True,scrap
QEV-000001373,2026-05-04,2026-05-04T12:00:00,PLOT-00000710,FAC-MX,LINE-MX-01,PROD-X200,COMP-NET,SUP-C,CLOT-C-NET-20260504,DEF-FUNC,test,1,True,True,False,rework
QEV-000001374,2026-05-04,2026-05-04T12:00:00,PLOT-00000710,FAC-MX,LINE-MX-01,PROD-X200,COMP-NET,SUP-E,CLOT-E-NET-20260504,DEF-FUNC,test,1,True,True,False,rework
QEV-000001375,2026-05-04,2026-05-04T12:00:00,PLOT-00000711,FAC-MX,LINE-MX-02,PROD-X100,COMP-PWR,,CLOT-D-PWR-20260504,DEF-VOLT,test,1,True,False,False,fail
QEV-000001376,2026-05-04,2026-05-04T12:00:00,PLOT-00000711,FAC-MX,LINE-MX-02,PROD-X100,COMP-PWR,,CLOT-E-AIN-20260504,DEF-VOLT,test,1,True,True,False,rework
QEV-000001377,2026-05-04,2026-05-04T12:00:00,PLOT-00000711,FAC-MX,LINE-MX-02,PROD-X100,COMP-PWR,,CLOT-E-TOR-20260504,DEF-VOLT,test,1,True,False,False,fail
QEV-000001378,2026-05-04,2026-05-04T12:00:00,PLOT-00000711,FAC-MX,LINE-MX-02,PROD-X100,COMP-PWR,,CLOT-F-MEM-20260504,DEF-VOLT,test,1,True,False,False,fail
QEV-000001379,2026-05-04,2026-05-04T12:00:00,PLOT-00000711,FAC-MX,LINE-MX-02,PROD-X100,COMP-PWR,,CLOT-F-NET-20260504,DEF-VOLT,test,1,True,True,False,rework
QEV-000001380,2026-05-04,2026-05-04T12:00:00,PLOT-00000712,FAC-MY,LINE-MY-01,PROD-N100,COMP-MEM,SUP-G,CLOT-G-MEM-20260504,DEF-MEM,test,1,True,False,False,fail
QEV-000001381,2026-05-04,2026-05-04T12:00:00,PLOT-00000712,FAC-MY,LINE-MY-01,PROD-N100,COMP-NET,SUP-B,CLOT-B-NET-20260504,DEF-FUNC,test,1,True,True,False,rework
QEV-000001382,2026-05-04,2026-05-04T12:00:00,PLOT-00000712,FAC-MY,LINE-MY-01,PROD-N100,COMP-PWR,SUP-A,CLOT-A-PWR-20260504,DEF-VOLT,test,1,True,False,False,fail
QEV-000001383,2026-05-04,2026-05-04T12:00:00,PLOT-00000712,FAC-MY,LINE-MY-01,PROD-N100,COMP-PWR,SUP-D,CLOT-D-PWR-20260504,DEF-VOLT,test,1,True,False,False,fail
QEV-000001384,2026-05-04,2026-05-04T12:00:00,PLOT-00000713,FAC-MY,LINE-MY-03,PROD-N100,COMP-PWR,SUP-C,CLOT-C-PWR-20260504,DEF-VOLT,test,1,True,True,False,rework
QEV-000001385,2026-05-05,2026-05-05T12:00:00,PLOT-00000714,FAC-TW,LINE-TW-01,PROD-X100,COMP-COOL,SUP-E,CLOT-E-OOL-20260505,DEF-THERM,test,1,True,True,False,rework
QEV-000001386,2026-05-05,2026-05-05T12:00:00,PLOT-00000716,FAC-MX,LINE-MX-01,PROD-S100,COMP-MAIN,SUP-E,CLOT-E-AIN-20260505,DEF-ASSY,in_process,1,True,False,False,fail
QEV-000001387,2026-05-05,2026-05-05T12:00:00,PLOT-00000716,FAC-MX,LINE-MX-01,PROD-S100,COMP-NET,SUP-A,CLOT-A-NET-20260505,DEF-ASSY,in_process,1,True,False,False,fail
QEV-000001388,2026-05-05,2026-05-05T12:00:00,PLOT-00000717,FAC-MX,LINE-MX-02,PROD-X200,COMP-PWR,,CLOT-B-AIN-20260505,DEF-VOLT,test,1,True,True,False,rework
QEV-000001389,2026-05-05,2026-05-05T12:00:00,PLOT-00000717,FAC-MX,LINE-MX-02,PROD-X200,COMP-PWR,,CLOT-B-PWR-20260505,DEF-VOLT,test,1,True,True,False,rework
QEV-000001390,2026-05-05,2026-05-05T12:00:00,PLOT-00000717,FAC-MX,LINE-MX-02,PROD-X200,COMP-PWR,,CLOT-D-PWR-20260505,DEF-VOLT,test,1,True,True,False,rework
QEV-000001391,2026-05-05,2026-05-05T12:00:00,PLOT-00000717,FAC-MX,LINE-MX-02,PROD-X200,COMP-PWR,,CLOT-G-AIN-20260505,DEF-VOLT,test,1,True,False,True,scrap
QEV-000001392,2026-05-05,2026-05-05T12:00:00,PLOT-00000718,FAC-MY,LINE-MY-01,PROD-X100,COMP-STOR,SUP-A,CLOT-A-TOR-20260505,DEF-FUNC,test,1,True,True,False,rework
QEV-000001393,2026-05-05,2026-05-05T12:00:00,PLOT-00000719,FAC-MY,LINE-MY-03,PROD-S100,COMP-NET,SUP-A,CLOT-A-NET-20260505,DEF-CONN,in_process,1,True,True,False,rework
QEV-000001394,2026-05-05,2026-05-05T12:00:00,PLOT-00000719,FAC-MY,LINE-MY-03,PROD-S100,COMP-NET,SUP-A,CLOT-A-NET-20260505,DEF-FUNC,test,1,True,True,False,rework
QEV-000001395,2026-05-06,2026-05-06T12:00:00,PLOT-00000720,FAC-TW,LINE-TW-01,PROD-X200,COMP-PWR,SUP-H,CLOT-H-PWR-20260506,DEF-VOLT,test,1,True,False,False,fail
QEV-000001396,2026-05-06,2026-05-06T12:00:00,PLOT-00000721,FAC-TW,LINE-TW-02,PROD-X200,COMP-MEM,SUP-B,CLOT-B-MEM-20260506,DEF-MEM,test,1,True,False,False,fail
QEV-000001397,2026-05-06,2026-05-06T12:00:00,PLOT-00000721,FAC-TW,LINE-TW-02,PROD-X200,COMP-MEM,SUP-E,CLOT-E-MEM-20260506,DEF-FUNC,test,1,True,False,True,scrap
QEV-000001398,2026-05-06,2026-05-06T12:00:00,PLOT-00000721,FAC-TW,LINE-TW-02,PROD-X200,COMP-NET,SUP-C,CLOT-C-NET-20260506,DEF-FUNC,test,1,True,False,False,fail
QEV-000001399,2026-05-06,2026-05-06T12:00:00,PLOT-00000721,FAC-TW,LINE-TW-02,PROD-X200,COMP-PWR,SUP-B,CLOT-B-PWR-20260506,DEF-FUNC,test,1,True,False,True,scrap
QEV-000001400,2026-05-06,2026-05-06T12:00:00,PLOT-00000722,FAC-MX,LINE-MX-01,PROD-X100,COMP-MAIN,SUP-C,CLOT-C-AIN-20260506,DEF-ASSY,in_process,1,True,True,False,rework
QEV-000001401,2026-05-06,2026-05-06T12:00:00,PLOT-00000722,FAC-MX,LINE-MX-01,PROD-X100,COMP-MAIN,SUP-E,CLOT-E-AIN-20260506,DEF-VOLT,test,1,True,True,False,rework
QEV-000001402,2026-05-06,2026-05-06T12:00:00,PLOT-00000722,FAC-MX,LINE-MX-01,PROD-X100,COMP-PWR,SUP-E,CLOT-E-PWR-20260506,DEF-VOLT,test,1,True,False,True,scrap
QEV-000001403,2026-05-06,2026-05-06T12:00:00,PLOT-00000723,FAC-MX,LINE-MX-02,PROD-X200,COMP-COOL,SUP-C,CLOT-C-OOL-20260506,DEF-ASSY,in_process,1,True,True,False,rework
QEV-000001404,2026-05-06,2026-05-06T12:00:00,PLOT-00000723,FAC-MX,LINE-MX-02,PROD-X200,COMP-MAIN,SUP-D,CLOT-D-AIN-20260506,DEF-FUNC,test,1,True,True,False,rework
QEV-000001405,2026-05-06,2026-05-06T12:00:00,PLOT-00000725,FAC-MY,LINE-MY-03,PROD-X200,COMP-COOL,SUP-B,CLOT-B-OOL-20260506,DEF-THERM,test,1,True,True,False,rework
QEV-000001406,2026-05-06,2026-05-06T12:00:00,PLOT-00000725,FAC-MY,LINE-MY-03,PROD-X200,COMP-MEM,SUP-B,CLOT-B-MEM-20260506,DEF-MEM,test,1,True,True,False,rework
QEV-000001407,2026-05-07,2026-05-07T12:00:00,PLOT-00000727,FAC-TW,LINE-TW-02,PROD-X100,COMP-PWR,SUP-B,CLOT-B-PWR-20260507,DEF-CONN,in_process,1,True,False,False,fail
QEV-000001408,2026-05-07,2026-05-07T12:00:00,PLOT-00000728,FAC-MX,LINE-MX-01,PROD-N100,COMP-COOL,SUP-A,CLOT-A-OOL-20260507,DEF-THERM,test,1,True,False,True,scrap
QEV-000001409,2026-05-07,2026-05-07T12:00:00,PLOT-00000729,FAC-MX,LINE-MX-02,PROD-X100,COMP-MEM,SUP-F,CLOT-F-MEM-20260507,DEF-MEM,test,1,True,False,True,scrap
QEV-000001410,2026-05-07,2026-05-07T12:00:00,PLOT-00000730,FAC-MY,LINE-MY-01,PROD-S100,COMP-MEM,SUP-A,CLOT-A-MEM-20260507,DEF-MEM,test,1,True,False,False,fail
QEV-000001411,2026-05-07,2026-05-07T12:00:00,PLOT-00000730,FAC-MY,LINE-MY-01,PROD-S100,COMP-PWR,SUP-C,CLOT-C-PWR-20260507,DEF-VOLT,test,1,True,True,False,rework
QEV-000001412,2026-05-07,2026-05-07T12:00:00,PLOT-00000730,FAC-MY,LINE-MY-01,PROD-S100,COMP-PWR,SUP-F,CLOT-F-PWR-20260507,DEF-VOLT,test,1,True,True,False,rework
QEV-000001413,2026-05-07,2026-05-07T12:00:00,PLOT-00000731,FAC-MY,LINE-MY-03,PROD-S100,COMP-MAIN,SUP-A,CLOT-A-AIN-20260507,DEF-FUNC,test,1,True,True,False,rework
QEV-000001414,2026-05-08,2026-05-08T12:00:00,PLOT-00000732,FAC-TW,LINE-TW-01,PROD-X100,COMP-PWR,SUP-G,CLOT-G-PWR-20260508,DEF-VOLT,test,1,True,False,False,fail
QEV-000001415,2026-05-08,2026-05-08T12:00:00,PLOT-00000732,FAC-TW,LINE-TW-01,PROD-X100,COMP-PWR,SUP-H,CLOT-H-PWR-20260508,DEF-VOLT,test,1,True,True,False,rework
QEV-000001416,2026-05-08,2026-05-08T12:00:00,PLOT-00000733,FAC-TW,LINE-TW-02,PROD-X100,COMP-PWR,SUP-A,CLOT-A-PWR-20260508,DEF-VOLT,test,1,True,False,False,fail
QEV-000001417,2026-05-08,2026-05-08T12:00:00,PLOT-00000734,FAC-MX,LINE-MX-01,PROD-X200,COMP-MEM,SUP-C,CLOT-C-MEM-20260508,DEF-MEM,test,1,True,False,False,fail
QEV-000001418,2026-05-08,2026-05-08T12:00:00,PLOT-00000734,FAC-MX,LINE-MX-01,PROD-X200,COMP-STOR,SUP-G,CLOT-G-TOR-20260508,DEF-FUNC,test,1,True,False,False,fail
QEV-000001419,2026-05-08,2026-05-08T12:00:00,PLOT-00000735,FAC-MX,LINE-MX-02,PROD-N100,COMP-PWR,SUP-E,CLOT-E-PWR-20260508,DEF-VOLT,test,1,True,False,False,fail
QEV-000001420,2026-05-08,2026-05-08T12:00:00,PLOT-00000735,FAC-MX,LINE-MX-02,PROD-N100,COMP-STOR,SUP-E,CLOT-E-TOR-20260508,DEF-FUNC,test,1,True,True,False,rework
QEV-000001421,2026-05-08,2026-05-08T12:00:00,PLOT-00000736,FAC-MY,LINE-MY-01,PROD-X100,COMP-MEM,SUP-D,CLOT-D-MEM-20260508,DEF-MEM,test,1,True,True,False,rework
QEV-000001422,2026-05-08,2026-05-08T12:00:00,PLOT-00000737,FAC-MY,LINE-MY-03,PROD-C100,COMP-COOL,SUP-H,CLOT-H-OOL-20260508,DEF-FUNC,test,1,True,True,False,rework
QEV-000001423,2026-05-08,2026-05-08T12:00:00,PLOT-00000737,FAC-MY,LINE-MY-03,PROD-C100,COMP-MAIN,SUP-E,CLOT-E-AIN-20260508,DEF-FUNC,test,1,True,False,False,fail
QEV-000001424,2026-05-09,2026-05-09T12:00:00,PLOT-00000739,FAC-TW,LINE-TW-02,PROD-S100,COMP-MAIN,SUP-C,CLOT-C-AIN-20260509,DEF-FUNC,test,1,True,True,False,rework
QEV-000001425,2026-05-09,2026-05-09T12:00:00,PLOT-00000739,FAC-TW,LINE-TW-02,PROD-S100,COMP-NET,SUP-E,CLOT-E-NET-20260509,DEF-FUNC,test,1,True,True,False,rework
QEV-000001426,2026-05-09,2026-05-09T12:00:00,PLOT-00000740,FAC-MX,LINE-MX-01,PROD-S100,COMP-MEM,SUP-A,CLOT-A-MEM-20260509,DEF-MEM,test,1,True,True,False,rework
QEV-000001427,2026-05-09,2026-05-09T12:00:00,PLOT-00000742,FAC-MY,LINE-MY-01,PROD-X100,COMP-MAIN,SUP-A,CLOT-A-AIN-20260509,DEF-ASSY,in_process,1,True,True,False,rework
QEV-000001428,2026-05-09,2026-05-09T12:00:00,PLOT-00000743,FAC-MY,LINE-MY-03,PROD-S100,COMP-COOL,SUP-D,CLOT-D-OOL-20260509,DEF-FUNC,test,1,True,True,False,rework
QEV-000001429,2026-05-09,2026-05-09T12:00:00,PLOT-00000743,FAC-MY,LINE-MY-03,PROD-S100,COMP-MEM,SUP-H,CLOT-H-MEM-20260509,DEF-FUNC,test,1,True,True,False,rework
QEV-000001430,2026-05-09,2026-05-09T12:00:00,PLOT-00000743,FAC-MY,LINE-MY-03,PROD-S100,COMP-NET,SUP-B,CLOT-B-NET-20260509,DEF-ASSY,in_process,1,True,False,False,fail
QEV-000001431,2026-05-10,2026-05-10T12:00:00,PLOT-00000744,FAC-TW,LINE-TW-01,PROD-X200,COMP-MEM,SUP-C,CLOT-BAD-001,DEF-MEM,test,10,True,False,False,fail
QEV-000001432,2026-05-10,2026-05-10T12:00:00,PLOT-00000744,FAC-TW,LINE-TW-01,PROD-X200,COMP-MEM,SUP-C,CLOT-BAD-001,DEF-MEM,test,2,True,False,True,scrap
QEV-000001433,2026-05-10,2026-05-10T12:00:00,PLOT-00000744,FAC-TW,LINE-TW-01,PROD-X200,COMP-MEM,SUP-C,CLOT-BAD-001,DEF-MEM,test,4,True,True,False,rework
QEV-000001434,2026-05-10,2026-05-10T12:00:00,PLOT-00000746,FAC-MX,LINE-MX-01,PROD-X100,COMP-STOR,SUP-C,CLOT-C-TOR-20260510,DEF-FUNC,test,1,True,False,True,scrap
QEV-000001435,2026-05-10,2026-05-10T12:00:00,PLOT-00000747,FAC-MX,LINE-MX-02,PROD-N100,COMP-COOL,SUP-A,CLOT-A-OOL-20260510,DEF-FUNC,test,1,True,False,True,scrap
QEV-000001436,2026-05-10,2026-05-10T12:00:00,PLOT-00000747,FAC-MX,LINE-MX-02,PROD-N100,COMP-MAIN,SUP-A,CLOT-A-AIN-20260510,DEF-FUNC,test,1,True,False,False,fail
QEV-000001437,2026-05-10,2026-05-10T12:00:00,PLOT-00000747,FAC-MX,LINE-MX-02,PROD-N100,COMP-MEM,SUP-C,CLOT-C-MEM-20260510,DEF-MEM,test,1,True,False,False,fail
QEV-000001438,2026-05-10,2026-05-10T12:00:00,PLOT-00000747,FAC-MX,LINE-MX-02,PROD-N100,COMP-MEM,SUP-C,CLOT-C-MEM-20260510,DEF-MEM,test,1,True,True,False,rework
QEV-000001439,2026-05-10,2026-05-10T12:00:00,PLOT-00000747,FAC-MX,LINE-MX-02,PROD-N100,COMP-STOR,SUP-D,CLOT-D-TOR-20260510,DEF-FUNC,test,1,True,True,False,rework
QEV-000001440,2026-05-10,2026-05-10T12:00:00,PLOT-00000748,FAC-MY,LINE-MY-01,PROD-X100,COMP-STOR,SUP-D,CLOT-D-TOR-20260510,DEF-ASSY,in_process,1,True,True,False,rework
QEV-000001441,2026-05-10,2026-05-10T12:00:00,PLOT-00000749,FAC-MY,LINE-MY-03,PROD-X100,COMP-MAIN,SUP-G,CLOT-G-AIN-20260510,DEF-VOLT,test,1,True,True,False,rework
QEV-000001442,2026-05-10,2026-05-10T12:00:00,PLOT-00000749,FAC-MY,LINE-MY-03,PROD-X100,COMP-MEM,SUP-A,CLOT-A-MEM-20260510,DEF-MEM,test,1,True,True,False,rework
QEV-000001443,2026-05-10,2026-05-10T12:00:00,PLOT-00000749,FAC-MY,LINE-MY-03,PROD-X100,COMP-MEM,SUP-C,CLOT-C-MEM-20260510,DEF-MEM,test,1,True,True,False,rework
QEV-000001444,2026-05-10,2026-05-10T12:00:00,PLOT-00000749,FAC-MY,LINE-MY-03,PROD-X100,COMP-MEM,SUP-D,CLOT-D-MEM-20260510,DEF-MEM,test,1,True,True,False,rework
QEV-000001445,2026-05-11,2026-05-11T12:00:00,PLOT-00000750,FAC-TW,LINE-TW-01,PROD-N100,COMP-PWR,SUP-G,CLOT-G-PWR-20260511,DEF-VOLT,test,1,True,False,True,scrap
QEV-000001446,2026-05-11,2026-05-11T12:00:00,PLOT-00000750,FAC-TW,LINE-TW-01,PROD-N100,COMP-STOR,SUP-E,CLOT-E-TOR-20260511,DEF-FUNC,test,1,True,False,False,fail
QEV-000001447,2026-05-11,2026-05-11T12:00:00,PLOT-00000751,FAC-TW,LINE-TW-02,PROD-N100,COMP-PWR,SUP-B,CLOT-B-PWR-20260511,DEF-VOLT,test,1,True,False,False,fail
QEV-000001448,2026-05-11,2026-05-11T12:00:00,PLOT-00000753,FAC-MX,LINE-MX-02,PROD-X100,COMP-MAIN,SUP-A,CLOT-A-AIN-20260511,DEF-FUNC,test,1,True,False,False,fail
QEV-000001449,2026-05-11,2026-05-11T12:00:00,PLOT-00000753,FAC-MX,LINE-MX-02,PROD-X100,COMP-MAIN,SUP-G,CLOT-G-AIN-20260511,DEF-VOLT,test,1,True,True,False,rework
QEV-000001450,2026-05-11,2026-05-11T12:00:00,PLOT-00000753,FAC-MX,LINE-MX-02,PROD-X100,COMP-NET,SUP-D,CLOT-D-NET-20260511,DEF-CONN,in_process,1,True,True,False,rework
QEV-000001451,2026-05-11,2026-05-11T12:00:00,PLOT-00000753,FAC-MX,LINE-MX-02,PROD-X100,COMP-STOR,SUP-B,CLOT-B-TOR-20260511,DEF-FUNC,test,1,True,False,True,scrap
QEV-000001452,2026-05-11,2026-05-11T12:00:00,PLOT-00000754,FAC-MY,LINE-MY-01,PROD-S100,COMP-COOL,SUP-G,CLOT-G-OOL-20260511,DEF-THERM,test,1,True,True,False,rework
QEV-000001453,2026-05-11,2026-05-11T12:00:00,PLOT-00000754,FAC-MY,LINE-MY-01,PROD-S100,COMP-NET,SUP-B,CLOT-B-NET-20260511,DEF-FUNC,test,1,True,True,False,rework
QEV-000001454,2026-05-11,2026-05-11T12:00:00,PLOT-00000755,FAC-MY,LINE-MY-03,PROD-X200,COMP-MEM,SUP-D,CLOT-D-MEM-20260511,DEF-MEM,test,1,True,False,False,fail
QEV-000001455,2026-05-12,2026-05-12T12:00:00,PLOT-00000756,FAC-TW,LINE-TW-01,PROD-X100,COMP-STOR,SUP-G,CLOT-G-TOR-20260512,DEF-FUNC,test,1,True,False,False,fail
QEV-000001456,2026-05-12,2026-05-12T12:00:00,PLOT-00000758,FAC-MX,LINE-MX-01,PROD-S100,COMP-PWR,SUP-D,CLOT-D-PWR-20260512,DEF-CONN,in_process,1,True,True,False,rework
QEV-000001457,2026-05-12,2026-05-12T12:00:00,PLOT-00000759,FAC-MX,LINE-MX-02,PROD-X100,COMP-COOL,SUP-D,CLOT-D-OOL-20260512,DEF-THERM,test,1,True,True,False,rework
QEV-000001458,2026-05-12,2026-05-12T12:00:00,PLOT-00000759,FAC-MX,LINE-MX-02,PROD-X100,COMP-MEM,SUP-D,CLOT-D-MEM-20260512,DEF-MEM,test,1,True,False,False,fail
QEV-000001459,2026-05-12,2026-05-12T12:00:00,PLOT-00000760,FAC-MY,LINE-MY-01,PROD-S100,COMP-COOL,SUP-B,CLOT-B-OOL-20260512,DEF-THERM,test,1,True,True,False,rework
QEV-000001460,2026-05-12,2026-05-12T12:00:00,PLOT-00000760,FAC-MY,LINE-MY-01,PROD-S100,COMP-MAIN,SUP-G,CLOT-G-AIN-20260512,DEF-FUNC,test,1,True,True,False,rework
QEV-000001461,2026-05-12,2026-05-12T12:00:00,PLOT-00000760,FAC-MY,LINE-MY-01,PROD-S100,COMP-PWR,SUP-A,CLOT-A-PWR-20260512,DEF-VOLT,test,1,True,True,False,rework
QEV-000001462,2026-05-12,2026-05-12T12:00:00,PLOT-00000760,FAC-MY,LINE-MY-01,PROD-S100,COMP-STOR,SUP-H,CLOT-H-TOR-20260512,DEF-CONN,in_process,1,True,False,True,scrap
QEV-000001463,2026-05-12,2026-05-12T12:00:00,PLOT-00000761,FAC-MY,LINE-MY-03,PROD-N100,COMP-COOL,SUP-D,CLOT-D-OOL-20260512,DEF-FUNC,test,1,True,True,False,rework
QEV-000001464,2026-05-12,2026-05-12T12:00:00,PLOT-00000761,FAC-MY,LINE-MY-03,PROD-N100,COMP-MEM,SUP-E,CLOT-E-MEM-20260512,DEF-FUNC,test,1,True,True,False,rework
QEV-000001465,2026-05-12,2026-05-12T12:00:00,PLOT-00000761,FAC-MY,LINE-MY-03,PROD-N100,COMP-MEM,SUP-F,CLOT-F-MEM-20260512,DEF-MEM,test,1,True,True,False,rework
QEV-000001466,2026-05-13,2026-05-13T12:00:00,PLOT-00000762,FAC-TW,LINE-TW-01,PROD-X200,COMP-MEM,SUP-C,CLOT-BAD-001,DEF-MEM,test,2,True,False,False,fail
QEV-000001467,2026-05-13,2026-05-13T12:00:00,PLOT-00000762,FAC-TW,LINE-TW-01,PROD-X200,COMP-MEM,SUP-C,CLOT-BAD-001,DEF-MEM,test,2,True,False,True,scrap
QEV-000001468,2026-05-13,2026-05-13T12:00:00,PLOT-00000762,FAC-TW,LINE-TW-01,PROD-X200,COMP-MEM,SUP-C,CLOT-BAD-001,DEF-MEM,test,10,True,True,False,rework
QEV-000001469,2026-05-13,2026-05-13T12:00:00,PLOT-00000763,FAC-TW,LINE-TW-02,PROD-S100,COMP-MAIN,SUP-C,CLOT-C-AIN-20260513,DEF-FUNC,test,1,True,False,False,fail
QEV-000001470,2026-05-13,2026-05-13T12:00:00,PLOT-00000764,FAC-MX,LINE-MX-01,PROD-N100,COMP-COOL,SUP-H,CLOT-H-OOL-20260513,DEF-THERM,test,1,True,True,False,rework
QEV-000001471,2026-05-13,2026-05-13T12:00:00,PLOT-00000764,FAC-MX,LINE-MX-01,PROD-N100,COMP-MAIN,SUP-D,CLOT-D-AIN-20260513,DEF-FUNC,test,1,True,True,False,rework
QEV-000001472,2026-05-13,2026-05-13T12:00:00,PLOT-00000764,FAC-MX,LINE-MX-01,PROD-N100,COMP-NET,SUP-F,CLOT-F-NET-20260513,DEF-FUNC,test,1,True,True,False,rework
QEV-000001473,2026-05-13,2026-05-13T12:00:00,PLOT-00000764,FAC-MX,LINE-MX-01,PROD-N100,COMP-NET,SUP-H,CLOT-H-NET-20260513,DEF-FUNC,test,1,True,False,True,scrap
QEV-000001474,2026-05-13,2026-05-13T12:00:00,PLOT-00000764,FAC-MX,LINE-MX-01,PROD-N100,COMP-STOR,SUP-H,CLOT-H-TOR-20260513,DEF-FUNC,test,1,True,False,True,scrap
QEV-000001475,2026-05-13,2026-05-13T12:00:00,PLOT-00000765,FAC-MX,LINE-MX-02,PROD-N100,COMP-COOL,SUP-F,CLOT-F-OOL-20260513,DEF-THERM,test,1,True,True,False,rework
QEV-000001476,2026-05-13,2026-05-13T12:00:00,PLOT-00000765,FAC-MX,LINE-MX-02,PROD-N100,COMP-MEM,SUP-B,CLOT-B-MEM-20260513,DEF-MEM,test,1,True,True,False,rework
QEV-000001477,2026-05-13,2026-05-13T12:00:00,PLOT-00000765,FAC-MX,LINE-MX-02,PROD-N100,COMP-MEM,SUP-C,CLOT-C-MEM-20260513,DEF-MEM,test,1,True,True,False,rework
QEV-000001478,2026-05-13,2026-05-13T12:00:00,PLOT-00000765,FAC-MX,LINE-MX-02,PROD-N100,COMP-MEM,SUP-F,CLOT-F-MEM-20260513,DEF-MEM,test,1,True,False,True,scrap
QEV-000001479,2026-05-13,2026-05-13T12:00:00,PLOT-00000766,FAC-MY,LINE-MY-01,PROD-N100,COMP-COOL,SUP-D,CLOT-D-OOL-20260513,DEF-THERM,test,1,True,True,False,rework
QEV-000001480,2026-05-13,2026-05-13T12:00:00,PLOT-00000766,FAC-MY,LINE-MY-01,PROD-N100,COMP-COOL,SUP-H,CLOT-H-OOL-20260513,DEF-THERM,test,1,True,True,False,rework
QEV-000001481,2026-05-13,2026-05-13T12:00:00,PLOT-00000766,FAC-MY,LINE-MY-01,PROD-N100,COMP-NET,SUP-A,CLOT-A-NET-20260513,DEF-FUNC,test,1,True,True,False,rework
QEV-000001482,2026-05-13,2026-05-13T12:00:00,PLOT-00000767,FAC-MY,LINE-MY-03,PROD-C100,COMP-MAIN,SUP-C,CLOT-C-AIN-20260513,DEF-FUNC,test,1,True,True,False,rework
QEV-000001483,2026-05-13,2026-05-13T12:00:00,PLOT-00000767,FAC-MY,LINE-MY-03,PROD-C100,COMP-MAIN,SUP-D,CLOT-D-AIN-20260513,DEF-ASSY,in_process,1,True,True,False,rework
QEV-000001484,2026-05-13,2026-05-13T12:00:00,PLOT-00000767,FAC-MY,LINE-MY-03,PROD-C100,COMP-MEM,SUP-D,CLOT-D-MEM-20260513,DEF-MEM,test,1,True,True,False,rework
QEV-000001485,2026-05-14,2026-05-14T12:00:00,PLOT-00000768,FAC-TW,LINE-TW-01,PROD-C100,COMP-MAIN,SUP-A,CLOT-A-AIN-20260514,DEF-FUNC,test,1,True,False,False,fail
QEV-000001486,2026-05-14,2026-05-14T12:00:00,PLOT-00000768,FAC-TW,LINE-TW-01,PROD-C100,COMP-PWR,SUP-D,CLOT-D-PWR-20260514,DEF-VOLT,test,1,True,True,False,rework
QEV-000001487,2026-05-14,2026-05-14T12:00:00,PLOT-00000770,FAC-MX,LINE-MX-01,PROD-X100,COMP-MEM,SUP-G,CLOT-G-MEM-20260514,DEF-FUNC,test,1,True,True,False,rework
QEV-000001488,2026-05-14,2026-05-14T12:00:00,PLOT-00000770,FAC-MX,LINE-MX-01,PROD-X100,COMP-PWR,SUP-G,CLOT-G-PWR-20260514,DEF-FUNC,test,1,True,False,False,fail
QEV-000001489,2026-05-14,2026-05-14T12:00:00,PLOT-00000771,FAC-MX,LINE-MX-02,PROD-X100,COMP-NET,SUP-A,CLOT-A-NET-20260514,DEF-FUNC,test,1,True,False,True,scrap
QEV-000001490,2026-05-14,2026-05-14T12:00:00,PLOT-00000771,FAC-MX,LINE-MX-02,PROD-X100,COMP-NET,SUP-G,CLOT-G-NET-20260514,DEF-ASSY,in_process,1,True,False,False,fail
QEV-000001491,2026-05-14,2026-05-14T12:00:00,PLOT-00000771,FAC-MX,LINE-MX-02,PROD-X100,COMP-PWR,SUP-C,CLOT-C-PWR-20260514,DEF-FUNC,test,1,True,False,False,fail
QEV-000001492,2026-05-14,2026-05-14T12:00:00,PLOT-00000771,FAC-MX,LINE-MX-02,PROD-X100,COMP-STOR,SUP-B,CLOT-B-TOR-20260514,DEF-FUNC,test,1,True,False,False,fail
QEV-000001493,2026-05-14,2026-05-14T12:00:00,PLOT-00000772,FAC-MY,LINE-MY-01,PROD-X100,COMP-COOL,SUP-A,CLOT-A-OOL-20260514,DEF-THERM,test,1,True,False,True,scrap
QEV-000001494,2026-05-14,2026-05-14T12:00:00,PLOT-00000772,FAC-MY,LINE-MY-01,PROD-X100,COMP-MEM,SUP-E,CLOT-E-MEM-20260514,DEF-FUNC,test,1,True,False,True,scrap
QEV-000001495,2026-05-14,2026-05-14T12:00:00,PLOT-00000772,FAC-MY,LINE-MY-01,PROD-X100,COMP-STOR,SUP-E,CLOT-E-TOR-20260514,DEF-FUNC,test,1,True,False,True,scrap
QEV-000001496,2026-05-14,2026-05-14T12:00:00,PLOT-00000773,FAC-MY,LINE-MY-03,PROD-X100,COMP-COOL,SUP-E,CLOT-E-OOL-20260514,DEF-ASSY,in_process,1,True,False,True,scrap
QEV-000001497,2026-05-14,2026-05-14T12:00:00,PLOT-00000773,FAC-MY,LINE-MY-03,PROD-X100,COMP-STOR,SUP-C,CLOT-C-TOR-20260514,DEF-CONN,in_process,1,True,False,False,fail
QEV-000001498,2026-05-15,2026-05-15T12:00:00,PLOT-00000776,FAC-MX,LINE-MX-01,PROD-X100,COMP-STOR,SUP-D,CLOT-D-TOR-20260515,DEF-FUNC,test,1,True,False,False,fail
QEV-000001499,2026-05-15,2026-05-15T12:00:00,PLOT-00000777,FAC-MX,LINE-MX-02,PROD-X100,COMP-COOL,SUP-D,CLOT-D-OOL-20260515,DEF-THERM,test,1,True,False,False,fail
QEV-000001500,2026-05-15,2026-05-15T12:00:00,PLOT-00000778,FAC-MY,LINE-MY-01,PROD-S100,COMP-MAIN,SUP-G,CLOT-G-AIN-20260515,DEF-FUNC,test,1,True,True,False,rework
QEV-000001501,2026-05-15,2026-05-15T12:00:00,PLOT-00000778,FAC-MY,LINE-MY-01,PROD-S100,COMP-MEM,SUP-C,CLOT-C-MEM-20260515,DEF-MEM,test,1,True,False,False,fail
QEV-000001502,2026-05-16,2026-05-16T12:00:00,PLOT-00000782,FAC-MX,LINE-MX-01,PROD-X100,COMP-MAIN,SUP-C,CLOT-C-AIN-20260516,DEF-FUNC,test,1,True,False,False,fail
QEV-000001503,2026-05-16,2026-05-16T12:00:00,PLOT-00000782,FAC-MX,LINE-MX-01,PROD-X100,COMP-PWR,SUP-A,CLOT-A-PWR-20260516,DEF-VOLT,test,1,True,True,False,rework
QEV-000001504,2026-05-16,2026-05-16T12:00:00,PLOT-00000783,FAC-MX,LINE-MX-02,PROD-S100,COMP-PWR,SUP-D,CLOT-D-PWR-20260516,DEF-VOLT,test,1,True,False,False,fail
QEV-000001505,2026-05-16,2026-05-16T12:00:00,PLOT-00000784,FAC-MY,LINE-MY-01,PROD-N100,COMP-MEM,SUP-G,CLOT-G-MEM-20260516,DEF-MEM,test,1,True,True,False,rework
QEV-000001506,2026-05-16,2026-05-16T12:00:00,PLOT-00000785,FAC-MY,LINE-MY-03,PROD-N100,COMP-COOL,SUP-D,CLOT-D-OOL-20260516,DEF-THERM,test,1,True,True,False,rework
QEV-000001507,2026-05-16,2026-05-16T12:00:00,PLOT-00000785,FAC-MY,LINE-MY-03,PROD-N100,COMP-MAIN,SUP-C,CLOT-C-AIN-20260516,DEF-VOLT,test,1,True,False,False,fail
QEV-000001508,2026-05-16,2026-05-16T12:00:00,PLOT-00000785,FAC-MY,LINE-MY-03,PROD-N100,COMP-MEM,SUP-F,CLOT-F-MEM-20260516,DEF-MEM,test,1,True,True,False,rework
QEV-000001509,2026-05-16,2026-05-16T12:00:00,PLOT-00000785,FAC-MY,LINE-MY-03,PROD-N100,COMP-PWR,SUP-C,CLOT-C-PWR-20260516,DEF-CONN,in_process,1,True,True,False,rework
QEV-000001510,2026-05-16,2026-05-16T12:00:00,PLOT-00000785,FAC-MY,LINE-MY-03,PROD-N100,COMP-PWR,SUP-E,CLOT-E-PWR-20260516,DEF-VOLT,test,1,True,True,False,rework
QEV-000001511,2026-05-17,2026-05-17T12:00:00,PLOT-00000786,FAC-TW,LINE-TW-01,PROD-X200,COMP-NET,SUP-G,CLOT-G-NET-20260517,DEF-FUNC,test,1,True,False,False,fail
QEV-000001512,2026-05-17,2026-05-17T12:00:00,PLOT-00000788,FAC-MX,LINE-MX-01,PROD-X100,COMP-MAIN,SUP-A,CLOT-A-AIN-20260517,DEF-VOLT,test,1,True,True,False,rework
QEV-000001513,2026-05-17,2026-05-17T12:00:00,PLOT-00000789,FAC-MX,LINE-MX-02,PROD-X200,COMP-NET,SUP-A,CLOT-A-NET-20260517,DEF-CONN,in_process,1,True,False,False,fail
QEV-000001514,2026-05-17,2026-05-17T12:00:00,PLOT-00000789,FAC-MX,LINE-MX-02,PROD-X200,COMP-STOR,SUP-B,CLOT-B-TOR-20260517,DEF-FUNC,test,1,True,False,False,fail
QEV-000001515,2026-05-17,2026-05-17T12:00:00,PLOT-00000790,FAC-MY,LINE-MY-01,PROD-C100,COMP-NET,SUP-B,CLOT-B-NET-20260517,DEF-CONN,in_process,1,True,True,False,rework
QEV-000001516,2026-05-17,2026-05-17T12:00:00,PLOT-00000791,FAC-MY,LINE-MY-03,PROD-N100,COMP-MAIN,SUP-E,CLOT-E-AIN-20260517,DEF-FUNC,test,1,True,False,False,fail
QEV-000001517,2026-05-17,2026-05-17T12:00:00,PLOT-00000791,FAC-MY,LINE-MY-03,PROD-N100,COMP-MAIN,SUP-H,CLOT-H-AIN-20260517,DEF-ASSY,in_process,1,True,True,False,rework
QEV-000001518,2026-05-17,2026-05-17T12:00:00,PLOT-00000791,FAC-MY,LINE-MY-03,PROD-N100,COMP-PWR,SUP-A,CLOT-A-PWR-20260517,DEF-VOLT,test,1,True,False,True,scrap
QEV-000001519,2026-05-17,2026-05-17T12:00:00,PLOT-00000791,FAC-MY,LINE-MY-03,PROD-N100,COMP-STOR,SUP-D,CLOT-D-TOR-20260517,DEF-CONN,in_process,1,True,False,False,fail
QEV-000001520,2026-05-18,2026-05-18T12:00:00,PLOT-00000793,FAC-TW,LINE-TW-02,PROD-X100,COMP-MEM,SUP-C,CLOT-C-MEM-20260518,DEF-MEM,test,1,True,True,False,rework
QEV-000001521,2026-05-18,2026-05-18T12:00:00,PLOT-00000794,FAC-MX,LINE-MX-01,PROD-N100,COMP-STOR,SUP-C,CLOT-C-TOR-20260518,DEF-CONN,in_process,1,True,True,False,rework
QEV-000001522,2026-05-18,2026-05-18T12:00:00,PLOT-00000795,FAC-MX,LINE-MX-02,PROD-X100,COMP-MAIN,SUP-A,CLOT-A-AIN-20260518,DEF-VOLT,test,1,True,False,False,fail
QEV-000001523,2026-05-18,2026-05-18T12:00:00,PLOT-00000796,FAC-MY,LINE-MY-01,PROD-N100,COMP-MEM,SUP-G,CLOT-G-MEM-20260518,DEF-MEM,test,1,True,True,False,rework
QEV-000001524,2026-05-18,2026-05-18T12:00:00,PLOT-00000797,FAC-MY,LINE-MY-03,PROD-N100,COMP-COOL,SUP-A,CLOT-A-OOL-20260518,DEF-THERM,test,1,True,True,False,rework
QEV-000001525,2026-05-18,2026-05-18T12:00:00,PLOT-00000797,FAC-MY,LINE-MY-03,PROD-N100,COMP-PWR,SUP-D,CLOT-D-PWR-20260518,DEF-CONN,in_process,1,True,False,False,fail
QEV-000001526,2026-05-19,2026-05-19T12:00:00,PLOT-00000798,FAC-TW,LINE-TW-01,PROD-X100,COMP-NET,SUP-B,CLOT-B-NET-20260519,DEF-ASSY,in_process,1,True,True,False,rework
QEV-000001527,2026-05-19,2026-05-19T12:00:00,PLOT-00000798,FAC-TW,LINE-TW-01,PROD-X100,COMP-STOR,SUP-C,CLOT-C-TOR-20260519,DEF-FUNC,test,1,True,True,False,rework
QEV-000001528,2026-05-19,2026-05-19T12:00:00,PLOT-00000800,FAC-MX,LINE-MX-01,PROD-X200,COMP-MAIN,SUP-C,CLOT-C-AIN-20260519,DEF-VOLT,test,1,True,False,False,fail
QEV-000001529,2026-05-19,2026-05-19T12:00:00,PLOT-00000801,FAC-MX,LINE-MX-02,PROD-X200,COMP-COOL,SUP-B,CLOT-B-OOL-20260519,DEF-THERM,test,1,True,True,False,rework
QEV-000001530,2026-05-19,2026-05-19T12:00:00,PLOT-00000801,FAC-MX,LINE-MX-02,PROD-X200,COMP-MAIN,SUP-A,CLOT-A-AIN-20260519,DEF-ASSY,in_process,1,True,True,False,rework
QEV-000001531,2026-05-19,2026-05-19T12:00:00,PLOT-00000801,FAC-MX,LINE-MX-02,PROD-X200,COMP-MAIN,SUP-B,CLOT-B-AIN-20260519,DEF-ASSY,in_process,1,True,False,False,fail
QEV-000001532,2026-05-19,2026-05-19T12:00:00,PLOT-00000801,FAC-MX,LINE-MX-02,PROD-X200,COMP-MEM,SUP-A,CLOT-A-MEM-20260519,DEF-MEM,test,1,True,True,False,rework
QEV-000001533,2026-05-19,2026-05-19T12:00:00,PLOT-00000801,FAC-MX,LINE-MX-02,PROD-X200,COMP-MEM,SUP-F,CLOT-F-MEM-20260519,DEF-CONN,in_process,1,True,True,False,rework
QEV-000001534,2026-05-19,2026-05-19T12:00:00,PLOT-00000801,FAC-MX,LINE-MX-02,PROD-X200,COMP-PWR,SUP-A,CLOT-A-PWR-20260519,DEF-CONN,in_process,1,True,False,True,scrap
QEV-000001535,2026-05-19,2026-05-19T12:00:00,PLOT-00000802,FAC-MY,LINE-MY-01,PROD-N100,COMP-COOL,SUP-F,CLOT-F-OOL-20260519,DEF-THERM,test,1,True,False,False,fail
QEV-000001536,2026-05-19,2026-05-19T12:00:00,PLOT-00000802,FAC-MY,LINE-MY-01,PROD-N100,COMP-MAIN,SUP-G,CLOT-G-AIN-20260519,DEF-FUNC,test,1,True,True,False,rework
QEV-000001537,2026-05-19,2026-05-19T12:00:00,PLOT-00000803,FAC-MY,LINE-MY-03,PROD-C100,COMP-MAIN,SUP-A,CLOT-A-AIN-20260519,DEF-ASSY,in_process,1,True,True,False,rework
QEV-000001538,2026-05-19,2026-05-19T12:00:00,PLOT-00000803,FAC-MY,LINE-MY-03,PROD-C100,COMP-MEM,SUP-D,CLOT-D-MEM-20260519,DEF-FUNC,test,1,True,True,False,rework
QEV-000001539,2026-05-19,2026-05-19T12:00:00,PLOT-00000803,FAC-MY,LINE-MY-03,PROD-C100,COMP-PWR,SUP-A,CLOT-A-PWR-20260519,DEF-VOLT,test,1,True,False,False,fail
QEV-000001540,2026-05-20,2026-05-20T12:00:00,PLOT-00000804,FAC-TW,LINE-TW-01,PROD-X100,COMP-NET,SUP-F,CLOT-F-NET-20260520,DEF-FUNC,test,1,True,True,False,rework
QEV-000001541,2026-05-20,2026-05-20T12:00:00,PLOT-00000806,FAC-MX,LINE-MX-01,PROD-X200,COMP-PWR,SUP-B,CLOT-B-PWR-20260520,DEF-VOLT,test,1,True,True,False,rework
QEV-000001542,2026-05-20,2026-05-20T12:00:00,PLOT-00000807,FAC-MX,LINE-MX-02,PROD-N100,COMP-MAIN,SUP-A,CLOT-A-AIN-20260520,DEF-ASSY,in_process,1,True,True,False,rework
QEV-000001543,2026-05-20,2026-05-20T12:00:00,PLOT-00000807,FAC-MX,LINE-MX-02,PROD-N100,COMP-MAIN,SUP-B,CLOT-B-AIN-20260520,DEF-FUNC,test,1,True,False,False,fail
QEV-000001544,2026-05-20,2026-05-20T12:00:00,PLOT-00000808,FAC-MY,LINE-MY-01,PROD-N100,COMP-MEM,SUP-A,CLOT-A-MEM-20260520,DEF-MEM,test,1,True,True,False,rework
QEV-000001545,2026-05-20,2026-05-20T12:00:00,PLOT-00000809,FAC-MY,LINE-MY-03,PROD-X200,COMP-MAIN,SUP-C,CLOT-C-AIN-20260520,DEF-VOLT,test,1,True,False,False,fail
QEV-000001546,2026-05-21,2026-05-21T12:00:00,PLOT-00000811,FAC-TW,LINE-TW-02,PROD-X100,COMP-MAIN,SUP-B,CLOT-B-AIN-20260521,DEF-ASSY,in_process,1,True,False,False,fail
QEV-000001547,2026-05-21,2026-05-21T12:00:00,PLOT-00000811,FAC-TW,LINE-TW-02,PROD-X100,COMP-MEM,SUP-B,CLOT-B-MEM-20260521,DEF-MEM,test,1,True,True,False,rework
QEV-000001548,2026-05-21,2026-05-21T12:00:00,PLOT-00000812,FAC-MX,LINE-MX-01,PROD-X100,COMP-COOL,SUP-H,CLOT-H-OOL-20260521,DEF-ASSY,in_process,1,True,True,False,rework
QEV-000001549,2026-05-21,2026-05-21T12:00:00,PLOT-00000812,FAC-MX,LINE-MX-01,PROD-X100,COMP-NET,SUP-B,CLOT-B-NET-20260521,DEF-CONN,in_process,1,True,False,True,scrap
QEV-000001550,2026-05-21,2026-05-21T12:00:00,PLOT-00000812,FAC-MX,LINE-MX-01,PROD-X100,COMP-NET,SUP-B,CLOT-B-NET-20260521,DEF-CONN,in_process,1,True,True,False,rework
QEV-000001551,2026-05-21,2026-05-21T12:00:00,PLOT-00000813,FAC-MX,LINE-MX-02,PROD-C100,COMP-STOR,SUP-G,CLOT-G-TOR-20260521,DEF-FUNC,test,1,True,True,False,rework
QEV-000001552,2026-05-21,2026-05-21T12:00:00,PLOT-00000814,FAC-MY,LINE-MY-01,PROD-X100,COMP-MEM,SUP-G,CLOT-G-MEM-20260521,DEF-MEM,test,1,True,False,True,scrap
QEV-000001553,2026-05-21,2026-05-21T12:00:00,PLOT-00000815,FAC-MY,LINE-MY-03,PROD-C100,COMP-MAIN,SUP-B,CLOT-B-AIN-20260521,DEF-ASSY,in_process,1,True,False,True,scrap
QEV-000001554,2026-05-21,2026-05-21T12:00:00,PLOT-00000815,FAC-MY,LINE-MY-03,PROD-C100,COMP-MEM,SUP-C,CLOT-C-MEM-20260521,DEF-MEM,test,1,True,True,False,rework
QEV-000001555,2026-05-21,2026-05-21T12:00:00,PLOT-00000815,FAC-MY,LINE-MY-03,PROD-C100,COMP-NET,SUP-E,CLOT-E-NET-20260521,DEF-FUNC,test,1,True,True,False,rework
QEV-000001556,2026-05-22,2026-05-22T12:00:00,PLOT-00000816,FAC-TW,LINE-TW-01,PROD-X100,COMP-PWR,SUP-B,CLOT-B-PWR-20260522,DEF-VOLT,test,1,True,False,True,scrap
QEV-000001557,2026-05-22,2026-05-22T12:00:00,PLOT-00000818,FAC-MX,LINE-MX-01,PROD-X200,COMP-PWR,SUP-C,CLOT-C-PWR-20260522,DEF-FUNC,test,1,True,True,False,rework
QEV-000001558,2026-05-22,2026-05-22T12:00:00,PLOT-00000819,FAC-MX,LINE-MX-02,PROD-X100,COMP-PWR,SUP-H,CLOT-H-PWR-20260522,DEF-VOLT,test,1,True,True,False,rework
QEV-000001559,2026-05-22,2026-05-22T12:00:00,PLOT-00000820,FAC-MY,LINE-MY-01,PROD-X100,COMP-COOL,SUP-C,CLOT-C-OOL-20260522,DEF-THERM,test,1,True,True,False,rework
QEV-000001560,2026-05-22,2026-05-22T12:00:00,PLOT-00000820,FAC-MY,LINE-MY-01,PROD-X100,COMP-MEM,SUP-C,CLOT-C-MEM-20260522,DEF-MEM,test,1,True,False,False,fail
QEV-000001561,2026-05-22,2026-05-22T12:00:00,PLOT-00000821,FAC-MY,LINE-MY-03,PROD-X100,COMP-MEM,SUP-D,CLOT-D-MEM-20260522,DEF-MEM,test,1,True,False,False,fail
QEV-000001562,2026-05-22,2026-05-22T12:00:00,PLOT-00000821,FAC-MY,LINE-MY-03,PROD-X100,COMP-NET,SUP-E,CLOT-E-NET-20260522,DEF-FUNC,test,1,True,False,False,fail
QEV-000001563,2026-05-22,2026-05-22T12:00:00,PLOT-00000821,FAC-MY,LINE-MY-03,PROD-X100,COMP-STOR,SUP-B,CLOT-B-TOR-20260522,DEF-ASSY,in_process,1,True,True,False,rework
QEV-000001564,2026-05-23,2026-05-23T12:00:00,PLOT-00000822,FAC-TW,LINE-TW-01,PROD-N100,COMP-MEM,SUP-E,CLOT-E-MEM-20260523,DEF-MEM,test,1,True,True,False,rework
QEV-000001565,2026-05-23,2026-05-23T12:00:00,PLOT-00000824,FAC-MX,LINE-MX-01,PROD-X100,COMP-MEM,SUP-A,CLOT-A-MEM-20260523,DEF-MEM,test,1,True,True,False,rework
QEV-000001566,2026-05-23,2026-05-23T12:00:00,PLOT-00000824,FAC-MX,LINE-MX-01,PROD-X100,COMP-STOR,SUP-A,CLOT-A-TOR-20260523,DEF-FUNC,test,1,True,False,False,fail
QEV-000001567,2026-05-23,2026-05-23T12:00:00,PLOT-00000825,FAC-MX,LINE-MX-02,PROD-X100,COMP-NET,SUP-H,CLOT-H-NET-20260523,DEF-CONN,in_process,1,True,True,False,rework
QEV-000001568,2026-05-23,2026-05-23T12:00:00,PLOT-00000825,FAC-MX,LINE-MX-02,PROD-X100,COMP-PWR,SUP-F,CLOT-F-PWR-20260523,DEF-VOLT,test,1,True,True,False,rework
QEV-000001569,2026-05-23,2026-05-23T12:00:00,PLOT-00000827,FAC-MY,LINE-MY-03,PROD-X200,COMP-MAIN,SUP-A,CLOT-A-AIN-20260523,DEF-ASSY,in_process,1,True,False,False,fail
QEV-000001570,2026-05-23,2026-05-23T12:00:00,PLOT-00000827,FAC-MY,LINE-MY-03,PROD-X200,COMP-PWR,SUP-E,CLOT-E-PWR-20260523,DEF-FUNC,test,1,True,True,False,rework
QEV-000001571,2026-05-24,2026-05-24T12:00:00,PLOT-00000828,FAC-TW,LINE-TW-01,PROD-N100,COMP-MEM,SUP-B,CLOT-B-MEM-20260524,DEF-MEM,test,1,True,False,False,fail
QEV-000001572,2026-05-24,2026-05-24T12:00:00,PLOT-00000828,FAC-TW,LINE-TW-01,PROD-N100,COMP-NET,SUP-C,CLOT-C-NET-20260524,DEF-FUNC,test,1,True,False,False,fail
QEV-000001573,2026-05-24,2026-05-24T12:00:00,PLOT-00000828,FAC-TW,LINE-TW-01,PROD-N100,COMP-PWR,SUP-B,CLOT-B-PWR-20260524,DEF-VOLT,test,1,True,False,True,scrap
QEV-000001574,2026-05-24,2026-05-24T12:00:00,PLOT-00000830,FAC-MX,LINE-MX-01,PROD-X100,COMP-MAIN,SUP-B,CLOT-B-AIN-20260524,DEF-VOLT,test,1,True,False,False,fail
QEV-000001575,2026-05-24,2026-05-24T12:00:00,PLOT-00000830,FAC-MX,LINE-MX-01,PROD-X100,COMP-MEM,SUP-H,CLOT-H-MEM-20260524,DEF-MEM,test,1,True,True,False,rework
QEV-000001576,2026-05-24,2026-05-24T12:00:00,PLOT-00000831,FAC-MX,LINE-MX-02,PROD-C100,COMP-PWR,SUP-B,CLOT-B-PWR-20260524,DEF-VOLT,test,1,True,True,False,rework
QEV-000001577,2026-05-24,2026-05-24T12:00:00,PLOT-00000832,FAC-MY,LINE-MY-01,PROD-X200,COMP-MEM,SUP-A,CLOT-A-MEM-20260524,DEF-MEM,test,2,True,False,False,fail
QEV-000001578,2026-05-24,2026-05-24T12:00:00,PLOT-00000832,FAC-MY,LINE-MY-01,PROD-X200,COMP-PWR,SUP-E,CLOT-E-PWR-20260524,DEF-VOLT,test,1,True,False,False,fail
QEV-000001579,2026-05-24,2026-05-24T12:00:00,PLOT-00000833,FAC-MY,LINE-MY-03,PROD-C100,COMP-MEM,SUP-F,CLOT-F-MEM-20260524,DEF-MEM,test,1,True,False,True,scrap
QEV-000001580,2026-05-24,2026-05-24T12:00:00,PLOT-00000833,FAC-MY,LINE-MY-03,PROD-C100,COMP-STOR,SUP-A,CLOT-A-TOR-20260524,DEF-FUNC,test,1,True,False,False,fail
QEV-000001581,2026-05-25,2026-05-25T12:00:00,PLOT-00000834,FAC-TW,LINE-TW-01,PROD-X200,COMP-MAIN,SUP-B,CLOT-B-AIN-20260525,DEF-FUNC,test,1,True,True,False,rework
QEV-000001582,2026-05-25,2026-05-25T12:00:00,PLOT-00000834,FAC-TW,LINE-TW-01,PROD-X200,COMP-STOR,SUP-B,CLOT-B-TOR-20260525,DEF-FUNC,test,1,True,False,True,scrap
QEV-000001583,2026-05-25,2026-05-25T12:00:00,PLOT-00000834,FAC-TW,LINE-TW-01,PROD-X200,COMP-STOR,SUP-D,CLOT-D-TOR-20260525,DEF-CONN,in_process,1,True,False,False,fail
QEV-000001584,2026-05-25,2026-05-25T12:00:00,PLOT-00000835,FAC-TW,LINE-TW-02,PROD-X100,COMP-MAIN,SUP-E,CLOT-E-AIN-20260525,DEF-FUNC,test,1,True,True,False,rework
QEV-000001585,2026-05-25,2026-05-25T12:00:00,PLOT-00000837,FAC-MX,LINE-MX-02,PROD-X100,COMP-PWR,SUP-D,CLOT-D-PWR-20260525,DEF-FUNC,test,1,True,False,False,fail
QEV-000001586,2026-05-25,2026-05-25T12:00:00,PLOT-00000838,FAC-MY,LINE-MY-01,PROD-C100,COMP-NET,SUP-D,CLOT-D-NET-20260525,DEF-CONN,in_process,1,True,True,False,rework
QEV-000001587,2026-05-25,2026-05-25T12:00:00,PLOT-00000839,FAC-MY,LINE-MY-03,PROD-X100,COMP-NET,SUP-C,CLOT-C-NET-20260525,DEF-CONN,in_process,1,True,True,False,rework
QEV-000001588,2026-05-25,2026-05-25T12:00:00,PLOT-00000839,FAC-MY,LINE-MY-03,PROD-X100,COMP-PWR,SUP-A,CLOT-A-PWR-20260525,DEF-FUNC,test,1,True,False,False,fail
QEV-000001589,2026-05-26,2026-05-26T12:00:00,PLOT-00000840,FAC-TW,LINE-TW-01,PROD-C100,COMP-COOL,SUP-C,CLOT-C-OOL-20260526,DEF-THERM,test,1,True,True,False,rework
QEV-000001590,2026-05-26,2026-05-26T12:00:00,PLOT-00000840,FAC-TW,LINE-TW-01,PROD-C100,COMP-PWR,SUP-C,CLOT-C-PWR-20260526,DEF-CONN,in_process,1,True,True,False,rework
QEV-000001591,2026-05-26,2026-05-26T12:00:00,PLOT-00000841,FAC-TW,LINE-TW-02,PROD-X200,COMP-MAIN,SUP-F,CLOT-F-AIN-20260526,DEF-ASSY,in_process,1,True,True,False,rework
QEV-000001592,2026-05-26,2026-05-26T12:00:00,PLOT-00000841,FAC-TW,LINE-TW-02,PROD-X200,COMP-STOR,SUP-H,CLOT-H-TOR-20260526,DEF-FUNC,test,1,True,False,False,fail
QEV-000001593,2026-05-26,2026-05-26T12:00:00,PLOT-00000842,FAC-MX,LINE-MX-01,PROD-X100,COMP-MAIN,SUP-A,CLOT-A-AIN-20260526,DEF-ASSY,in_process,1,True,False,True,scrap
QEV-000001594,2026-05-26,2026-05-26T12:00:00,PLOT-00000842,FAC-MX,LINE-MX-01,PROD-X100,COMP-MAIN,SUP-C,CLOT-C-AIN-20260526,DEF-VOLT,test,1,True,True,False,rework
QEV-000001595,2026-05-26,2026-05-26T12:00:00,PLOT-00000842,FAC-MX,LINE-MX-01,PROD-X100,COMP-PWR,SUP-F,CLOT-F-PWR-20260526,DEF-CONN,in_process,1,True,True,False,rework
QEV-000001596,2026-05-26,2026-05-26T12:00:00,PLOT-00000842,FAC-MX,LINE-MX-01,PROD-X100,COMP-PWR,SUP-G,CLOT-G-PWR-20260526,DEF-VOLT,test,1,True,True,False,rework
QEV-000001597,2026-05-26,2026-05-26T12:00:00,PLOT-00000843,FAC-MX,LINE-MX-02,PROD-X100,COMP-PWR,SUP-G,CLOT-G-PWR-20260526,DEF-CONN,in_process,1,True,True,False,rework
QEV-000001598,2026-05-26,2026-05-26T12:00:00,PLOT-00000844,FAC-MY,LINE-MY-01,PROD-N100,COMP-PWR,SUP-E,CLOT-E-PWR-20260526,DEF-VOLT,test,1,True,True,False,rework
QEV-000001599,2026-05-26,2026-05-26T12:00:00,PLOT-00000844,FAC-MY,LINE-MY-01,PROD-N100,COMP-PWR,SUP-H,CLOT-H-PWR-20260526,DEF-VOLT,test,1,True,True,False,rework
QEV-000001600,2026-05-26,2026-05-26T12:00:00,PLOT-00000845,FAC-MY,LINE-MY-03,PROD-N100,COMP-COOL,SUP-B,CLOT-B-OOL-20260526,DEF-THERM,test,1,True,False,False,fail
QEV-000001601,2026-05-26,2026-05-26T12:00:00,PLOT-00000845,FAC-MY,LINE-MY-03,PROD-N100,COMP-MEM,SUP-C,CLOT-C-MEM-20260526,DEF-MEM,test,1,True,False,False,fail
QEV-000001602,2026-05-26,2026-05-26T12:00:00,PLOT-00000845,FAC-MY,LINE-MY-03,PROD-N100,COMP-STOR,SUP-H,CLOT-H-TOR-20260526,DEF-FUNC,test,1,True,False,True,scrap
QEV-000001603,2026-05-27,2026-05-27T12:00:00,PLOT-00000849,FAC-MX,LINE-MX-02,PROD-N100,COMP-NET,SUP-B,CLOT-B-NET-20260527,DEF-FUNC,test,1,True,False,True,scrap
QEV-000001604,2026-05-27,2026-05-27T12:00:00,PLOT-00000849,FAC-MX,LINE-MX-02,PROD-N100,COMP-STOR,SUP-D,CLOT-D-TOR-20260527,DEF-CONN,in_process,1,True,True,False,rework
QEV-000001605,2026-05-27,2026-05-27T12:00:00,PLOT-00000851,FAC-MY,LINE-MY-03,PROD-S100,COMP-MAIN,SUP-C,CLOT-C-AIN-20260527,DEF-FUNC,test,1,True,True,False,rework
QEV-000001606,2026-05-28,2026-05-28T12:00:00,PLOT-00000852,FAC-TW,LINE-TW-01,PROD-X100,COMP-MEM,SUP-C,CLOT-C-MEM-20260528,DEF-MEM,test,1,True,True,False,rework
QEV-000001607,2026-05-28,2026-05-28T12:00:00,PLOT-00000853,FAC-TW,LINE-TW-02,PROD-X100,COMP-MEM,SUP-E,CLOT-E-MEM-20260528,DEF-MEM,test,1,True,True,False,rework
QEV-000001608,2026-05-28,2026-05-28T12:00:00,PLOT-00000853,FAC-TW,LINE-TW-02,PROD-X100,COMP-NET,SUP-H,CLOT-H-NET-20260528,DEF-ASSY,in_process,1,True,False,False,fail
QEV-000001609,2026-05-28,2026-05-28T12:00:00,PLOT-00000853,FAC-TW,LINE-TW-02,PROD-X100,COMP-PWR,SUP-C,CLOT-C-PWR-20260528,DEF-VOLT,test,1,True,True,False,rework
QEV-000001610,2026-05-28,2026-05-28T12:00:00,PLOT-00000853,FAC-TW,LINE-TW-02,PROD-X100,COMP-PWR,SUP-G,CLOT-G-PWR-20260528,DEF-FUNC,test,1,True,True,False,rework
QEV-000001611,2026-05-28,2026-05-28T12:00:00,PLOT-00000855,FAC-MX,LINE-MX-02,PROD-S100,COMP-MAIN,SUP-F,CLOT-F-AIN-20260528,DEF-ASSY,in_process,1,True,True,False,rework
QEV-000001612,2026-05-28,2026-05-28T12:00:00,PLOT-00000855,FAC-MX,LINE-MX-02,PROD-S100,COMP-PWR,SUP-B,CLOT-B-PWR-20260528,DEF-VOLT,test,1,True,False,False,fail
QEV-000001613,2026-05-28,2026-05-28T12:00:00,PLOT-00000856,FAC-MY,LINE-MY-01,PROD-N100,COMP-MEM,SUP-C,CLOT-C-MEM-20260528,DEF-MEM,test,1,True,False,False,fail
QEV-000001614,2026-05-28,2026-05-28T12:00:00,PLOT-00000856,FAC-MY,LINE-MY-01,PROD-N100,COMP-PWR,SUP-E,CLOT-E-PWR-20260528,DEF-FUNC,test,1,True,True,False,rework
QEV-000001615,2026-05-28,2026-05-28T12:00:00,PLOT-00000857,FAC-MY,LINE-MY-03,PROD-S100,COMP-MAIN,SUP-D,CLOT-D-AIN-20260528,DEF-ASSY,in_process,1,True,True,False,rework
QEV-000001616,2026-05-29,2026-05-29T12:00:00,PLOT-00000858,FAC-TW,LINE-TW-01,PROD-X200,COMP-COOL,SUP-E,CLOT-E-OOL-20260529,DEF-THERM,test,1,True,True,False,rework
QEV-000001617,2026-05-29,2026-05-29T12:00:00,PLOT-00000859,FAC-TW,LINE-TW-02,PROD-C100,COMP-MEM,SUP-B,CLOT-B-MEM-20260529,DEF-FUNC,test,1,True,False,False,fail
QEV-000001618,2026-05-29,2026-05-29T12:00:00,PLOT-00000859,FAC-TW,LINE-TW-02,PROD-C100,COMP-NET,SUP-D,CLOT-D-NET-20260529,DEF-FUNC,test,1,True,True,False,rework
QEV-000001619,2026-05-29,2026-05-29T12:00:00,PLOT-00000860,FAC-MX,LINE-MX-01,PROD-X100,COMP-PWR,SUP-C,CLOT-C-PWR-20260529,DEF-VOLT,test,1,True,True,False,rework
QEV-000001620,2026-05-29,2026-05-29T12:00:00,PLOT-00000861,FAC-MX,LINE-MX-02,PROD-X200,COMP-COOL,SUP-G,CLOT-G-OOL-20260529,DEF-FUNC,test,1,True,True,False,rework
QEV-000001621,2026-05-29,2026-05-29T12:00:00,PLOT-00000861,FAC-MX,LINE-MX-02,PROD-X200,COMP-NET,SUP-D,CLOT-D-NET-20260529,DEF-FUNC,test,1,True,True,False,rework
QEV-000001622,2026-05-29,2026-05-29T12:00:00,PLOT-00000861,FAC-MX,LINE-MX-02,PROD-X200,COMP-PWR,SUP-E,CLOT-E-PWR-20260529,DEF-VOLT,test,1,True,False,False,fail
QEV-000001623,2026-05-30,2026-05-30T12:00:00,PLOT-00000864,FAC-TW,LINE-TW-01,PROD-X200,COMP-NET,SUP-C,CLOT-C-NET-20260530,DEF-FUNC,test,1,True,False,True,scrap
QEV-000001624,2026-05-30,2026-05-30T12:00:00,PLOT-00000865,FAC-TW,LINE-TW-02,PROD-X100,COMP-MAIN,SUP-D,CLOT-D-AIN-20260530,DEF-ASSY,in_process,1,True,True,False,rework
QEV-000001625,2026-05-30,2026-05-30T12:00:00,PLOT-00000865,FAC-TW,LINE-TW-02,PROD-X100,COMP-MEM,SUP-G,CLOT-G-MEM-20260530,DEF-CONN,in_process,1,True,True,False,rework
QEV-000001626,2026-05-30,2026-05-30T12:00:00,PLOT-00000865,FAC-TW,LINE-TW-02,PROD-X100,COMP-NET,SUP-D,CLOT-D-NET-20260530,DEF-FUNC,test,1,True,True,False,rework
QEV-000001627,2026-05-30,2026-05-30T12:00:00,PLOT-00000865,FAC-TW,LINE-TW-02,PROD-X100,COMP-PWR,SUP-D,CLOT-D-PWR-20260530,DEF-VOLT,test,1,True,False,True,scrap
QEV-000001628,2026-05-30,2026-05-30T12:00:00,PLOT-00000866,FAC-MX,LINE-MX-01,PROD-C100,COMP-NET,SUP-H,CLOT-H-NET-20260530,DEF-ASSY,in_process,1,True,True,False,rework
QEV-000001629,2026-05-30,2026-05-30T12:00:00,PLOT-00000867,FAC-MX,LINE-MX-02,PROD-S100,COMP-COOL,SUP-A,CLOT-A-OOL-20260530,DEF-ASSY,in_process,1,True,True,False,rework
QEV-000001630,2026-05-30,2026-05-30T12:00:00,PLOT-00000867,FAC-MX,LINE-MX-02,PROD-S100,COMP-COOL,SUP-C,CLOT-C-OOL-20260530,DEF-THERM,test,1,True,True,False,rework
QEV-000001631,2026-05-30,2026-05-30T12:00:00,PLOT-00000867,FAC-MX,LINE-MX-02,PROD-S100,COMP-STOR,SUP-D,CLOT-D-TOR-20260530,DEF-FUNC,test,1,True,False,True,scrap
QEV-000001632,2026-05-30,2026-05-30T12:00:00,PLOT-00000869,FAC-MY,LINE-MY-03,PROD-X100,COMP-MEM,SUP-B,CLOT-B-MEM-20260530,DEF-CONN,in_process,1,True,True,False,rework
QEV-000001633,2026-05-31,2026-05-31T12:00:00,PLOT-00000870,FAC-TW,LINE-TW-01,PROD-N100,COMP-PWR,SUP-F,CLOT-F-PWR-20260531,DEF-FUNC,test,1,True,True,False,rework
QEV-000001634,2026-05-31,2026-05-31T12:00:00,PLOT-00000871,FAC-TW,LINE-TW-02,PROD-X100,COMP-PWR,SUP-A,CLOT-A-PWR-20260531,DEF-FUNC,test,1,True,False,False,fail
QEV-000001635,2026-05-31,2026-05-31T12:00:00,PLOT-00000872,FAC-MX,LINE-MX-01,PROD-S100,COMP-MAIN,SUP-B,CLOT-B-AIN-20260531,DEF-FUNC,test,1,True,False,True,scrap
QEV-000001636,2026-05-31,2026-05-31T12:00:00,PLOT-00000872,FAC-MX,LINE-MX-01,PROD-S100,COMP-MEM,SUP-B,CLOT-B-MEM-20260531,DEF-FUNC,test,1,True,True,False,rework
QEV-000001637,2026-05-31,2026-05-31T12:00:00,PLOT-00000873,FAC-MX,LINE-MX-02,PROD-X200,COMP-MAIN,SUP-C,CLOT-C-AIN-20260531,DEF-VOLT,test,1,True,True,False,rework
QEV-000001638,2026-05-31,2026-05-31T12:00:00,PLOT-00000873,FAC-MX,LINE-MX-02,PROD-X200,COMP-MEM,SUP-D,CLOT-D-MEM-20260531,DEF-MEM,test,1,True,False,False,fail
QEV-000001639,2026-05-31,2026-05-31T12:00:00,PLOT-00000873,FAC-MX,LINE-MX-02,PROD-X200,COMP-STOR,SUP-E,CLOT-E-TOR-20260531,DEF-FUNC,test,1,True,False,False,fail
QEV-000001640,2026-05-31,2026-05-31T12:00:00,PLOT-00000874,FAC-MY,LINE-MY-01,PROD-C100,COMP-MEM,SUP-F,CLOT-F-MEM-20260531,DEF-MEM,test,1,True,True,False,rework
QEV-000001641,2026-05-31,2026-05-31T12:00:00,PLOT-00000875,FAC-MY,LINE-MY-03,PROD-S100,COMP-MAIN,SUP-H,CLOT-H-AIN-20260531,DEF-VOLT,test,1,True,False,False,fail
QEV-000001642,2026-06-01,2026-06-01T12:00:00,PLOT-00000876,FAC-TW,LINE-TW-01,PROD-C100,COMP-STOR,SUP-H,CLOT-H-TOR-20260601,DEF-ASSY,in_process,1,True,True,False,rework
QEV-000001643,2026-06-01,2026-06-01T12:00:00,PLOT-00000877,FAC-TW,LINE-TW-02,PROD-X100,COMP-PWR,SUP-H,CLOT-H-PWR-20260601,DEF-VOLT,test,1,True,False,False,fail
QEV-000001644,2026-06-01,2026-06-01T12:00:00,PLOT-00000878,FAC-MX,LINE-MX-01,PROD-X200,COMP-MAIN,SUP-A,CLOT-A-AIN-20260601,DEF-VOLT,test,1,True,True,False,rework
QEV-000001645,2026-06-01,2026-06-01T12:00:00,PLOT-00000878,FAC-MX,LINE-MX-01,PROD-X200,COMP-MEM,SUP-A,CLOT-A-MEM-20260601,DEF-MEM,test,1,True,False,False,fail
QEV-000001646,2026-06-01,2026-06-01T12:00:00,PLOT-00000878,FAC-MX,LINE-MX-01,PROD-X200,COMP-PWR,SUP-D,CLOT-D-PWR-20260601,DEF-VOLT,test,1,True,True,False,rework
QEV-000001647,2026-06-01,2026-06-01T12:00:00,PLOT-00000878,FAC-MX,LINE-MX-01,PROD-X200,COMP-PWR,SUP-H,CLOT-H-PWR-20260601,DEF-VOLT,test,1,True,True,False,rework
QEV-000001648,2026-06-01,2026-06-01T12:00:00,PLOT-00000879,FAC-MX,LINE-MX-02,PROD-S100,COMP-COOL,SUP-E,CLOT-E-OOL-20260601,DEF-ASSY,in_process,1,True,False,False,fail
QEV-000001649,2026-06-01,2026-06-01T12:00:00,PLOT-00000879,FAC-MX,LINE-MX-02,PROD-S100,COMP-MAIN,SUP-A,CLOT-A-AIN-20260601,DEF-FUNC,test,1,True,True,False,rework
QEV-000001650,2026-06-01,2026-06-01T12:00:00,PLOT-00000879,FAC-MX,LINE-MX-02,PROD-S100,COMP-MEM,SUP-C,CLOT-C-MEM-20260601,DEF-CONN,in_process,1,True,False,False,fail
QEV-000001651,2026-06-01,2026-06-01T12:00:00,PLOT-00000879,FAC-MX,LINE-MX-02,PROD-S100,COMP-STOR,SUP-G,CLOT-G-TOR-20260601,DEF-FUNC,test,1,True,False,False,fail
QEV-000001652,2026-06-01,2026-06-01T12:00:00,PLOT-00000881,FAC-MY,LINE-MY-03,PROD-X100,COMP-NET,SUP-G,CLOT-G-NET-20260601,DEF-CONN,in_process,1,True,True,False,rework
QEV-000001653,2026-06-02,2026-06-02T12:00:00,PLOT-00000882,FAC-TW,LINE-TW-01,PROD-C100,COMP-MEM,SUP-A,CLOT-A-MEM-20260602,DEF-FUNC,test,1,True,False,False,fail
QEV-000001654,2026-06-02,2026-06-02T12:00:00,PLOT-00000883,FAC-TW,LINE-TW-02,PROD-N100,COMP-COOL,SUP-D,CLOT-D-OOL-20260602,DEF-THERM,test,1,True,True,False,rework
QEV-000001655,2026-06-02,2026-06-02T12:00:00,PLOT-00000883,FAC-TW,LINE-TW-02,PROD-N100,COMP-MAIN,SUP-B,CLOT-B-AIN-20260602,DEF-FUNC,test,1,True,True,False,rework
QEV-000001656,2026-06-02,2026-06-02T12:00:00,PLOT-00000883,FAC-TW,LINE-TW-02,PROD-N100,COMP-STOR,SUP-B,CLOT-B-TOR-20260602,DEF-FUNC,test,1,True,True,False,rework
QEV-000001657,2026-06-02,2026-06-02T12:00:00,PLOT-00000884,FAC-MX,LINE-MX-01,PROD-X200,COMP-MAIN,SUP-A,CLOT-A-AIN-20260602,DEF-FUNC,test,1,True,True,False,rework
QEV-000001658,2026-06-02,2026-06-02T12:00:00,PLOT-00000884,FAC-MX,LINE-MX-01,PROD-X200,COMP-PWR,SUP-C,CLOT-C-PWR-20260602,DEF-VOLT,test,1,True,False,True,scrap
QEV-000001659,2026-06-02,2026-06-02T12:00:00,PLOT-00000885,FAC-MX,LINE-MX-02,PROD-X200,COMP-COOL,SUP-E,CLOT-E-OOL-20260602,DEF-THERM,test,1,True,False,False,fail
QEV-000001660,2026-06-02,2026-06-02T12:00:00,PLOT-00000885,FAC-MX,LINE-MX-02,PROD-X200,COMP-NET,SUP-B,CLOT-B-NET-20260602,DEF-FUNC,test,1,True,True,False,rework
QEV-000001661,2026-06-02,2026-06-02T12:00:00,PLOT-00000885,FAC-MX,LINE-MX-02,PROD-X200,COMP-NET,SUP-C,CLOT-C-NET-20260602,DEF-ASSY,in_process,1,True,True,False,rework
QEV-000001662,2026-06-02,2026-06-02T12:00:00,PLOT-00000886,FAC-MY,LINE-MY-01,PROD-S100,COMP-MAIN,SUP-F,CLOT-F-AIN-20260602,DEF-FUNC,test,1,True,True,False,rework
QEV-000001663,2026-06-02,2026-06-02T12:00:00,PLOT-00000886,FAC-MY,LINE-MY-01,PROD-S100,COMP-STOR,SUP-C,CLOT-C-TOR-20260602,DEF-FUNC,test,1,True,True,False,rework
QEV-000001664,2026-06-02,2026-06-02T12:00:00,PLOT-00000887,FAC-MY,LINE-MY-03,PROD-C100,COMP-COOL,SUP-A,CLOT-A-OOL-20260602,DEF-THERM,test,1,True,False,False,fail
QEV-000001665,2026-06-02,2026-06-02T12:00:00,PLOT-00000887,FAC-MY,LINE-MY-03,PROD-C100,COMP-COOL,SUP-B,CLOT-B-OOL-20260602,DEF-THERM,test,1,True,True,False,rework
QEV-000001666,2026-06-02,2026-06-02T12:00:00,PLOT-00000887,FAC-MY,LINE-MY-03,PROD-C100,COMP-PWR,SUP-B,CLOT-B-PWR-20260602,DEF-VOLT,test,1,True,True,False,rework
QEV-000001667,2026-06-03,2026-06-03T12:00:00,PLOT-00000888,FAC-TW,LINE-TW-01,PROD-N100,COMP-MEM,SUP-B,CLOT-B-MEM-20260603,DEF-CONN,in_process,1,True,False,True,scrap
QEV-000001668,2026-06-03,2026-06-03T12:00:00,PLOT-00000890,FAC-MX,LINE-MX-01,PROD-X200,COMP-MEM,SUP-A,CLOT-A-MEM-20260603,DEF-CONN,in_process,1,True,True,False,rework
QEV-000001669,2026-06-03,2026-06-03T12:00:00,PLOT-00000890,FAC-MX,LINE-MX-01,PROD-X200,COMP-PWR,SUP-B,CLOT-B-PWR-20260603,DEF-VOLT,test,1,True,False,False,fail
QEV-000001670,2026-06-03,2026-06-03T12:00:00,PLOT-00000890,FAC-MX,LINE-MX-01,PROD-X200,COMP-PWR,SUP-E,CLOT-E-PWR-20260603,DEF-VOLT,test,1,True,True,False,rework
QEV-000001671,2026-06-03,2026-06-03T12:00:00,PLOT-00000890,FAC-MX,LINE-MX-01,PROD-X200,COMP-STOR,SUP-B,CLOT-B-TOR-20260603,DEF-CONN,in_process,1,True,False,False,fail
QEV-000001672,2026-06-03,2026-06-03T12:00:00,PLOT-00000891,FAC-MX,LINE-MX-02,PROD-X200,COMP-COOL,SUP-C,CLOT-C-OOL-20260603,DEF-THERM,test,1,True,True,False,rework
QEV-000001673,2026-06-03,2026-06-03T12:00:00,PLOT-00000891,FAC-MX,LINE-MX-02,PROD-X200,COMP-MAIN,SUP-F,CLOT-F-AIN-20260603,DEF-ASSY,in_process,1,True,False,False,fail
QEV-000001674,2026-06-03,2026-06-03T12:00:00,PLOT-00000891,FAC-MX,LINE-MX-02,PROD-X200,COMP-NET,SUP-G,CLOT-G-NET-20260603,DEF-FUNC,test,1,True,False,False,fail
QEV-000001675,2026-06-03,2026-06-03T12:00:00,PLOT-00000891,FAC-MX,LINE-MX-02,PROD-X200,COMP-STOR,SUP-G,CLOT-G-TOR-20260603,DEF-FUNC,test,1,True,False,False,fail
QEV-000001676,2026-06-03,2026-06-03T12:00:00,PLOT-00000892,FAC-MY,LINE-MY-01,PROD-X200,COMP-STOR,SUP-B,CLOT-B-TOR-20260603,DEF-FUNC,test,1,True,True,False,rework
QEV-000001677,2026-06-03,2026-06-03T12:00:00,PLOT-00000892,FAC-MY,LINE-MY-01,PROD-X200,COMP-STOR,SUP-C,CLOT-C-TOR-20260603,DEF-ASSY,in_process,1,True,False,False,fail
QEV-000001678,2026-06-03,2026-06-03T12:00:00,PLOT-00000893,FAC-MY,LINE-MY-03,PROD-N100,COMP-PWR,SUP-H,CLOT-H-PWR-20260603,DEF-FUNC,test,1,True,True,False,rework
QEV-000001679,2026-06-03,2026-06-03T12:00:00,PLOT-00000893,FAC-MY,LINE-MY-03,PROD-N100,COMP-PWR,SUP-H,CLOT-H-PWR-20260603,DEF-VOLT,test,1,True,False,False,fail
QEV-000001680,2026-06-03,2026-06-03T12:00:00,PLOT-00000893,FAC-MY,LINE-MY-03,PROD-N100,COMP-STOR,SUP-C,CLOT-C-TOR-20260603,DEF-FUNC,test,1,True,False,False,fail
QEV-000001681,2026-06-04,2026-06-04T12:00:00,PLOT-00000894,FAC-TW,LINE-TW-01,PROD-N100,COMP-COOL,SUP-B,CLOT-B-OOL-20260604,DEF-THERM,test,1,True,False,True,scrap
QEV-000001682,2026-06-04,2026-06-04T12:00:00,PLOT-00000894,FAC-TW,LINE-TW-01,PROD-N100,COMP-MEM,SUP-C,CLOT-C-MEM-20260604,DEF-MEM,test,1,True,False,False,fail
QEV-000001683,2026-06-04,2026-06-04T12:00:00,PLOT-00000895,FAC-TW,LINE-TW-02,PROD-X200,COMP-MEM,SUP-D,CLOT-D-MEM-20260604,DEF-MEM,test,1,True,True,False,rework
QEV-000001684,2026-06-04,2026-06-04T12:00:00,PLOT-00000895,FAC-TW,LINE-TW-02,PROD-X200,COMP-PWR,SUP-E,CLOT-E-PWR-20260604,DEF-VOLT,test,1,True,True,False,rework
QEV-000001685,2026-06-04,2026-06-04T12:00:00,PLOT-00000896,FAC-MX,LINE-MX-01,PROD-X200,COMP-MAIN,SUP-E,CLOT-E-AIN-20260604,DEF-VOLT,test,1,True,True,False,rework
QEV-000001686,2026-06-04,2026-06-04T12:00:00,PLOT-00000896,FAC-MX,LINE-MX-01,PROD-X200,COMP-PWR,SUP-B,CLOT-B-PWR-20260604,DEF-VOLT,test,1,True,True,False,rework
QEV-000001687,2026-06-04,2026-06-04T12:00:00,PLOT-00000897,FAC-MX,LINE-MX-02,PROD-X200,COMP-PWR,SUP-E,CLOT-E-PWR-20260604,DEF-VOLT,test,1,True,False,True,scrap
QEV-000001688,2026-06-04,2026-06-04T12:00:00,PLOT-00000897,FAC-MX,LINE-MX-02,PROD-X200,COMP-PWR,SUP-E,CLOT-E-PWR-20260604,DEF-VOLT,test,1,True,True,False,rework
QEV-000001689,2026-06-04,2026-06-04T12:00:00,PLOT-00000898,FAC-MY,LINE-MY-01,PROD-X100,COMP-NET,SUP-H,CLOT-H-NET-20260604,DEF-CONN,in_process,1,True,True,False,rework
QEV-000001690,2026-06-04,2026-06-04T12:00:00,PLOT-00000899,FAC-MY,LINE-MY-03,PROD-X200,COMP-COOL,SUP-A,CLOT-A-OOL-20260604,DEF-THERM,test,1,True,False,False,fail
QEV-000001691,2026-06-04,2026-06-04T12:00:00,PLOT-00000899,FAC-MY,LINE-MY-03,PROD-X200,COMP-MAIN,SUP-B,CLOT-B-AIN-20260604,DEF-FUNC,test,1,True,False,False,fail
QEV-000001692,2026-06-04,2026-06-04T12:00:00,PLOT-00000899,FAC-MY,LINE-MY-03,PROD-X200,COMP-MAIN,SUP-C,CLOT-C-AIN-20260604,DEF-VOLT,test,1,True,False,False,fail
QEV-000001693,2026-06-04,2026-06-04T12:00:00,PLOT-00000899,FAC-MY,LINE-MY-03,PROD-X200,COMP-MEM,SUP-E,CLOT-E-MEM-20260604,DEF-MEM,test,1,True,True,False,rework
QEV-000001694,2026-06-05,2026-06-05T12:00:00,PLOT-00000900,FAC-TW,LINE-TW-01,PROD-N100,COMP-PWR,SUP-A,CLOT-A-PWR-20260605,DEF-VOLT,test,1,True,True,False,rework
QEV-000001695,2026-06-05,2026-06-05T12:00:00,PLOT-00000901,FAC-TW,LINE-TW-02,PROD-X100,COMP-STOR,SUP-H,CLOT-H-TOR-20260605,DEF-FUNC,test,1,True,True,False,rework
QEV-000001696,2026-06-05,2026-06-05T12:00:00,PLOT-00000902,FAC-MX,LINE-MX-01,PROD-S100,COMP-NET,SUP-G,CLOT-G-NET-20260605,DEF-FUNC,test,1,True,True,False,rework
QEV-000001697,2026-06-05,2026-06-05T12:00:00,PLOT-00000902,FAC-MX,LINE-MX-01,PROD-S100,COMP-PWR,SUP-E,CLOT-E-PWR-20260605,DEF-VOLT,test,1,True,False,False,fail
QEV-000001698,2026-06-05,2026-06-05T12:00:00,PLOT-00000902,FAC-MX,LINE-MX-01,PROD-S100,COMP-STOR,SUP-G,CLOT-G-TOR-20260605,DEF-ASSY,in_process,1,True,True,False,rework
QEV-000001699,2026-06-05,2026-06-05T12:00:00,PLOT-00000903,FAC-MX,LINE-MX-02,PROD-X200,COMP-MAIN,SUP-B,CLOT-B-AIN-20260605,DEF-FUNC,test,1,True,True,False,rework
QEV-000001700,2026-06-05,2026-06-05T12:00:00,PLOT-00000903,FAC-MX,LINE-MX-02,PROD-X200,COMP-MAIN,SUP-E,CLOT-E-AIN-20260605,DEF-VOLT,test,1,True,True,False,rework
QEV-000001701,2026-06-05,2026-06-05T12:00:00,PLOT-00000903,FAC-MX,LINE-MX-02,PROD-X200,COMP-MEM,SUP-D,CLOT-D-MEM-20260605,DEF-MEM,test,1,True,True,False,rework
QEV-000001702,2026-06-05,2026-06-05T12:00:00,PLOT-00000903,FAC-MX,LINE-MX-02,PROD-X200,COMP-NET,SUP-F,CLOT-F-NET-20260605,DEF-FUNC,test,1,True,True,False,rework
QEV-000001703,2026-06-05,2026-06-05T12:00:00,PLOT-00000903,FAC-MX,LINE-MX-02,PROD-X200,COMP-STOR,SUP-H,CLOT-H-TOR-20260605,DEF-CONN,in_process,1,True,False,False,fail
QEV-000001704,2026-06-05,2026-06-05T12:00:00,PLOT-00000905,FAC-MY,LINE-MY-03,PROD-C100,COMP-MEM,SUP-H,CLOT-H-MEM-20260605,DEF-MEM,test,1,True,False,False,fail
QEV-000001705,2026-06-06,2026-06-06T12:00:00,PLOT-00000907,FAC-TW,LINE-TW-02,PROD-X100,COMP-STOR,SUP-C,CLOT-C-TOR-20260606,DEF-ASSY,in_process,1,True,True,False,rework
QEV-000001706,2026-06-06,2026-06-06T12:00:00,PLOT-00000907,FAC-TW,LINE-TW-02,PROD-X100,COMP-STOR,SUP-E,CLOT-E-TOR-20260606,DEF-FUNC,test,1,True,True,False,rework
QEV-000001707,2026-06-06,2026-06-06T12:00:00,PLOT-00000908,FAC-MX,LINE-MX-01,PROD-X200,COMP-COOL,SUP-C,CLOT-C-OOL-20260606,DEF-ASSY,in_process,1,True,True,False,rework
QEV-000001708,2026-06-06,2026-06-06T12:00:00,PLOT-00000910,FAC-MY,LINE-MY-01,PROD-X100,COMP-PWR,SUP-F,CLOT-F-PWR-20260606,DEF-VOLT,test,1,True,False,False,fail
QEV-000001709,2026-06-06,2026-06-06T12:00:00,PLOT-00000910,FAC-MY,LINE-MY-01,PROD-X100,COMP-STOR,SUP-G,CLOT-G-TOR-20260606,DEF-FUNC,test,1,True,False,False,fail
QEV-000001710,2026-06-06,2026-06-06T12:00:00,PLOT-00000911,FAC-MY,LINE-MY-03,PROD-X100,COMP-PWR,SUP-A,CLOT-A-PWR-20260606,DEF-VOLT,test,1,True,True,False,rework
QEV-000001711,2026-06-07,2026-06-07T12:00:00,PLOT-00000913,FAC-TW,LINE-TW-02,PROD-C100,COMP-NET,SUP-E,CLOT-E-NET-20260607,DEF-CONN,in_process,1,True,False,False,fail
QEV-000001712,2026-06-07,2026-06-07T12:00:00,PLOT-00000913,FAC-TW,LINE-TW-02,PROD-C100,COMP-STOR,SUP-C,CLOT-C-TOR-20260607,DEF-FUNC,test,1,True,True,False,rework
QEV-000001713,2026-06-07,2026-06-07T12:00:00,PLOT-00000914,FAC-MX,LINE-MX-01,PROD-X200,COMP-COOL,SUP-C,CLOT-C-OOL-20260607,DEF-THERM,test,1,True,False,False,fail
QEV-000001714,2026-06-07,2026-06-07T12:00:00,PLOT-00000914,FAC-MX,LINE-MX-01,PROD-X200,COMP-STOR,SUP-H,CLOT-H-TOR-20260607,DEF-CONN,in_process,1,True,False,False,fail
QEV-000001715,2026-06-07,2026-06-07T12:00:00,PLOT-00000915,FAC-MX,LINE-MX-02,PROD-X100,COMP-MAIN,SUP-D,CLOT-D-AIN-20260607,DEF-ASSY,in_process,1,True,True,False,rework
QEV-000001716,2026-06-07,2026-06-07T12:00:00,PLOT-00000915,FAC-MX,LINE-MX-02,PROD-X100,COMP-STOR,SUP-C,CLOT-C-TOR-20260607,DEF-FUNC,test,1,True,True,False,rework
QEV-000001717,2026-06-07,2026-06-07T12:00:00,PLOT-00000916,FAC-MY,LINE-MY-01,PROD-C100,COMP-COOL,SUP-A,CLOT-A-OOL-20260607,DEF-THERM,test,1,True,True,False,rework
QEV-000001718,2026-06-07,2026-06-07T12:00:00,PLOT-00000916,FAC-MY,LINE-MY-01,PROD-C100,COMP-COOL,SUP-G,CLOT-G-OOL-20260607,DEF-THERM,test,1,True,True,False,rework
QEV-000001719,2026-06-07,2026-06-07T12:00:00,PLOT-00000916,FAC-MY,LINE-MY-01,PROD-C100,COMP-MAIN,SUP-C,CLOT-C-AIN-20260607,DEF-VOLT,test,1,True,False,True,scrap
QEV-000001720,2026-06-07,2026-06-07T12:00:00,PLOT-00000916,FAC-MY,LINE-MY-01,PROD-C100,COMP-MEM,SUP-A,CLOT-A-MEM-20260607,DEF-MEM,test,1,True,True,False,rework
QEV-000001721,2026-06-07,2026-06-07T12:00:00,PLOT-00000916,FAC-MY,LINE-MY-01,PROD-C100,COMP-MEM,SUP-D,CLOT-D-MEM-20260607,DEF-MEM,test,1,True,True,False,rework
QEV-000001722,2026-06-07,2026-06-07T12:00:00,PLOT-00000916,FAC-MY,LINE-MY-01,PROD-C100,COMP-NET,SUP-B,CLOT-B-NET-20260607,DEF-CONN,in_process,1,True,False,False,fail
QEV-000001723,2026-06-07,2026-06-07T12:00:00,PLOT-00000916,FAC-MY,LINE-MY-01,PROD-C100,COMP-PWR,SUP-C,CLOT-C-PWR-20260607,DEF-VOLT,test,1,True,True,False,rework
QEV-000001724,2026-06-07,2026-06-07T12:00:00,PLOT-00000916,FAC-MY,LINE-MY-01,PROD-C100,COMP-PWR,SUP-F,CLOT-F-PWR-20260607,DEF-VOLT,test,1,True,False,False,fail
QEV-000001725,2026-06-07,2026-06-07T12:00:00,PLOT-00000917,FAC-MY,LINE-MY-03,PROD-S100,COMP-MAIN,SUP-C,CLOT-C-AIN-20260607,DEF-ASSY,in_process,1,True,False,True,scrap
QEV-000001726,2026-06-07,2026-06-07T12:00:00,PLOT-00000917,FAC-MY,LINE-MY-03,PROD-S100,COMP-MEM,SUP-C,CLOT-C-MEM-20260607,DEF-MEM,test,1,True,True,False,rework
QEV-000001727,2026-06-07,2026-06-07T12:00:00,PLOT-00000917,FAC-MY,LINE-MY-03,PROD-S100,COMP-MEM,SUP-F,CLOT-F-MEM-20260607,DEF-FUNC,test,1,True,True,False,rework
QEV-000001728,2026-06-07,2026-06-07T12:00:00,PLOT-00000917,FAC-MY,LINE-MY-03,PROD-S100,COMP-MEM,SUP-G,CLOT-G-MEM-20260607,DEF-FUNC,test,1,True,True,False,rework
QEV-000001729,2026-06-07,2026-06-07T12:00:00,PLOT-00000917,FAC-MY,LINE-MY-03,PROD-S100,COMP-NET,SUP-C,CLOT-C-NET-20260607,DEF-ASSY,in_process,1,True,True,False,rework
QEV-000001730,2026-06-07,2026-06-07T12:00:00,PLOT-00000917,FAC-MY,LINE-MY-03,PROD-S100,COMP-PWR,SUP-C,CLOT-C-PWR-20260607,DEF-VOLT,test,1,True,False,False,fail
QEV-000001731,2026-06-08,2026-06-08T12:00:00,PLOT-00000918,FAC-TW,LINE-TW-01,PROD-X100,COMP-COOL,SUP-B,CLOT-B-OOL-20260608,DEF-THERM,test,1,True,False,False,fail
QEV-000001732,2026-06-08,2026-06-08T12:00:00,PLOT-00000920,FAC-MX,LINE-MX-01,PROD-X200,COMP-MEM,SUP-C,CLOT-C-MEM-20260608,DEF-MEM,test,1,True,False,False,fail
QEV-000001733,2026-06-08,2026-06-08T12:00:00,PLOT-00000921,FAC-MX,LINE-MX-02,PROD-X200,COMP-MAIN,SUP-B,CLOT-B-AIN-20260608,DEF-FUNC,test,1,True,True,False,rework
QEV-000001734,2026-06-08,2026-06-08T12:00:00,PLOT-00000921,FAC-MX,LINE-MX-02,PROD-X200,COMP-NET,SUP-E,CLOT-E-NET-20260608,DEF-FUNC,test,1,True,True,False,rework
QEV-000001735,2026-06-08,2026-06-08T12:00:00,PLOT-00000922,FAC-MY,LINE-MY-01,PROD-C100,COMP-PWR,SUP-H,CLOT-H-PWR-20260608,DEF-CONN,in_process,1,True,True,False,rework
QEV-000001736,2026-06-08,2026-06-08T12:00:00,PLOT-00000922,FAC-MY,LINE-MY-01,PROD-C100,COMP-STOR,SUP-E,CLOT-E-TOR-20260608,DEF-ASSY,in_process,1,True,False,False,fail
QEV-000001737,2026-06-08,2026-06-08T12:00:00,PLOT-00000923,FAC-MY,LINE-MY-03,PROD-N100,COMP-PWR,SUP-A,CLOT-A-PWR-20260608,DEF-CONN,in_process,1,True,False,False,fail
QEV-000001738,2026-06-09,2026-06-09T12:00:00,PLOT-00000924,FAC-TW,LINE-TW-01,PROD-N100,COMP-COOL,SUP-F,CLOT-F-OOL-20260609,DEF-THERM,test,1,True,False,False,fail
QEV-000001739,2026-06-09,2026-06-09T12:00:00,PLOT-00000926,FAC-MX,LINE-MX-01,PROD-S100,COMP-MAIN,SUP-C,CLOT-C-AIN-20260609,DEF-FUNC,test,1,True,True,False,rework
QEV-000001740,2026-06-09,2026-06-09T12:00:00,PLOT-00000926,FAC-MX,LINE-MX-01,PROD-S100,COMP-PWR,SUP-H,CLOT-H-PWR-20260609,DEF-VOLT,test,1,True,False,False,fail
QEV-000001741,2026-06-09,2026-06-09T12:00:00,PLOT-00000927,FAC-MX,LINE-MX-02,PROD-X200,COMP-STOR,SUP-E,CLOT-E-TOR-20260609,DEF-ASSY,in_process,1,True,False,False,fail
QEV-000001742,2026-06-09,2026-06-09T12:00:00,PLOT-00000927,FAC-MX,LINE-MX-02,PROD-X200,COMP-STOR,SUP-F,CLOT-F-TOR-20260609,DEF-FUNC,test,1,True,True,False,rework
QEV-000001743,2026-06-09,2026-06-09T12:00:00,PLOT-00000928,FAC-MY,LINE-MY-01,PROD-C100,COMP-NET,SUP-A,CLOT-A-NET-20260609,DEF-FUNC,test,1,True,False,True,scrap
QEV-000001744,2026-06-09,2026-06-09T12:00:00,PLOT-00000928,FAC-MY,LINE-MY-01,PROD-C100,COMP-NET,SUP-D,CLOT-D-NET-20260609,DEF-FUNC,test,1,True,True,False,rework
QEV-000001745,2026-06-09,2026-06-09T12:00:00,PLOT-00000928,FAC-MY,LINE-MY-01,PROD-C100,COMP-NET,SUP-E,CLOT-E-NET-20260609,DEF-FUNC,test,1,True,True,False,rework
QEV-000001746,2026-06-09,2026-06-09T12:00:00,PLOT-00000928,FAC-MY,LINE-MY-01,PROD-C100,COMP-STOR,SUP-D,CLOT-D-TOR-20260609,DEF-CONN,in_process,1,True,True,False,rework
QEV-000001747,2026-06-10,2026-06-10T12:00:00,PLOT-00000930,FAC-TW,LINE-TW-01,PROD-X100,COMP-MAIN,SUP-A,CLOT-A-AIN-20260610,DEF-FUNC,test,1,True,True,False,rework
QEV-000001748,2026-06-10,2026-06-10T12:00:00,PLOT-00000930,FAC-TW,LINE-TW-01,PROD-X100,COMP-PWR,SUP-C,CLOT-C-PWR-20260610,DEF-CONN,in_process,1,True,True,False,rework
QEV-000001749,2026-06-10,2026-06-10T12:00:00,PLOT-00000931,FAC-TW,LINE-TW-02,PROD-X100,COMP-COOL,SUP-C,CLOT-C-OOL-20260610,DEF-THERM,test,1,True,False,False,fail
QEV-000001750,2026-06-10,2026-06-10T12:00:00,PLOT-00000932,FAC-MX,LINE-MX-01,PROD-X200,COMP-MAIN,SUP-A,CLOT-A-AIN-20260610,DEF-VOLT,test,1,True,False,True,scrap
QEV-000001751,2026-06-10,2026-06-10T12:00:00,PLOT-00000932,FAC-MX,LINE-MX-01,PROD-X200,COMP-MAIN,SUP-H,CLOT-H-AIN-20260610,DEF-FUNC,test,1,True,False,False,fail
QEV-000001752,2026-06-10,2026-06-10T12:00:00,PLOT-00000932,FAC-MX,LINE-MX-01,PROD-X200,COMP-MEM,SUP-D,CLOT-D-MEM-20260610,DEF-MEM,test,1,True,True,False,rework
QEV-000001753,2026-06-10,2026-06-10T12:00:00,PLOT-00000932,FAC-MX,LINE-MX-01,PROD-X200,COMP-MEM,SUP-E,CLOT-E-MEM-20260610,DEF-FUNC,test,1,True,True,False,rework
QEV-000001754,2026-06-10,2026-06-10T12:00:00,PLOT-00000933,FAC-MX,LINE-MX-02,PROD-C100,COMP-STOR,SUP-H,CLOT-H-TOR-20260610,DEF-ASSY,in_process,1,True,True,False,rework
QEV-000001755,2026-06-10,2026-06-10T12:00:00,PLOT-00000935,FAC-MY,LINE-MY-03,PROD-S100,COMP-COOL,SUP-C,CLOT-C-OOL-20260610,DEF-THERM,test,1,True,False,False,fail
QEV-000001756,2026-06-10,2026-06-10T12:00:00,PLOT-00000935,FAC-MY,LINE-MY-03,PROD-S100,COMP-PWR,SUP-D,CLOT-D-PWR-20260610,DEF-VOLT,test,1,True,True,False,rework
QEV-000001757,2026-06-11,2026-06-11T12:00:00,PLOT-00000936,FAC-TW,LINE-TW-01,PROD-C100,COMP-MAIN,SUP-C,CLOT-C-AIN-20260611,DEF-FUNC,test,1,True,True,False,rework
QEV-000001758,2026-06-11,2026-06-11T12:00:00,PLOT-00000936,FAC-TW,LINE-TW-01,PROD-C100,COMP-PWR,SUP-D,CLOT-D-PWR-20260611,DEF-FUNC,test,1,True,True,False,rework
QEV-000001759,2026-06-11,2026-06-11T12:00:00,PLOT-00000937,FAC-TW,LINE-TW-02,PROD-N100,COMP-NET,SUP-B,CLOT-B-NET-20260611,DEF-ASSY,in_process,1,True,False,False,fail
QEV-000001760,2026-06-11,2026-06-11T12:00:00,PLOT-00000938,FAC-MX,LINE-MX-01,PROD-S100,COMP-PWR,SUP-A,CLOT-A-PWR-20260611,DEF-VOLT,test,1,True,True,False,rework
QEV-000001761,2026-06-11,2026-06-11T12:00:00,PLOT-00000938,FAC-MX,LINE-MX-01,PROD-S100,COMP-PWR,SUP-B,CLOT-B-PWR-20260611,DEF-FUNC,test,1,True,True,False,rework
QEV-000001762,2026-06-11,2026-06-11T12:00:00,PLOT-00000938,FAC-MX,LINE-MX-01,PROD-S100,COMP-STOR,SUP-B,CLOT-B-TOR-20260611,DEF-FUNC,test,1,True,True,False,rework
QEV-000001763,2026-06-11,2026-06-11T12:00:00,PLOT-00000939,FAC-MX,LINE-MX-02,PROD-X200,COMP-PWR,SUP-F,CLOT-F-PWR-20260611,DEF-CONN,in_process,1,True,False,True,scrap
QEV-000001764,2026-06-11,2026-06-11T12:00:00,PLOT-00000940,FAC-MY,LINE-MY-01,PROD-C100,COMP-COOL,SUP-E,CLOT-E-OOL-20260611,DEF-THERM,test,1,True,True,False,rework
QEV-000001765,2026-06-11,2026-06-11T12:00:00,PLOT-00000940,FAC-MY,LINE-MY-01,PROD-C100,COMP-MAIN,SUP-C,CLOT-C-AIN-20260611,DEF-FUNC,test,1,True,False,False,fail
QEV-000001766,2026-06-11,2026-06-11T12:00:00,PLOT-00000941,FAC-MY,LINE-MY-03,PROD-S100,COMP-MAIN,SUP-H,CLOT-H-AIN-20260611,DEF-ASSY,in_process,1,True,True,False,rework
QEV-000001767,2026-06-11,2026-06-11T12:00:00,PLOT-00000941,FAC-MY,LINE-MY-03,PROD-S100,COMP-MEM,SUP-H,CLOT-H-MEM-20260611,DEF-MEM,test,1,True,False,False,fail
QEV-000001768,2026-06-11,2026-06-11T12:00:00,PLOT-00000941,FAC-MY,LINE-MY-03,PROD-S100,COMP-PWR,SUP-C,CLOT-C-PWR-20260611,DEF-VOLT,test,1,True,False,True,scrap
QEV-000001769,2026-06-12,2026-06-12T12:00:00,PLOT-00000942,FAC-TW,LINE-TW-01,PROD-X200,COMP-STOR,SUP-G,CLOT-G-TOR-20260612,DEF-ASSY,in_process,1,True,True,False,rework
QEV-000001770,2026-06-12,2026-06-12T12:00:00,PLOT-00000943,FAC-TW,LINE-TW-02,PROD-X100,COMP-COOL,SUP-G,CLOT-G-OOL-20260612,DEF-THERM,test,1,True,False,False,fail
QEV-000001771,2026-06-12,2026-06-12T12:00:00,PLOT-00000943,FAC-TW,LINE-TW-02,PROD-X100,COMP-NET,SUP-D,CLOT-D-NET-20260612,DEF-ASSY,in_process,1,True,False,False,fail
QEV-000001772,2026-06-12,2026-06-12T12:00:00,PLOT-00000944,FAC-MX,LINE-MX-01,PROD-X100,COMP-MAIN,SUP-H,CLOT-H-AIN-20260612,DEF-FUNC,test,1,True,True,False,rework
QEV-000001773,2026-06-12,2026-06-12T12:00:00,PLOT-00000944,FAC-MX,LINE-MX-01,PROD-X100,COMP-MEM,SUP-E,CLOT-E-MEM-20260612,DEF-FUNC,test,1,True,True,False,rework
QEV-000001774,2026-06-12,2026-06-12T12:00:00,PLOT-00000944,FAC-MX,LINE-MX-01,PROD-X100,COMP-PWR,SUP-G,CLOT-G-PWR-20260612,DEF-CONN,in_process,1,True,True,False,rework
QEV-000001775,2026-06-12,2026-06-12T12:00:00,PLOT-00000945,FAC-MX,LINE-MX-02,PROD-X200,COMP-MAIN,SUP-B,CLOT-B-AIN-20260612,DEF-ASSY,in_process,1,True,False,False,fail
QEV-000001776,2026-06-12,2026-06-12T12:00:00,PLOT-00000945,FAC-MX,LINE-MX-02,PROD-X200,COMP-NET,SUP-A,CLOT-A-NET-20260612,DEF-ASSY,in_process,1,True,True,False,rework
QEV-000001777,2026-06-12,2026-06-12T12:00:00,PLOT-00000946,FAC-MY,LINE-MY-01,PROD-N100,COMP-COOL,SUP-B,CLOT-B-OOL-20260612,DEF-THERM,test,1,True,True,False,rework
QEV-000001778,2026-06-12,2026-06-12T12:00:00,PLOT-00000946,FAC-MY,LINE-MY-01,PROD-N100,COMP-MAIN,SUP-C,CLOT-C-AIN-20260612,DEF-VOLT,test,1,True,False,False,fail
QEV-000001779,2026-06-12,2026-06-12T12:00:00,PLOT-00000946,FAC-MY,LINE-MY-01,PROD-N100,COMP-STOR,SUP-A,CLOT-A-TOR-20260612,DEF-ASSY,in_process,1,True,False,True,scrap
QEV-000001780,2026-06-12,2026-06-12T12:00:00,PLOT-00000947,FAC-MY,LINE-MY-03,PROD-C100,COMP-STOR,SUP-H,CLOT-H-TOR-20260612,DEF-FUNC,test,1,True,True,False,rework
QEV-000001781,2026-06-13,2026-06-13T12:00:00,PLOT-00000948,FAC-TW,LINE-TW-01,PROD-X200,COMP-NET,SUP-C,CLOT-C-NET-20260613,DEF-ASSY,in_process,1,True,True,False,rework
QEV-000001782,2026-06-13,2026-06-13T12:00:00,PLOT-00000949,FAC-TW,LINE-TW-02,PROD-C100,COMP-MAIN,SUP-C,CLOT-C-AIN-20260613,DEF-FUNC,test,1,True,True,False,rework
QEV-000001783,2026-06-13,2026-06-13T12:00:00,PLOT-00000950,FAC-MX,LINE-MX-01,PROD-X200,COMP-PWR,SUP-G,CLOT-G-PWR-20260613,DEF-CONN,in_process,1,True,True,False,rework
QEV-000001784,2026-06-13,2026-06-13T12:00:00,PLOT-00000950,FAC-MX,LINE-MX-01,PROD-X200,COMP-STOR,SUP-C,CLOT-C-TOR-20260613,DEF-CONN,in_process,1,True,False,False,fail
QEV-000001785,2026-06-13,2026-06-13T12:00:00,PLOT-00000951,FAC-MX,LINE-MX-02,PROD-X200,COMP-MAIN,SUP-H,CLOT-H-AIN-20260613,DEF-VOLT,test,1,True,False,False,fail
QEV-000001786,2026-06-13,2026-06-13T12:00:00,PLOT-00000951,FAC-MX,LINE-MX-02,PROD-X200,COMP-MEM,SUP-C,CLOT-C-MEM-20260613,DEF-MEM,test,1,True,True,False,rework
QEV-000001787,2026-06-13,2026-06-13T12:00:00,PLOT-00000951,FAC-MX,LINE-MX-02,PROD-X200,COMP-PWR,SUP-G,CLOT-G-PWR-20260613,DEF-VOLT,test,1,True,False,True,scrap
QEV-000001788,2026-06-13,2026-06-13T12:00:00,PLOT-00000952,FAC-MY,LINE-MY-01,PROD-X100,COMP-STOR,SUP-B,CLOT-B-TOR-20260613,DEF-FUNC,test,1,True,True,False,rework
QEV-000001789,2026-06-13,2026-06-13T12:00:00,PLOT-00000952,FAC-MY,LINE-MY-01,PROD-X100,COMP-STOR,SUP-D,CLOT-D-TOR-20260613,DEF-ASSY,in_process,1,True,True,False,rework
QEV-000001790,2026-06-14,2026-06-14T12:00:00,PLOT-00000954,FAC-TW,LINE-TW-01,PROD-X200,COMP-COOL,SUP-B,CLOT-B-OOL-20260614,DEF-ASSY,in_process,1,True,False,False,fail
QEV-000001791,2026-06-14,2026-06-14T12:00:00,PLOT-00000954,FAC-TW,LINE-TW-01,PROD-X200,COMP-MAIN,SUP-E,CLOT-E-AIN-20260614,DEF-FUNC,test,1,True,True,False,rework
QEV-000001792,2026-06-14,2026-06-14T12:00:00,PLOT-00000954,FAC-TW,LINE-TW-01,PROD-X200,COMP-MEM,SUP-B,CLOT-B-MEM-20260614,DEF-MEM,test,1,True,False,False,fail
QEV-000001793,2026-06-14,2026-06-14T12:00:00,PLOT-00000954,FAC-TW,LINE-TW-01,PROD-X200,COMP-MEM,SUP-F,CLOT-F-MEM-20260614,DEF-MEM,test,1,True,True,False,rework
QEV-000001794,2026-06-14,2026-06-14T12:00:00,PLOT-00000954,FAC-TW,LINE-TW-01,PROD-X200,COMP-PWR,SUP-E,CLOT-E-PWR-20260614,DEF-FUNC,test,1,True,False,False,fail
QEV-000001795,2026-06-14,2026-06-14T12:00:00,PLOT-00000958,FAC-MY,LINE-MY-01,PROD-X200,COMP-MEM,SUP-B,CLOT-B-MEM-20260614,DEF-MEM,test,1,True,True,False,rework
QEV-000001796,2026-06-14,2026-06-14T12:00:00,PLOT-00000958,FAC-MY,LINE-MY-01,PROD-X200,COMP-NET,SUP-C,CLOT-C-NET-20260614,DEF-FUNC,test,1,True,False,True,scrap
QEV-000001797,2026-06-14,2026-06-14T12:00:00,PLOT-00000959,FAC-MY,LINE-MY-03,PROD-C100,COMP-PWR,SUP-G,CLOT-G-PWR-20260614,DEF-VOLT,test,1,True,False,False,fail
QEV-000001798,2026-06-14,2026-06-14T12:00:00,PLOT-00000959,FAC-MY,LINE-MY-03,PROD-C100,COMP-STOR,SUP-B,CLOT-B-TOR-20260614,DEF-FUNC,test,1,True,False,False,fail
QEV-000001799,2026-06-15,2026-06-15T12:00:00,PLOT-00000961,FAC-TW,LINE-TW-02,PROD-C100,COMP-COOL,SUP-F,CLOT-F-OOL-20260615,DEF-THERM,test,1,True,False,False,fail
QEV-000001800,2026-06-15,2026-06-15T12:00:00,PLOT-00000961,FAC-TW,LINE-TW-02,PROD-C100,COMP-PWR,SUP-F,CLOT-F-PWR-20260615,DEF-VOLT,test,1,True,True,False,rework
QEV-000001801,2026-06-15,2026-06-15T12:00:00,PLOT-00000962,FAC-MX,LINE-MX-01,PROD-X200,COMP-COOL,SUP-H,CLOT-H-OOL-20260615,DEF-FUNC,test,1,True,True,False,rework
QEV-000001802,2026-06-15,2026-06-15T12:00:00,PLOT-00000962,FAC-MX,LINE-MX-01,PROD-X200,COMP-MAIN,SUP-A,CLOT-A-AIN-20260615,DEF-FUNC,test,1,True,False,False,fail
QEV-000001803,2026-06-15,2026-06-15T12:00:00,PLOT-00000962,FAC-MX,LINE-MX-01,PROD-X200,COMP-MEM,SUP-B,CLOT-B-MEM-20260615,DEF-MEM,test,1,True,False,False,fail
QEV-000001804,2026-06-15,2026-06-15T12:00:00,PLOT-00000962,FAC-MX,LINE-MX-01,PROD-X200,COMP-MEM,SUP-E,CLOT-E-MEM-20260615,DEF-MEM,test,1,True,False,False,fail
QEV-000001805,2026-06-15,2026-06-15T12:00:00,PLOT-00000962,FAC-MX,LINE-MX-01,PROD-X200,COMP-NET,SUP-H,CLOT-H-NET-20260615,DEF-FUNC,test,1,True,True,False,rework
QEV-000001806,2026-06-15,2026-06-15T12:00:00,PLOT-00000963,FAC-MX,LINE-MX-02,PROD-X100,COMP-PWR,SUP-C,CLOT-C-PWR-20260615,DEF-VOLT,test,1,True,True,False,rework
QEV-000001807,2026-06-15,2026-06-15T12:00:00,PLOT-00000964,FAC-MY,LINE-MY-01,PROD-S100,COMP-NET,SUP-D,CLOT-D-NET-20260615,DEF-CONN,in_process,1,True,True,False,rework
QEV-000001808,2026-06-15,2026-06-15T12:00:00,PLOT-00000965,FAC-MY,LINE-MY-03,PROD-C100,COMP-COOL,SUP-B,CLOT-B-OOL-20260615,DEF-THERM,test,1,True,False,False,fail
QEV-000001809,2026-06-15,2026-06-15T12:00:00,PLOT-00000965,FAC-MY,LINE-MY-03,PROD-C100,COMP-NET,SUP-H,CLOT-H-NET-20260615,DEF-CONN,in_process,1,True,False,False,fail
QEV-000001810,2026-06-16,2026-06-16T12:00:00,PLOT-00000967,FAC-TW,LINE-TW-02,PROD-X100,COMP-MAIN,SUP-A,CLOT-A-AIN-20260616,DEF-FUNC,test,1,True,False,True,scrap
QEV-000001811,2026-06-16,2026-06-16T12:00:00,PLOT-00000967,FAC-TW,LINE-TW-02,PROD-X100,COMP-MAIN,SUP-C,CLOT-C-AIN-20260616,DEF-VOLT,test,1,True,True,False,rework
QEV-000001812,2026-06-16,2026-06-16T12:00:00,PLOT-00000968,FAC-MX,LINE-MX-01,PROD-X200,COMP-COOL,SUP-H,CLOT-H-OOL-20260616,DEF-THERM,test,1,True,True,False,rework
QEV-000001813,2026-06-16,2026-06-16T12:00:00,PLOT-00000968,FAC-MX,LINE-MX-01,PROD-X200,COMP-MAIN,SUP-A,CLOT-A-AIN-20260616,DEF-ASSY,in_process,1,True,False,False,fail
QEV-000001814,2026-06-16,2026-06-16T12:00:00,PLOT-00000968,FAC-MX,LINE-MX-01,PROD-X200,COMP-MEM,SUP-A,CLOT-A-MEM-20260616,DEF-MEM,test,1,True,False,False,fail
QEV-000001815,2026-06-16,2026-06-16T12:00:00,PLOT-00000968,FAC-MX,LINE-MX-01,PROD-X200,COMP-PWR,SUP-C,CLOT-C-PWR-20260616,DEF-VOLT,test,1,True,False,False,fail
QEV-000001816,2026-06-16,2026-06-16T12:00:00,PLOT-00000968,FAC-MX,LINE-MX-01,PROD-X200,COMP-PWR,SUP-G,CLOT-G-PWR-20260616,DEF-CONN,in_process,1,True,True,False,rework
QEV-000001817,2026-06-16,2026-06-16T12:00:00,PLOT-00000969,FAC-MX,LINE-MX-02,PROD-S100,COMP-PWR,SUP-H,CLOT-H-PWR-20260616,DEF-VOLT,test,1,True,True,False,rework
QEV-000001818,2026-06-16,2026-06-16T12:00:00,PLOT-00000970,FAC-MY,LINE-MY-01,PROD-N100,COMP-PWR,SUP-C,CLOT-C-PWR-20260616,DEF-VOLT,test,1,True,True,False,rework
QEV-000001819,2026-06-16,2026-06-16T12:00:00,PLOT-00000970,FAC-MY,LINE-MY-01,PROD-N100,COMP-STOR,SUP-A,CLOT-A-TOR-20260616,DEF-FUNC,test,1,True,True,False,rework
QEV-000001820,2026-06-16,2026-06-16T12:00:00,PLOT-00000971,FAC-MY,LINE-MY-03,PROD-S100,COMP-MEM,SUP-D,CLOT-D-MEM-20260616,DEF-MEM,test,1,True,False,True,scrap
QEV-000001821,2026-06-17,2026-06-17T12:00:00,PLOT-00000972,FAC-TW,LINE-TW-01,PROD-X200,COMP-MAIN,SUP-A,CLOT-A-AIN-20260617,DEF-VOLT,test,1,True,True,False,rework
QEV-000001822,2026-06-17,2026-06-17T12:00:00,PLOT-00000972,FAC-TW,LINE-TW-01,PROD-X200,COMP-NET,SUP-C,CLOT-C-NET-20260617,DEF-CONN,in_process,1,True,False,True,scrap
QEV-000001823,2026-06-17,2026-06-17T12:00:00,PLOT-00000974,FAC-MX,LINE-MX-01,PROD-X200,COMP-MAIN,SUP-H,CLOT-H-AIN-20260617,DEF-VOLT,test,1,True,True,False,rework
QEV-000001824,2026-06-17,2026-06-17T12:00:00,PLOT-00000974,FAC-MX,LINE-MX-01,PROD-X200,COMP-STOR,SUP-E,CLOT-E-TOR-20260617,DEF-ASSY,in_process,1,True,True,False,rework
QEV-000001825,2026-06-17,2026-06-17T12:00:00,PLOT-00000974,FAC-MX,LINE-MX-01,PROD-X200,COMP-STOR,SUP-F,CLOT-F-TOR-20260617,DEF-FUNC,test,1,True,False,False,fail
QEV-000001826,2026-06-17,2026-06-17T12:00:00,PLOT-00000975,FAC-MX,LINE-MX-02,PROD-S100,COMP-MAIN,SUP-B,CLOT-B-AIN-20260617,DEF-VOLT,test,1,True,True,False,rework
QEV-000001827,2026-06-17,2026-06-17T12:00:00,PLOT-00000975,FAC-MX,LINE-MX-02,PROD-S100,COMP-MEM,SUP-E,CLOT-E-MEM-20260617,DEF-MEM,test,1,True,True,False,rework
QEV-000001828,2026-06-17,2026-06-17T12:00:00,PLOT-00000976,FAC-MY,LINE-MY-01,PROD-X200,COMP-COOL,SUP-C,CLOT-C-OOL-20260617,DEF-THERM,test,1,True,False,False,fail
QEV-000001829,2026-06-17,2026-06-17T12:00:00,PLOT-00000976,FAC-MY,LINE-MY-01,PROD-X200,COMP-COOL,SUP-G,CLOT-G-OOL-20260617,DEF-THERM,test,1,True,False,True,scrap
QEV-000001830,2026-06-17,2026-06-17T12:00:00,PLOT-00000976,FAC-MY,LINE-MY-01,PROD-X200,COMP-MEM,SUP-D,CLOT-D-MEM-20260617,DEF-MEM,test,1,True,True,False,rework
QEV-000001831,2026-06-17,2026-06-17T12:00:00,PLOT-00000976,FAC-MY,LINE-MY-01,PROD-X200,COMP-NET,SUP-G,CLOT-G-NET-20260617,DEF-FUNC,test,1,True,False,True,scrap
QEV-000001832,2026-06-17,2026-06-17T12:00:00,PLOT-00000976,FAC-MY,LINE-MY-01,PROD-X200,COMP-STOR,SUP-D,CLOT-D-TOR-20260617,DEF-FUNC,test,1,True,True,False,rework
QEV-000001833,2026-06-17,2026-06-17T12:00:00,PLOT-00000976,FAC-MY,LINE-MY-01,PROD-X200,COMP-STOR,SUP-F,CLOT-F-TOR-20260617,DEF-CONN,in_process,1,True,True,False,rework
QEV-000001834,2026-06-18,2026-06-18T12:00:00,PLOT-00000978,FAC-TW,LINE-TW-01,PROD-X100,COMP-COOL,SUP-A,CLOT-A-OOL-20260618,DEF-THERM,test,1,True,False,False,fail
QEV-000001835,2026-06-18,2026-06-18T12:00:00,PLOT-00000979,FAC-TW,LINE-TW-02,PROD-N100,COMP-COOL,SUP-A,CLOT-A-OOL-20260618,DEF-THERM,test,1,True,True,False,rework
QEV-000001836,2026-06-18,2026-06-18T12:00:00,PLOT-00000979,FAC-TW,LINE-TW-02,PROD-N100,COMP-PWR,SUP-D,CLOT-D-PWR-20260618,DEF-CONN,in_process,1,True,True,False,rework
QEV-000001837,2026-06-18,2026-06-18T12:00:00,PLOT-00000980,FAC-MX,LINE-MX-01,PROD-X200,COMP-MAIN,SUP-A,CLOT-A-AIN-20260618,DEF-FUNC,test,1,True,False,False,fail
QEV-000001838,2026-06-18,2026-06-18T12:00:00,PLOT-00000980,FAC-MX,LINE-MX-01,PROD-X200,COMP-MEM,SUP-B,CLOT-B-MEM-20260618,DEF-MEM,test,1,True,False,False,fail
QEV-000001839,2026-06-18,2026-06-18T12:00:00,PLOT-00000980,FAC-MX,LINE-MX-01,PROD-X200,COMP-PWR,SUP-B,CLOT-B-PWR-20260618,DEF-CONN,in_process,1,True,False,False,fail
QEV-000001840,2026-06-18,2026-06-18T12:00:00,PLOT-00000980,FAC-MX,LINE-MX-01,PROD-X200,COMP-PWR,SUP-F,CLOT-F-PWR-20260618,DEF-CONN,in_process,1,True,True,False,rework
QEV-000001841,2026-06-18,2026-06-18T12:00:00,PLOT-00000981,FAC-MX,LINE-MX-02,PROD-X200,COMP-STOR,SUP-H,CLOT-H-TOR-20260618,DEF-FUNC,test,1,True,True,False,rework
QEV-000001842,2026-06-18,2026-06-18T12:00:00,PLOT-00000982,FAC-MY,LINE-MY-01,PROD-C100,COMP-NET,SUP-D,CLOT-D-NET-20260618,DEF-CONN,in_process,1,True,False,False,fail
QEV-000001843,2026-06-18,2026-06-18T12:00:00,PLOT-00000983,FAC-MY,LINE-MY-03,PROD-N100,COMP-MEM,SUP-C,CLOT-C-MEM-20260618,DEF-CONN,in_process,1,True,True,False,rework
QEV-000001844,2026-06-19,2026-06-19T12:00:00,PLOT-00000984,FAC-TW,LINE-TW-01,PROD-X100,COMP-MAIN,SUP-B,CLOT-B-AIN-20260619,DEF-FUNC,test,1,True,True,False,rework
QEV-000001845,2026-06-19,2026-06-19T12:00:00,PLOT-00000984,FAC-TW,LINE-TW-01,PROD-X100,COMP-MEM,SUP-B,CLOT-B-MEM-20260619,DEF-MEM,test,1,True,False,False,fail
QEV-000001846,2026-06-19,2026-06-19T12:00:00,PLOT-00000986,FAC-MX,LINE-MX-01,PROD-X200,COMP-COOL,SUP-B,CLOT-B-OOL-20260619,DEF-THERM,test,1,True,False,True,scrap
QEV-000001847,2026-06-19,2026-06-19T12:00:00,PLOT-00000986,FAC-MX,LINE-MX-01,PROD-X200,COMP-MAIN,SUP-C,CLOT-C-AIN-20260619,DEF-FUNC,test,1,True,True,False,rework
QEV-000001848,2026-06-19,2026-06-19T12:00:00,PLOT-00000987,FAC-MX,LINE-MX-02,PROD-X200,COMP-COOL,SUP-B,CLOT-B-OOL-20260619,DEF-ASSY,in_process,1,True,True,False,rework
QEV-000001849,2026-06-19,2026-06-19T12:00:00,PLOT-00000987,FAC-MX,LINE-MX-02,PROD-X200,COMP-STOR,SUP-B,CLOT-B-TOR-20260619,DEF-ASSY,in_process,1,True,False,False,fail
QEV-000001850,2026-06-19,2026-06-19T12:00:00,PLOT-00000988,FAC-MY,LINE-MY-01,PROD-C100,COMP-NET,SUP-E,CLOT-E-NET-20260619,DEF-ASSY,in_process,1,True,True,False,rework
QEV-000001851,2026-06-19,2026-06-19T12:00:00,PLOT-00000989,FAC-MY,LINE-MY-03,PROD-C100,COMP-MAIN,SUP-A,CLOT-A-AIN-20260619,DEF-VOLT,test,1,True,False,False,fail
QEV-000001852,2026-06-20,2026-06-20T12:00:00,PLOT-00000990,FAC-TW,LINE-TW-01,PROD-S100,COMP-COOL,SUP-F,CLOT-F-OOL-20260620,DEF-THERM,test,1,True,False,False,fail
QEV-000001853,2026-06-20,2026-06-20T12:00:00,PLOT-00000992,FAC-MX,LINE-MX-01,PROD-X200,COMP-NET,SUP-H,CLOT-H-NET-20260620,DEF-FUNC,test,1,True,False,False,fail
QEV-000001854,2026-06-20,2026-06-20T12:00:00,PLOT-00000992,FAC-MX,LINE-MX-01,PROD-X200,COMP-STOR,SUP-B,CLOT-B-TOR-20260620,DEF-FUNC,test,1,True,True,False,rework
QEV-000001855,2026-06-20,2026-06-20T12:00:00,PLOT-00000993,FAC-MX,LINE-MX-02,PROD-S100,COMP-MAIN,SUP-G,CLOT-G-AIN-20260620,DEF-ASSY,in_process,1,True,True,False,rework
QEV-000001856,2026-06-20,2026-06-20T12:00:00,PLOT-00000993,FAC-MX,LINE-MX-02,PROD-S100,COMP-MEM,SUP-C,CLOT-C-MEM-20260620,DEF-CONN,in_process,1,True,True,False,rework
QEV-000001857,2026-06-20,2026-06-20T12:00:00,PLOT-00000993,FAC-MX,LINE-MX-02,PROD-S100,COMP-MEM,SUP-G,CLOT-G-MEM-20260620,DEF-FUNC,test,1,True,False,True,scrap
QEV-000001858,2026-06-20,2026-06-20T12:00:00,PLOT-00000993,FAC-MX,LINE-MX-02,PROD-S100,COMP-PWR,SUP-H,CLOT-H-PWR-20260620,DEF-VOLT,test,1,True,True,False,rework
QEV-000001859,2026-06-20,2026-06-20T12:00:00,PLOT-00000994,FAC-MY,LINE-MY-01,PROD-C100,COMP-MEM,SUP-E,CLOT-E-MEM-20260620,DEF-MEM,test,1,True,True,False,rework
QEV-000001860,2026-06-20,2026-06-20T12:00:00,PLOT-00000995,FAC-MY,LINE-MY-03,PROD-S100,COMP-COOL,SUP-E,CLOT-E-OOL-20260620,DEF-FUNC,test,1,True,True,False,rework
QEV-000001861,2026-06-21,2026-06-21T12:00:00,PLOT-00000997,FAC-TW,LINE-TW-02,PROD-X200,COMP-STOR,SUP-B,CLOT-B-TOR-20260621,DEF-CONN,in_process,1,True,True,False,rework
QEV-000001862,2026-06-21,2026-06-21T12:00:00,PLOT-00000998,FAC-MX,LINE-MX-01,PROD-X200,COMP-MEM,SUP-D,CLOT-D-MEM-20260621,DEF-MEM,test,1,True,False,False,fail
QEV-000001863,2026-06-21,2026-06-21T12:00:00,PLOT-00000999,FAC-MX,LINE-MX-02,PROD-X200,COMP-COOL,SUP-B,CLOT-B-OOL-20260621,DEF-THERM,test,1,True,True,False,rework
QEV-000001864,2026-06-21,2026-06-21T12:00:00,PLOT-00001000,FAC-MY,LINE-MY-01,PROD-S100,COMP-MEM,SUP-H,CLOT-H-MEM-20260621,DEF-MEM,test,1,True,True,False,rework
QEV-000001865,2026-06-21,2026-06-21T12:00:00,PLOT-00001001,FAC-MY,LINE-MY-03,PROD-C100,COMP-STOR,SUP-H,CLOT-H-TOR-20260621,DEF-FUNC,test,1,True,False,True,scrap
QEV-000001866,2026-06-22,2026-06-22T12:00:00,PLOT-00001002,FAC-TW,LINE-TW-01,PROD-S100,COMP-MAIN,SUP-E,CLOT-E-AIN-20260622,DEF-ASSY,in_process,1,True,True,False,rework
QEV-000001867,2026-06-22,2026-06-22T12:00:00,PLOT-00001003,FAC-TW,LINE-TW-02,PROD-N100,COMP-COOL,SUP-A,CLOT-A-OOL-20260622,DEF-ASSY,in_process,1,True,False,False,fail
QEV-000001868,2026-06-22,2026-06-22T12:00:00,PLOT-00001003,FAC-TW,LINE-TW-02,PROD-N100,COMP-MEM,SUP-F,CLOT-F-MEM-20260622,DEF-MEM,test,1,True,False,False,fail
QEV-000001869,2026-06-22,2026-06-22T12:00:00,PLOT-00001004,FAC-MX,LINE-MX-01,PROD-X200,COMP-MAIN,SUP-E,CLOT-E-AIN-20260622,DEF-FUNC,test,1,True,False,False,fail
QEV-000001870,2026-06-22,2026-06-22T12:00:00,PLOT-00001004,FAC-MX,LINE-MX-01,PROD-X200,COMP-MEM,SUP-A,CLOT-A-MEM-20260622,DEF-FUNC,test,1,True,False,True,scrap
QEV-000001871,2026-06-22,2026-06-22T12:00:00,PLOT-00001004,FAC-MX,LINE-MX-01,PROD-X200,COMP-STOR,SUP-G,CLOT-G-TOR-20260622,DEF-CONN,in_process,1,True,False,False,fail
QEV-000001872,2026-06-22,2026-06-22T12:00:00,PLOT-00001005,FAC-MX,LINE-MX-02,PROD-X200,COMP-MAIN,SUP-A,CLOT-A-AIN-20260622,DEF-ASSY,in_process,1,True,True,False,rework
QEV-000001873,2026-06-22,2026-06-22T12:00:00,PLOT-00001005,FAC-MX,LINE-MX-02,PROD-X200,COMP-MAIN,SUP-A,CLOT-A-AIN-20260622,DEF-FUNC,test,1,True,True,False,rework
QEV-000001874,2026-06-22,2026-06-22T12:00:00,PLOT-00001005,FAC-MX,LINE-MX-02,PROD-X200,COMP-MEM,SUP-B,CLOT-B-MEM-20260622,DEF-MEM,test,1,True,True,False,rework
QEV-000001875,2026-06-22,2026-06-22T12:00:00,PLOT-00001005,FAC-MX,LINE-MX-02,PROD-X200,COMP-MEM,SUP-E,CLOT-E-MEM-20260622,DEF-FUNC,test,1,True,False,False,fail
QEV-000001876,2026-06-22,2026-06-22T12:00:00,PLOT-00001005,FAC-MX,LINE-MX-02,PROD-X200,COMP-STOR,SUP-D,CLOT-D-TOR-20260622,DEF-FUNC,test,1,True,False,False,fail
QEV-000001877,2026-06-22,2026-06-22T12:00:00,PLOT-00001006,FAC-MY,LINE-MY-01,PROD-C100,COMP-MEM,SUP-E,CLOT-E-MEM-20260622,DEF-FUNC,test,1,True,False,False,fail
QEV-000001878,2026-06-22,2026-06-22T12:00:00,PLOT-00001007,FAC-MY,LINE-MY-03,PROD-X200,COMP-MAIN,SUP-D,CLOT-D-AIN-20260622,DEF-ASSY,in_process,1,True,True,False,rework
QEV-000001879,2026-06-22,2026-06-22T12:00:00,PLOT-00001007,FAC-MY,LINE-MY-03,PROD-X200,COMP-MAIN,SUP-F,CLOT-F-AIN-20260622,DEF-FUNC,test,1,True,True,False,rework
QEV-000001880,2026-06-22,2026-06-22T12:00:00,PLOT-00001007,FAC-MY,LINE-MY-03,PROD-X200,COMP-MEM,SUP-A,CLOT-A-MEM-20260622,DEF-MEM,test,1,True,True,False,rework
QEV-000001881,2026-06-22,2026-06-22T12:00:00,PLOT-00001007,FAC-MY,LINE-MY-03,PROD-X200,COMP-PWR,SUP-F,CLOT-F-PWR-20260622,DEF-FUNC,test,1,True,True,False,rework
QEV-000001882,2026-06-23,2026-06-23T12:00:00,PLOT-00001009,FAC-TW,LINE-TW-02,PROD-N100,COMP-MAIN,SUP-B,CLOT-B-AIN-20260623,DEF-FUNC,test,1,True,False,False,fail
QEV-000001883,2026-06-23,2026-06-23T12:00:00,PLOT-00001010,FAC-MX,LINE-MX-01,PROD-X200,COMP-MAIN,SUP-A,CLOT-A-AIN-20260623,DEF-ASSY,in_process,1,True,False,True,scrap
QEV-000001884,2026-06-23,2026-06-23T12:00:00,PLOT-00001010,FAC-MX,LINE-MX-01,PROD-X200,COMP-MEM,SUP-E,CLOT-E-MEM-20260623,DEF-MEM,test,1,True,False,False,fail
QEV-000001885,2026-06-23,2026-06-23T12:00:00,PLOT-00001011,FAC-MX,LINE-MX-02,PROD-X200,COMP-PWR,SUP-C,CLOT-C-PWR-20260623,DEF-VOLT,test,1,True,False,False,fail
QEV-000001886,2026-06-23,2026-06-23T12:00:00,PLOT-00001011,FAC-MX,LINE-MX-02,PROD-X200,COMP-PWR,SUP-F,CLOT-F-PWR-20260623,DEF-FUNC,test,1,True,True,False,rework
QEV-000001887,2026-06-23,2026-06-23T12:00:00,PLOT-00001013,FAC-MY,LINE-MY-03,PROD-X200,COMP-MAIN,SUP-F,CLOT-F-AIN-20260623,DEF-ASSY,in_process,1,True,False,False,fail
QEV-000001888,2026-06-24,2026-06-24T12:00:00,PLOT-00001015,FAC-TW,LINE-TW-02,PROD-X100,COMP-MAIN,SUP-D,CLOT-D-AIN-20260624,DEF-FUNC,test,1,True,True,False,rework
QEV-000001889,2026-06-24,2026-06-24T12:00:00,PLOT-00001016,FAC-MX,LINE-MX-01,PROD-X200,COMP-COOL,SUP-A,CLOT-A-OOL-20260624,DEF-THERM,test,1,True,False,False,fail
QEV-000001890,2026-06-24,2026-06-24T12:00:00,PLOT-00001016,FAC-MX,LINE-MX-01,PROD-X200,COMP-MAIN,SUP-B,CLOT-B-AIN-20260624,DEF-VOLT,test,1,True,True,False,rework
QEV-000001891,2026-06-24,2026-06-24T12:00:00,PLOT-00001016,FAC-MX,LINE-MX-01,PROD-X200,COMP-NET,SUP-C,CLOT-C-NET-20260624,DEF-FUNC,test,1,True,False,True,scrap
QEV-000001892,2026-06-24,2026-06-24T12:00:00,PLOT-00001017,FAC-MX,LINE-MX-02,PROD-X200,COMP-MAIN,SUP-H,CLOT-H-AIN-20260624,DEF-ASSY,in_process,1,True,False,True,scrap
QEV-000001893,2026-06-24,2026-06-24T12:00:00,PLOT-00001018,FAC-MY,LINE-MY-01,PROD-X100,COMP-NET,SUP-A,CLOT-A-NET-20260624,DEF-FUNC,test,1,True,True,False,rework
QEV-000001894,2026-06-24,2026-06-24T12:00:00,PLOT-00001018,FAC-MY,LINE-MY-01,PROD-X100,COMP-PWR,SUP-B,CLOT-B-PWR-20260624,DEF-CONN,in_process,1,True,False,False,fail
QEV-000001895,2026-06-24,2026-06-24T12:00:00,PLOT-00001018,FAC-MY,LINE-MY-01,PROD-X100,COMP-PWR,SUP-E,CLOT-E-PWR-20260624,DEF-VOLT,test,1,True,False,False,fail
QEV-000001896,2026-06-24,2026-06-24T12:00:00,PLOT-00001019,FAC-MY,LINE-MY-03,PROD-X100,COMP-COOL,SUP-C,CLOT-C-OOL-20260624,DEF-ASSY,in_process,1,True,True,False,rework
QEV-000001897,2026-06-24,2026-06-24T12:00:00,PLOT-00001019,FAC-MY,LINE-MY-03,PROD-X100,COMP-PWR,SUP-E,CLOT-E-PWR-20260624,DEF-CONN,in_process,1,True,True,False,rework
QEV-000001898,2026-06-24,2026-06-24T12:00:00,PLOT-00001019,FAC-MY,LINE-MY-03,PROD-X100,COMP-STOR,SUP-E,CLOT-E-TOR-20260624,DEF-FUNC,test,1,True,True,False,rework
QEV-000001899,2026-06-25,2026-06-25T12:00:00,PLOT-00001020,FAC-TW,LINE-TW-01,PROD-C100,COMP-PWR,SUP-C,CLOT-C-PWR-20260625,DEF-VOLT,test,1,True,False,False,fail
QEV-000001900,2026-06-25,2026-06-25T12:00:00,PLOT-00001021,FAC-TW,LINE-TW-02,PROD-X100,COMP-MAIN,SUP-E,CLOT-E-AIN-20260625,DEF-FUNC,test,1,True,False,True,scrap
QEV-000001901,2026-06-25,2026-06-25T12:00:00,PLOT-00001021,FAC-TW,LINE-TW-02,PROD-X100,COMP-MAIN,SUP-H,CLOT-H-AIN-20260625,DEF-VOLT,test,1,True,True,False,rework
QEV-000001902,2026-06-25,2026-06-25T12:00:00,PLOT-00001022,FAC-MX,LINE-MX-01,PROD-X200,COMP-MAIN,SUP-A,CLOT-A-AIN-20260625,DEF-FUNC,test,1,True,True,False,rework
QEV-000001903,2026-06-25,2026-06-25T12:00:00,PLOT-00001023,FAC-MX,LINE-MX-02,PROD-X200,COMP-MAIN,SUP-C,CLOT-C-AIN-20260625,DEF-FUNC,test,1,True,True,False,rework
QEV-000001904,2026-06-25,2026-06-25T12:00:00,PLOT-00001023,FAC-MX,LINE-MX-02,PROD-X200,COMP-MAIN,SUP-D,CLOT-D-AIN-20260625,DEF-VOLT,test,1,True,False,True,scrap
QEV-000001905,2026-06-25,2026-06-25T12:00:00,PLOT-00001023,FAC-MX,LINE-MX-02,PROD-X200,COMP-MEM,SUP-F,CLOT-F-MEM-20260625,DEF-MEM,test,1,True,True,False,rework
QEV-000001906,2026-06-25,2026-06-25T12:00:00,PLOT-00001024,FAC-MY,LINE-MY-01,PROD-X100,COMP-MEM,SUP-A,CLOT-A-MEM-20260625,DEF-MEM,test,1,True,True,False,rework
QEV-000001907,2026-06-26,2026-06-26T12:00:00,PLOT-00001026,FAC-TW,LINE-TW-01,PROD-S100,COMP-NET,SUP-G,CLOT-G-NET-20260626,DEF-FUNC,test,1,True,True,False,rework
QEV-000001908,2026-06-26,2026-06-26T12:00:00,PLOT-00001027,FAC-TW,LINE-TW-02,PROD-X200,COMP-MEM,SUP-D,CLOT-D-MEM-20260626,DEF-FUNC,test,1,True,True,False,rework
QEV-000001909,2026-06-26,2026-06-26T12:00:00,PLOT-00001027,FAC-TW,LINE-TW-02,PROD-X200,COMP-PWR,SUP-C,CLOT-C-PWR-20260626,DEF-CONN,in_process,1,True,False,True,scrap
QEV-000001910,2026-06-26,2026-06-26T12:00:00,PLOT-00001027,FAC-TW,LINE-TW-02,PROD-X200,COMP-STOR,SUP-C,CLOT-C-TOR-20260626,DEF-FUNC,test,1,True,False,False,fail
QEV-000001911,2026-06-26,2026-06-26T12:00:00,PLOT-00001028,FAC-MX,LINE-MX-01,PROD-X200,COMP-NET,SUP-H,CLOT-H-NET-20260626,DEF-ASSY,in_process,1,True,False,False,fail
QEV-000001912,2026-06-26,2026-06-26T12:00:00,PLOT-00001028,FAC-MX,LINE-MX-01,PROD-X200,COMP-PWR,SUP-B,CLOT-B-PWR-20260626,DEF-VOLT,test,1,True,True,False,rework
QEV-000001913,2026-06-26,2026-06-26T12:00:00,PLOT-00001029,FAC-MX,LINE-MX-02,PROD-X200,COMP-MAIN,SUP-D,CLOT-D-AIN-20260626,DEF-FUNC,test,1,True,True,False,rework
QEV-000001914,2026-06-26,2026-06-26T12:00:00,PLOT-00001029,FAC-MX,LINE-MX-02,PROD-X200,COMP-PWR,SUP-C,CLOT-C-PWR-20260626,DEF-VOLT,test,1,True,False,False,fail
QEV-000001915,2026-06-26,2026-06-26T12:00:00,PLOT-00001029,FAC-MX,LINE-MX-02,PROD-X200,COMP-STOR,SUP-B,CLOT-B-TOR-20260626,DEF-FUNC,test,1,True,False,True,scrap
QEV-000001916,2026-06-26,2026-06-26T12:00:00,PLOT-00001030,FAC-MY,LINE-MY-01,PROD-X200,COMP-NET,SUP-A,CLOT-A-NET-20260626,DEF-CONN,in_process,1,True,False,False,fail
QEV-000001917,2026-06-26,2026-06-26T12:00:00,PLOT-00001030,FAC-MY,LINE-MY-01,PROD-X200,COMP-PWR,SUP-A,CLOT-A-PWR-20260626,DEF-FUNC,test,1,True,True,False,rework
QEV-000001918,2026-06-26,2026-06-26T12:00:00,PLOT-00001030,FAC-MY,LINE-MY-01,PROD-X200,COMP-STOR,SUP-H,CLOT-H-TOR-20260626,DEF-FUNC,test,1,True,False,False,fail
QEV-000001919,2026-06-26,2026-06-26T12:00:00,PLOT-00001031,FAC-MY,LINE-MY-03,PROD-X100,COMP-COOL,SUP-A,CLOT-A-OOL-20260626,DEF-FUNC,test,1,True,True,False,rework
QEV-000001920,2026-06-26,2026-06-26T12:00:00,PLOT-00001031,FAC-MY,LINE-MY-03,PROD-X100,COMP-COOL,SUP-G,CLOT-G-OOL-20260626,DEF-THERM,test,1,True,True,False,rework
QEV-000001921,2026-06-26,2026-06-26T12:00:00,PLOT-00001031,FAC-MY,LINE-MY-03,PROD-X100,COMP-NET,SUP-F,CLOT-F-NET-20260626,DEF-ASSY,in_process,1,True,False,True,scrap
QEV-000001922,2026-06-26,2026-06-26T12:00:00,PLOT-00001031,FAC-MY,LINE-MY-03,PROD-X100,COMP-STOR,SUP-B,CLOT-B-TOR-20260626,DEF-FUNC,test,1,True,True,False,rework
QEV-000001923,2026-06-27,2026-06-27T12:00:00,PLOT-00001032,FAC-TW,LINE-TW-01,PROD-C100,COMP-PWR,SUP-C,CLOT-C-PWR-20260627,DEF-VOLT,test,1,True,False,True,scrap
QEV-000001924,2026-06-27,2026-06-27T12:00:00,PLOT-00001033,FAC-TW,LINE-TW-02,PROD-X200,COMP-COOL,SUP-E,CLOT-E-OOL-20260627,DEF-FUNC,test,1,True,False,True,scrap
QEV-000001925,2026-06-27,2026-06-27T12:00:00,PLOT-00001034,FAC-MX,LINE-MX-01,PROD-N100,COMP-MEM,SUP-F,CLOT-F-MEM-20260627,DEF-MEM,test,1,True,True,False,rework
QEV-000001926,2026-06-27,2026-06-27T12:00:00,PLOT-00001034,FAC-MX,LINE-MX-01,PROD-N100,COMP-STOR,SUP-D,CLOT-D-TOR-20260627,DEF-CONN,in_process,1,True,True,False,rework
QEV-000001927,2026-06-27,2026-06-27T12:00:00,PLOT-00001035,FAC-MX,LINE-MX-02,PROD-X200,COMP-COOL,SUP-C,CLOT-C-OOL-20260627,DEF-THERM,test,1,True,False,False,fail
QEV-000001928,2026-06-27,2026-06-27T12:00:00,PLOT-00001035,FAC-MX,LINE-MX-02,PROD-X200,COMP-COOL,SUP-F,CLOT-F-OOL-20260627,DEF-THERM,test,1,True,True,False,rework
QEV-000001929,2026-06-27,2026-06-27T12:00:00,PLOT-00001035,FAC-MX,LINE-MX-02,PROD-X200,COMP-MAIN,SUP-H,CLOT-H-AIN-20260627,DEF-ASSY,in_process,1,True,False,False,fail
QEV-000001930,2026-06-27,2026-06-27T12:00:00,PLOT-00001036,FAC-MY,LINE-MY-01,PROD-S100,COMP-MEM,SUP-C,CLOT-C-MEM-20260627,DEF-MEM,test,1,True,False,False,fail
QEV-000001931,2026-06-27,2026-06-27T12:00:00,PLOT-00001037,FAC-MY,LINE-MY-03,PROD-S100,COMP-MAIN,SUP-A,CLOT-A-AIN-20260627,DEF-FUNC,test,1,True,True,False,rework
QEV-000001932,2026-06-27,2026-06-27T12:00:00,PLOT-00001037,FAC-MY,LINE-MY-03,PROD-S100,COMP-MAIN,SUP-D,CLOT-D-AIN-20260627,DEF-VOLT,test,1,True,True,False,rework
QEV-000001933,2026-06-28,2026-06-28T12:00:00,PLOT-00001039,FAC-TW,LINE-TW-02,PROD-S100,COMP-NET,SUP-D,CLOT-D-NET-20260628,DEF-FUNC,test,1,True,False,False,fail
QEV-000001934,2026-06-28,2026-06-28T12:00:00,PLOT-00001039,FAC-TW,LINE-TW-02,PROD-S100,COMP-PWR,SUP-D,CLOT-D-PWR-20260628,DEF-VOLT,test,1,True,False,False,fail
QEV-000001935,2026-06-28,2026-06-28T12:00:00,PLOT-00001040,FAC-MX,LINE-MX-01,PROD-C100,COMP-COOL,SUP-F,CLOT-F-OOL-20260628,DEF-THERM,test,1,True,False,True,scrap
QEV-000001936,2026-06-28,2026-06-28T12:00:00,PLOT-00001040,FAC-MX,LINE-MX-01,PROD-C100,COMP-MEM,SUP-B,CLOT-B-MEM-20260628,DEF-MEM,test,1,True,False,True,scrap
QEV-000001937,2026-06-28,2026-06-28T12:00:00,PLOT-00001041,FAC-MX,LINE-MX-02,PROD-X200,COMP-MAIN,SUP-C,CLOT-C-AIN-20260628,DEF-FUNC,test,1,True,True,False,rework
QEV-000001938,2026-06-28,2026-06-28T12:00:00,PLOT-00001041,FAC-MX,LINE-MX-02,PROD-X200,COMP-MEM,SUP-D,CLOT-D-MEM-20260628,DEF-FUNC,test,1,True,True,False,rework
QEV-000001939,2026-06-28,2026-06-28T12:00:00,PLOT-00001041,FAC-MX,LINE-MX-02,PROD-X200,COMP-MEM,SUP-E,CLOT-E-MEM-20260628,DEF-FUNC,test,1,True,False,True,scrap
QEV-000001940,2026-06-28,2026-06-28T12:00:00,PLOT-00001041,FAC-MX,LINE-MX-02,PROD-X200,COMP-NET,SUP-A,CLOT-A-NET-20260628,DEF-FUNC,test,1,True,True,False,rework
QEV-000001941,2026-06-28,2026-06-28T12:00:00,PLOT-00001041,FAC-MX,LINE-MX-02,PROD-X200,COMP-STOR,SUP-G,CLOT-G-TOR-20260628,DEF-FUNC,test,1,True,False,False,fail
QEV-000001942,2026-06-28,2026-06-28T12:00:00,PLOT-00001042,FAC-MY,LINE-MY-01,PROD-X100,COMP-MAIN,SUP-A,CLOT-A-AIN-20260628,DEF-FUNC,test,1,True,True,False,rework
QEV-000001943,2026-06-28,2026-06-28T12:00:00,PLOT-00001042,FAC-MY,LINE-MY-01,PROD-X100,COMP-PWR,SUP-A,CLOT-A-PWR-20260628,DEF-FUNC,test,1,True,True,False,rework
QEV-000001944,2026-06-28,2026-06-28T12:00:00,PLOT-00001043,FAC-MY,LINE-MY-03,PROD-X200,COMP-MAIN,SUP-B,CLOT-B-AIN-20260628,DEF-FUNC,test,1,True,False,False,fail
QEV-000001945,2026-06-29,2026-06-29T12:00:00,PLOT-00001044,FAC-TW,LINE-TW-01,PROD-X200,COMP-STOR,SUP-C,CLOT-C-TOR-20260629,DEF-FUNC,test,1,True,False,True,scrap
QEV-000001946,2026-06-29,2026-06-29T12:00:00,PLOT-00001046,FAC-MX,LINE-MX-01,PROD-C100,COMP-MAIN,SUP-H,CLOT-H-AIN-20260629,DEF-ASSY,in_process,1,True,True,False,rework
QEV-000001947,2026-06-29,2026-06-29T12:00:00,PLOT-00001046,FAC-MX,LINE-MX-01,PROD-C100,COMP-PWR,SUP-A,CLOT-A-PWR-20260629,DEF-VOLT,test,1,True,False,False,fail
QEV-000001948,2026-06-29,2026-06-29T12:00:00,PLOT-00001046,FAC-MX,LINE-MX-01,PROD-C100,COMP-PWR,SUP-H,CLOT-H-PWR-20260629,DEF-VOLT,test,1,True,True,False,rework
QEV-000001949,2026-06-29,2026-06-29T12:00:00,PLOT-00001047,FAC-MX,LINE-MX-02,PROD-X200,COMP-MAIN,SUP-E,CLOT-E-AIN-20260629,DEF-FUNC,test,1,True,False,False,fail
QEV-000001950,2026-06-29,2026-06-29T12:00:00,PLOT-00001048,FAC-MY,LINE-MY-01,PROD-X200,COMP-NET,SUP-A,CLOT-A-NET-20260629,DEF-FUNC,test,1,True,True,False,rework
QEV-000001951,2026-06-29,2026-06-29T12:00:00,PLOT-00001048,FAC-MY,LINE-MY-01,PROD-X200,COMP-PWR,SUP-D,CLOT-D-PWR-20260629,DEF-VOLT,test,1,True,False,False,fail
QEV-000001952,2026-06-29,2026-06-29T12:00:00,PLOT-00001048,FAC-MY,LINE-MY-01,PROD-X200,COMP-STOR,SUP-D,CLOT-D-TOR-20260629,DEF-FUNC,test,1,True,True,False,rework
QEV-000001953,2026-06-29,2026-06-29T12:00:00,PLOT-00001049,FAC-MY,LINE-MY-03,PROD-N100,COMP-PWR,SUP-A,CLOT-A-PWR-20260629,DEF-VOLT,test,1,True,False,True,scrap
QEV-000001954,2026-06-29,2026-06-29T12:00:00,PLOT-00001049,FAC-MY,LINE-MY-03,PROD-N100,COMP-STOR,SUP-B,CLOT-B-TOR-20260629,DEF-FUNC,test,1,True,True,False,rework
QEV-000001955,2026-06-30,2026-06-30T12:00:00,PLOT-00001050,FAC-TW,LINE-TW-01,PROD-X100,COMP-NET,SUP-B,CLOT-B-NET-20260630,DEF-ASSY,in_process,1,True,False,False,fail
QEV-000001956,2026-06-30,2026-06-30T12:00:00,PLOT-00001050,FAC-TW,LINE-TW-01,PROD-X100,COMP-STOR,SUP-A,CLOT-A-TOR-20260630,DEF-CONN,in_process,1,True,True,False,rework
QEV-000001957,2026-06-30,2026-06-30T12:00:00,PLOT-00001051,FAC-TW,LINE-TW-02,PROD-N100,COMP-MEM,SUP-F,CLOT-F-MEM-20260630,DEF-MEM,test,1,True,True,False,rework
QEV-000001958,2026-06-30,2026-06-30T12:00:00,PLOT-00001051,FAC-TW,LINE-TW-02,PROD-N100,COMP-PWR,SUP-F,CLOT-F-PWR-20260630,DEF-VOLT,test,1,True,False,False,fail
QEV-000001959,2026-06-30,2026-06-30T12:00:00,PLOT-00001052,FAC-MX,LINE-MX-01,PROD-X200,COMP-COOL,SUP-B,CLOT-B-OOL-20260630,DEF-THERM,test,1,True,False,False,fail
QEV-000001960,2026-06-30,2026-06-30T12:00:00,PLOT-00001052,FAC-MX,LINE-MX-01,PROD-X200,COMP-COOL,SUP-D,CLOT-D-OOL-20260630,DEF-THERM,test,1,True,False,False,fail
QEV-000001961,2026-06-30,2026-06-30T12:00:00,PLOT-00001053,FAC-MX,LINE-MX-02,PROD-X200,COMP-COOL,SUP-G,CLOT-G-OOL-20260630,DEF-THERM,test,1,True,False,False,fail
QEV-000001962,2026-06-30,2026-06-30T12:00:00,PLOT-00001053,FAC-MX,LINE-MX-02,PROD-X200,COMP-NET,SUP-C,CLOT-C-NET-20260630,DEF-FUNC,test,1,True,False,False,fail
QEV-000001963,2026-06-30,2026-06-30T12:00:00,PLOT-00001054,FAC-MY,LINE-MY-01,PROD-S100,COMP-COOL,SUP-D,CLOT-D-OOL-20260630,DEF-FUNC,test,1,True,True,False,rework
QEV-000001964,2026-06-30,2026-06-30T12:00:00,PLOT-00001054,FAC-MY,LINE-MY-01,PROD-S100,COMP-NET,SUP-E,CLOT-E-NET-20260630,DEF-FUNC,test,1,True,True,False,rework
QEV-000001965,2026-06-30,2026-06-30T12:00:00,PLOT-00001054,FAC-MY,LINE-MY-01,PROD-S100,COMP-PWR,SUP-H,CLOT-H-PWR-20260630,DEF-FUNC,test,1,True,True,False,rework
QEV-000001966,2026-06-30,2026-06-30T12:00:00,PLOT-00001055,FAC-MY,LINE-MY-03,PROD-C100,COMP-MAIN,SUP-H,CLOT-H-AIN-20260630,DEF-FUNC,test,1,True,True,False,rework
QEV-000001967,2026-06-30,2026-06-30T12:00:00,PLOT-00001055,FAC-MY,LINE-MY-03,PROD-C100,COMP-MEM,SUP-D,CLOT-D-MEM-20260630,DEF-MEM,test,1,True,False,False,fail
